Technique,Scenario,Period,Optimizer Seed,Unique Plans Evaluated,Best Fitness
GA,Baseline,Morning,101,12,3.4919480885302527
GA,Baseline,Morning,101,20,3.46160924346844
GA,Baseline,Morning,101,27,3.41761622707104
GA,Baseline,Morning,101,32,3.4113061234238904
GA,Baseline,Morning,101,36,3.408147510982821
GA,Baseline,Morning,101,43,3.408147510982821
GA,Baseline,Morning,101,45,3.3921114922372433
GA,Baseline,Morning,101,48,3.3921114922372433
GA,Baseline,Morning,101,51,3.3921114922372433
GA,Baseline,Morning,101,54,3.3921114922372433
GA,Baseline,Morning,101,57,3.3921114922372433
GA,Baseline,Morning,101,57,3.3921114922372433
GA,Baseline,Morning,101,58,3.3921114922372433
GA,Baseline,Morning,101,59,3.3921114922372433
GA,Baseline,Morning,101,60,3.3921114922372433
GA,Baseline,Morning,101,61,3.3921114922372433
GA,Baseline,Morning,101,63,3.3921114922372433
GA,Baseline,Morning,101,63,3.3921114922372433
GA,Baseline,Morning,101,63,3.3921114922372433
GA,Baseline,Morning,101,63,3.3921114922372433
GA,Baseline,Morning,101,63,3.3921114922372433
GA,Baseline,Morning,101,64,3.3921114922372433
GA,Baseline,Morning,101,64,3.3921114922372433
GA,Baseline,Morning,101,64,3.3921114922372433
GA,Baseline,Morning,101,64,3.3921114922372433
GA,Baseline,Morning,101,64,3.3921114922372433
GA,Baseline,Morning,101,64,3.3921114922372433
GA,Baseline,Morning,101,65,3.3921114922372433
GA,Baseline,Morning,101,65,3.3921114922372433
GA,Baseline,Morning,101,66,3.3921114922372433
GA,Baseline,Morning,101,66,3.3921114922372433
GA,Baseline,Morning,101,66,3.3921114922372433
GA,Baseline,Morning,101,66,3.3921114922372433
GA,Baseline,Morning,101,68,3.3921114922372433
GA,Baseline,Morning,101,68,3.3921114922372433
GA,Baseline,Morning,101,68,3.3921114922372433
GA,Baseline,Morning,101,69,3.3921114922372433
GA,Baseline,Morning,101,70,3.3921114922372433
GA,Baseline,Morning,101,71,3.3921114922372433
GA,Baseline,Morning,101,71,3.3921114922372433
GA,Baseline,Morning,101,71,3.3921114922372433
GA,Baseline,Morning,101,72,3.3921114922372433
GA,Baseline,Morning,101,72,3.3921114922372433
GA,Baseline,Morning,101,72,3.3921114922372433
GA,Baseline,Morning,101,72,3.3921114922372433
GA,Baseline,Morning,101,72,3.3921114922372433
GA,Baseline,Morning,101,72,3.3921114922372433
GA,Baseline,Morning,101,73,3.3921114922372433
GA,Baseline,Morning,101,74,3.3921114922372433
GA,Baseline,Morning,101,74,3.3921114922372433
GA,Baseline,Morning,101,74,3.3921114922372433
GA,Baseline,Morning,101,74,3.3921114922372433
GA,Baseline,Morning,101,74,3.3921114922372433
GA,Baseline,Morning,101,74,3.3921114922372433
GA,Baseline,Morning,101,75,3.3921114922372433
GA,Baseline,Morning,101,75,3.3921114922372433
GA,Baseline,Morning,101,75,3.3921114922372433
GA,Baseline,Morning,101,76,3.3921114922372433
GA,Baseline,Morning,101,76,3.3921114922372433
GA,Baseline,Morning,101,76,3.3921114922372433
GA,Baseline,Morning,101,76,3.3921114922372433
GA,Baseline,Morning,101,77,3.3921114922372433
GA,Baseline,Morning,101,77,3.3921114922372433
GA,Baseline,Morning,101,77,3.3921114922372433
GA,Baseline,Morning,101,77,3.3921114922372433
GA,Baseline,Morning,101,77,3.3921114922372433
GA,Baseline,Morning,101,77,3.3921114922372433
GA,Baseline,Morning,101,78,3.3921114922372433
GA,Baseline,Morning,101,79,3.3921114922372433
GA,Baseline,Morning,101,79,3.3921114922372433
GA,Baseline,Morning,101,79,3.3921114922372433
GA,Baseline,Morning,101,79,3.3921114922372433
GA,Baseline,Morning,101,80,3.3921114922372433
GA,Baseline,Morning,101,80,3.3921114922372433
GA,Baseline,Morning,101,81,3.3921114922372433
GA,Baseline,Morning,101,81,3.3921114922372433
GA,Baseline,Morning,101,81,3.3921114922372433
GA,Baseline,Morning,101,81,3.3921114922372433
GA,Baseline,Morning,101,82,3.3921114922372433
GA,Baseline,Morning,101,82,3.3921114922372433
GA,Baseline,Morning,101,82,3.3921114922372433
GA,Baseline,Morning,101,82,3.3921114922372433
GA,Baseline,Morning,101,82,3.3921114922372433
GA,Baseline,Morning,101,82,3.3921114922372433
GA,Baseline,Morning,101,84,3.3921114922372433
GA,Baseline,Morning,101,85,3.3921114922372433
GA,Baseline,Morning,101,86,3.3921114922372433
GA,Baseline,Morning,101,86,3.3921114922372433
GA,Baseline,Morning,101,86,3.3921114922372433
GA,Baseline,Morning,101,86,3.3921114922372433
GA,Baseline,Morning,101,86,3.3921114922372433
GA,Baseline,Morning,101,86,3.3921114922372433
GA,Baseline,Morning,101,87,3.3921114922372433
GA,Baseline,Morning,101,87,3.3921114922372433
GA,Baseline,Morning,101,87,3.3921114922372433
GA,Baseline,Morning,101,87,3.3921114922372433
GA,Baseline,Morning,101,87,3.3921114922372433
GA,Baseline,Morning,101,87,3.3921114922372433
GA,Baseline,Morning,101,88,3.3921114922372433
GA,Baseline,Morning,101,88,3.3921114922372433
GA,Baseline,Morning,101,88,3.3921114922372433
GA,Baseline,Morning,101,88,3.3921114922372433
GA,Baseline,Morning,101,88,3.3921114922372433
GA,Baseline,Morning,101,88,3.3921114922372433
GA,Baseline,Morning,101,89,3.3921114922372433
GA,Baseline,Morning,101,89,3.3921114922372433
GA,Baseline,Morning,101,90,3.3921114922372433
GA,Baseline,Morning,101,91,3.3921114922372433
GA,Baseline,Morning,101,91,3.3921114922372433
GA,Baseline,Morning,101,91,3.3921114922372433
GA,Baseline,Morning,101,91,3.3921114922372433
GA,Baseline,Morning,101,91,3.3921114922372433
GA,Baseline,Morning,101,91,3.3921114922372433
GA,Baseline,Morning,101,92,3.3921114922372433
GA,Baseline,Morning,101,93,3.3921114922372433
GA,Baseline,Morning,101,94,3.3921114922372433
GA,Baseline,Morning,101,95,3.3921114922372433
GA,Baseline,Morning,101,95,3.3921114922372433
GA,Baseline,Morning,101,95,3.3921114922372433
GA,Baseline,Morning,101,95,3.3921114922372433
GA,Baseline,Morning,101,95,3.3921114922372433
GA,Baseline,Morning,101,95,3.3921114922372433
GA,Baseline,Morning,101,96,3.3921114922372433
GA,Baseline,Morning,101,96,3.3921114922372433
GA,Baseline,Morning,101,96,3.3921114922372433
GA,Baseline,Morning,101,96,3.3921114922372433
GA,Baseline,Morning,101,96,3.3921114922372433
GA,Baseline,Morning,101,96,3.3921114922372433
GA,Baseline,Morning,101,97,3.3921114922372433
GA,Baseline,Morning,101,97,3.3921114922372433
GA,Baseline,Morning,101,97,3.3921114922372433
GA,Baseline,Morning,101,97,3.3921114922372433
GA,Baseline,Morning,101,97,3.3921114922372433
GA,Baseline,Morning,101,97,3.3921114922372433
GA,Baseline,Morning,101,98,3.3921114922372433
GA,Baseline,Morning,101,98,3.3921114922372433
GA,Baseline,Morning,101,98,3.3921114922372433
GA,Baseline,Morning,101,98,3.3921114922372433
GA,Baseline,Morning,101,98,3.3921114922372433
GA,Baseline,Morning,101,98,3.3921114922372433
GA,Baseline,Morning,101,99,3.3921114922372433
GA,Baseline,Morning,101,99,3.3921114922372433
GA,Baseline,Morning,101,99,3.3921114922372433
GA,Baseline,Morning,101,99,3.3921114922372433
GA,Baseline,Morning,101,99,3.3921114922372433
GA,Baseline,Morning,101,99,3.3921114922372433
GA,Baseline,Morning,101,100,3.3921114922372433
GA,Baseline,Morning,202,12,3.4919480885302527
GA,Baseline,Morning,202,20,3.4919480885302527
GA,Baseline,Morning,202,29,3.4430936046473732
GA,Baseline,Morning,202,38,3.3921114922372433
GA,Baseline,Morning,202,43,3.3921114922372433
GA,Baseline,Morning,202,48,3.3921114922372433
GA,Baseline,Morning,202,52,3.3921114922372433
GA,Baseline,Morning,202,53,3.3921114922372433
GA,Baseline,Morning,202,53,3.3921114922372433
GA,Baseline,Morning,202,54,3.3921114922372433
GA,Baseline,Morning,202,55,3.3921114922372433
GA,Baseline,Morning,202,56,3.3921114922372433
GA,Baseline,Morning,202,57,3.3921114922372433
GA,Baseline,Morning,202,57,3.3921114922372433
GA,Baseline,Morning,202,58,3.3921114922372433
GA,Baseline,Morning,202,60,3.3921114922372433
GA,Baseline,Morning,202,60,3.3921114922372433
GA,Baseline,Morning,202,60,3.3921114922372433
GA,Baseline,Morning,202,61,3.3921114922372433
GA,Baseline,Morning,202,61,3.3921114922372433
GA,Baseline,Morning,202,61,3.3921114922372433
GA,Baseline,Morning,202,61,3.3921114922372433
GA,Baseline,Morning,202,61,3.3921114922372433
GA,Baseline,Morning,202,61,3.3921114922372433
GA,Baseline,Morning,202,62,3.3921114922372433
GA,Baseline,Morning,202,63,3.3921114922372433
GA,Baseline,Morning,202,64,3.3921114922372433
GA,Baseline,Morning,202,65,3.3921114922372433
GA,Baseline,Morning,202,66,3.3921114922372433
GA,Baseline,Morning,202,66,3.3921114922372433
GA,Baseline,Morning,202,66,3.3921114922372433
GA,Baseline,Morning,202,66,3.3921114922372433
GA,Baseline,Morning,202,66,3.3921114922372433
GA,Baseline,Morning,202,67,3.3921114922372433
GA,Baseline,Morning,202,68,3.3921114922372433
GA,Baseline,Morning,202,68,3.3921114922372433
GA,Baseline,Morning,202,69,3.3921114922372433
GA,Baseline,Morning,202,69,3.3921114922372433
GA,Baseline,Morning,202,71,3.3921114922372433
GA,Baseline,Morning,202,72,3.3921114922372433
GA,Baseline,Morning,202,72,3.3921114922372433
GA,Baseline,Morning,202,73,3.3921114922372433
GA,Baseline,Morning,202,73,3.3921114922372433
GA,Baseline,Morning,202,73,3.3921114922372433
GA,Baseline,Morning,202,73,3.3921114922372433
GA,Baseline,Morning,202,73,3.3921114922372433
GA,Baseline,Morning,202,75,3.3921114922372433
GA,Baseline,Morning,202,75,3.3921114922372433
GA,Baseline,Morning,202,76,3.3921114922372433
GA,Baseline,Morning,202,76,3.3921114922372433
GA,Baseline,Morning,202,76,3.3921114922372433
GA,Baseline,Morning,202,76,3.3921114922372433
GA,Baseline,Morning,202,77,3.3921114922372433
GA,Baseline,Morning,202,77,3.3921114922372433
GA,Baseline,Morning,202,78,3.3921114922372433
GA,Baseline,Morning,202,78,3.3921114922372433
GA,Baseline,Morning,202,78,3.3921114922372433
GA,Baseline,Morning,202,79,3.3921114922372433
GA,Baseline,Morning,202,79,3.3921114922372433
GA,Baseline,Morning,202,79,3.3921114922372433
GA,Baseline,Morning,202,79,3.3921114922372433
GA,Baseline,Morning,202,79,3.3921114922372433
GA,Baseline,Morning,202,79,3.3921114922372433
GA,Baseline,Morning,202,81,3.3921114922372433
GA,Baseline,Morning,202,81,3.3921114922372433
GA,Baseline,Morning,202,81,3.3921114922372433
GA,Baseline,Morning,202,81,3.3921114922372433
GA,Baseline,Morning,202,81,3.3921114922372433
GA,Baseline,Morning,202,82,3.3921114922372433
GA,Baseline,Morning,202,82,3.3921114922372433
GA,Baseline,Morning,202,82,3.3921114922372433
GA,Baseline,Morning,202,83,3.3921114922372433
GA,Baseline,Morning,202,83,3.3921114922372433
GA,Baseline,Morning,202,84,3.3921114922372433
GA,Baseline,Morning,202,84,3.3921114922372433
GA,Baseline,Morning,202,84,3.3921114922372433
GA,Baseline,Morning,202,84,3.3921114922372433
GA,Baseline,Morning,202,84,3.3921114922372433
GA,Baseline,Morning,202,84,3.3921114922372433
GA,Baseline,Morning,202,86,3.3921114922372433
GA,Baseline,Morning,202,88,3.3921114922372433
GA,Baseline,Morning,202,88,3.3921114922372433
GA,Baseline,Morning,202,88,3.3921114922372433
GA,Baseline,Morning,202,88,3.3921114922372433
GA,Baseline,Morning,202,88,3.3921114922372433
GA,Baseline,Morning,202,88,3.3921114922372433
GA,Baseline,Morning,202,89,3.3921114922372433
GA,Baseline,Morning,202,89,3.3921114922372433
GA,Baseline,Morning,202,89,3.3921114922372433
GA,Baseline,Morning,202,89,3.3921114922372433
GA,Baseline,Morning,202,89,3.3921114922372433
GA,Baseline,Morning,202,89,3.3921114922372433
GA,Baseline,Morning,202,90,3.3921114922372433
GA,Baseline,Morning,202,90,3.3921114922372433
GA,Baseline,Morning,202,90,3.3921114922372433
GA,Baseline,Morning,202,91,3.3921114922372433
GA,Baseline,Morning,202,91,3.3921114922372433
GA,Baseline,Morning,202,92,3.3921114922372433
GA,Baseline,Morning,202,92,3.3921114922372433
GA,Baseline,Morning,202,92,3.3921114922372433
GA,Baseline,Morning,202,92,3.3921114922372433
GA,Baseline,Morning,202,92,3.3921114922372433
GA,Baseline,Morning,202,92,3.3921114922372433
GA,Baseline,Morning,202,93,3.3921114922372433
GA,Baseline,Morning,202,93,3.3921114922372433
GA,Baseline,Morning,202,93,3.3921114922372433
GA,Baseline,Morning,202,93,3.3921114922372433
GA,Baseline,Morning,202,93,3.3921114922372433
GA,Baseline,Morning,202,93,3.3921114922372433
GA,Baseline,Morning,202,96,3.3921114922372433
GA,Baseline,Morning,202,96,3.3921114922372433
GA,Baseline,Morning,202,96,3.3921114922372433
GA,Baseline,Morning,202,96,3.3921114922372433
GA,Baseline,Morning,202,96,3.3921114922372433
GA,Baseline,Morning,202,96,3.3921114922372433
GA,Baseline,Morning,202,97,3.3921114922372433
GA,Baseline,Morning,202,98,3.3921114922372433
GA,Baseline,Morning,202,98,3.3921114922372433
GA,Baseline,Morning,202,98,3.3921114922372433
GA,Baseline,Morning,202,99,3.3921114922372433
GA,Baseline,Morning,202,99,3.3921114922372433
GA,Baseline,Morning,202,100,3.3921114922372433
GA,Baseline,Morning,303,12,3.4919480885302527
GA,Baseline,Morning,303,20,3.4430936046473732
GA,Baseline,Morning,303,26,3.4430936046473732
GA,Baseline,Morning,303,33,3.4409310872378795
GA,Baseline,Morning,303,36,3.4409310872378795
GA,Baseline,Morning,303,40,3.4263314170817507
GA,Baseline,Morning,303,42,3.4263314170817507
GA,Baseline,Morning,303,47,3.3921114922372433
GA,Baseline,Morning,303,53,3.3921114922372433
GA,Baseline,Morning,303,56,3.3921114922372433
GA,Baseline,Morning,303,57,3.3921114922372433
GA,Baseline,Morning,303,59,3.3921114922372433
GA,Baseline,Morning,303,62,3.3921114922372433
GA,Baseline,Morning,303,62,3.3921114922372433
GA,Baseline,Morning,303,62,3.3921114922372433
GA,Baseline,Morning,303,62,3.3921114922372433
GA,Baseline,Morning,303,63,3.3921114922372433
GA,Baseline,Morning,303,63,3.3921114922372433
GA,Baseline,Morning,303,66,3.3921114922372433
GA,Baseline,Morning,303,66,3.3921114922372433
GA,Baseline,Morning,303,66,3.3921114922372433
GA,Baseline,Morning,303,66,3.3921114922372433
GA,Baseline,Morning,303,66,3.3921114922372433
GA,Baseline,Morning,303,66,3.3921114922372433
GA,Baseline,Morning,303,67,3.3921114922372433
GA,Baseline,Morning,303,67,3.3921114922372433
GA,Baseline,Morning,303,67,3.3921114922372433
GA,Baseline,Morning,303,67,3.3921114922372433
GA,Baseline,Morning,303,67,3.3921114922372433
GA,Baseline,Morning,303,67,3.3921114922372433
GA,Baseline,Morning,303,68,3.3921114922372433
GA,Baseline,Morning,303,68,3.3921114922372433
GA,Baseline,Morning,303,69,3.3921114922372433
GA,Baseline,Morning,303,69,3.3921114922372433
GA,Baseline,Morning,303,69,3.3921114922372433
GA,Baseline,Morning,303,70,3.3921114922372433
GA,Baseline,Morning,303,70,3.3921114922372433
GA,Baseline,Morning,303,70,3.3921114922372433
GA,Baseline,Morning,303,70,3.3921114922372433
GA,Baseline,Morning,303,70,3.3921114922372433
GA,Baseline,Morning,303,70,3.3921114922372433
GA,Baseline,Morning,303,71,3.3921114922372433
GA,Baseline,Morning,303,71,3.3921114922372433
GA,Baseline,Morning,303,71,3.3921114922372433
GA,Baseline,Morning,303,71,3.3921114922372433
GA,Baseline,Morning,303,72,3.3921114922372433
GA,Baseline,Morning,303,72,3.3921114922372433
GA,Baseline,Morning,303,72,3.3921114922372433
GA,Baseline,Morning,303,72,3.3921114922372433
GA,Baseline,Morning,303,72,3.3921114922372433
GA,Baseline,Morning,303,72,3.3921114922372433
GA,Baseline,Morning,303,73,3.3921114922372433
GA,Baseline,Morning,303,74,3.3921114922372433
GA,Baseline,Morning,303,74,3.3921114922372433
GA,Baseline,Morning,303,75,3.3921114922372433
GA,Baseline,Morning,303,75,3.3921114922372433
GA,Baseline,Morning,303,75,3.3921114922372433
GA,Baseline,Morning,303,75,3.3921114922372433
GA,Baseline,Morning,303,75,3.3921114922372433
GA,Baseline,Morning,303,75,3.3921114922372433
GA,Baseline,Morning,303,76,3.3921114922372433
GA,Baseline,Morning,303,76,3.3921114922372433
GA,Baseline,Morning,303,76,3.3921114922372433
GA,Baseline,Morning,303,77,3.3921114922372433
GA,Baseline,Morning,303,78,3.3921114922372433
GA,Baseline,Morning,303,79,3.3921114922372433
GA,Baseline,Morning,303,79,3.3921114922372433
GA,Baseline,Morning,303,79,3.3921114922372433
GA,Baseline,Morning,303,79,3.3921114922372433
GA,Baseline,Morning,303,79,3.3921114922372433
GA,Baseline,Morning,303,79,3.3921114922372433
GA,Baseline,Morning,303,80,3.3921114922372433
GA,Baseline,Morning,303,80,3.3921114922372433
GA,Baseline,Morning,303,81,3.3921114922372433
GA,Baseline,Morning,303,81,3.3921114922372433
GA,Baseline,Morning,303,81,3.3921114922372433
GA,Baseline,Morning,303,81,3.3921114922372433
GA,Baseline,Morning,303,81,3.3921114922372433
GA,Baseline,Morning,303,83,3.3921114922372433
GA,Baseline,Morning,303,83,3.3921114922372433
GA,Baseline,Morning,303,83,3.3921114922372433
GA,Baseline,Morning,303,83,3.3921114922372433
GA,Baseline,Morning,303,83,3.3921114922372433
GA,Baseline,Morning,303,83,3.3921114922372433
GA,Baseline,Morning,303,84,3.3921114922372433
GA,Baseline,Morning,303,84,3.3921114922372433
GA,Baseline,Morning,303,84,3.3921114922372433
GA,Baseline,Morning,303,85,3.3921114922372433
GA,Baseline,Morning,303,85,3.3921114922372433
GA,Baseline,Morning,303,85,3.3921114922372433
GA,Baseline,Morning,303,89,3.3921114922372433
GA,Baseline,Morning,303,91,3.3921114922372433
GA,Baseline,Morning,303,92,3.3921114922372433
GA,Baseline,Morning,303,92,3.3921114922372433
GA,Baseline,Morning,303,92,3.3921114922372433
GA,Baseline,Morning,303,93,3.3921114922372433
GA,Baseline,Morning,303,93,3.3921114922372433
GA,Baseline,Morning,303,93,3.3921114922372433
GA,Baseline,Morning,303,93,3.3921114922372433
GA,Baseline,Morning,303,93,3.3921114922372433
GA,Baseline,Morning,303,93,3.3921114922372433
GA,Baseline,Morning,303,94,3.3921114922372433
GA,Baseline,Morning,303,95,3.3921114922372433
GA,Baseline,Morning,303,95,3.3921114922372433
GA,Baseline,Morning,303,95,3.3921114922372433
GA,Baseline,Morning,303,95,3.3921114922372433
GA,Baseline,Morning,303,95,3.3921114922372433
GA,Baseline,Morning,303,95,3.3921114922372433
GA,Baseline,Morning,303,96,3.3921114922372433
GA,Baseline,Morning,303,96,3.3921114922372433
GA,Baseline,Morning,303,96,3.3921114922372433
GA,Baseline,Morning,303,96,3.3921114922372433
GA,Baseline,Morning,303,96,3.3921114922372433
GA,Baseline,Morning,303,96,3.3921114922372433
GA,Baseline,Morning,303,97,3.3921114922372433
GA,Baseline,Morning,303,98,3.3921114922372433
GA,Baseline,Morning,303,98,3.3921114922372433
GA,Baseline,Morning,303,98,3.3921114922372433
GA,Baseline,Morning,303,98,3.3921114922372433
GA,Baseline,Morning,303,98,3.3921114922372433
GA,Baseline,Morning,303,98,3.3921114922372433
GA,Baseline,Morning,303,99,3.3921114922372433
GA,Baseline,Morning,303,99,3.3921114922372433
GA,Baseline,Morning,303,100,3.3921114922372433
GA,Baseline,Evening,101,12,3.4523100373312814
GA,Baseline,Evening,101,19,3.4074078890488293
GA,Baseline,Evening,101,27,3.4074078890488293
GA,Baseline,Evening,101,31,3.406338633855526
GA,Baseline,Evening,101,35,3.403628197725653
GA,Baseline,Evening,101,40,3.403628197725653
GA,Baseline,Evening,101,47,3.403628197725653
GA,Baseline,Evening,101,50,3.3882671022993422
GA,Baseline,Evening,101,52,3.3882671022993422
GA,Baseline,Evening,101,57,3.3882671022993422
GA,Baseline,Evening,101,59,3.3882671022993422
GA,Baseline,Evening,101,60,3.3882671022993422
GA,Baseline,Evening,101,61,3.3882671022993422
GA,Baseline,Evening,101,65,3.3882671022993422
GA,Baseline,Evening,101,67,3.3882671022993422
GA,Baseline,Evening,101,69,3.3882671022993422
GA,Baseline,Evening,101,71,3.3882671022993422
GA,Baseline,Evening,101,71,3.3882671022993422
GA,Baseline,Evening,101,71,3.3882671022993422
GA,Baseline,Evening,101,71,3.3882671022993422
GA,Baseline,Evening,101,71,3.3882671022993422
GA,Baseline,Evening,101,71,3.3882671022993422
GA,Baseline,Evening,101,73,3.3882671022993422
GA,Baseline,Evening,101,73,3.3882671022993422
GA,Baseline,Evening,101,73,3.3882671022993422
GA,Baseline,Evening,101,73,3.3882671022993422
GA,Baseline,Evening,101,73,3.3882671022993422
GA,Baseline,Evening,101,73,3.3882671022993422
GA,Baseline,Evening,101,74,3.3882671022993422
GA,Baseline,Evening,101,74,3.3882671022993422
GA,Baseline,Evening,101,74,3.3882671022993422
GA,Baseline,Evening,101,74,3.3882671022993422
GA,Baseline,Evening,101,75,3.3882671022993422
GA,Baseline,Evening,101,75,3.3882671022993422
GA,Baseline,Evening,101,76,3.3882671022993422
GA,Baseline,Evening,101,76,3.3882671022993422
GA,Baseline,Evening,101,77,3.3882671022993422
GA,Baseline,Evening,101,77,3.3882671022993422
GA,Baseline,Evening,101,77,3.3882671022993422
GA,Baseline,Evening,101,77,3.3882671022993422
GA,Baseline,Evening,101,77,3.3882671022993422
GA,Baseline,Evening,101,77,3.3882671022993422
GA,Baseline,Evening,101,78,3.3882671022993422
GA,Baseline,Evening,101,78,3.3882671022993422
GA,Baseline,Evening,101,78,3.3882671022993422
GA,Baseline,Evening,101,78,3.3882671022993422
GA,Baseline,Evening,101,79,3.3882671022993422
GA,Baseline,Evening,101,79,3.3882671022993422
GA,Baseline,Evening,101,79,3.3882671022993422
GA,Baseline,Evening,101,79,3.3882671022993422
GA,Baseline,Evening,101,81,3.3882671022993422
GA,Baseline,Evening,101,81,3.3882671022993422
GA,Baseline,Evening,101,81,3.3882671022993422
GA,Baseline,Evening,101,81,3.3882671022993422
GA,Baseline,Evening,101,81,3.3882671022993422
GA,Baseline,Evening,101,82,3.3882671022993422
GA,Baseline,Evening,101,83,3.3882671022993422
GA,Baseline,Evening,101,86,3.3882671022993422
GA,Baseline,Evening,101,89,3.3882671022993422
GA,Baseline,Evening,101,91,3.3882671022993422
GA,Baseline,Evening,101,91,3.3882671022993422
GA,Baseline,Evening,101,91,3.3882671022993422
GA,Baseline,Evening,101,91,3.3882671022993422
GA,Baseline,Evening,101,91,3.3882671022993422
GA,Baseline,Evening,101,91,3.3882671022993422
GA,Baseline,Evening,101,94,3.3882671022993422
GA,Baseline,Evening,101,94,3.3882671022993422
GA,Baseline,Evening,101,95,3.3882671022993422
GA,Baseline,Evening,101,95,3.3882671022993422
GA,Baseline,Evening,101,97,3.3882671022993422
GA,Baseline,Evening,101,98,3.3882671022993422
GA,Baseline,Evening,101,98,3.3882671022993422
GA,Baseline,Evening,101,98,3.3882671022993422
GA,Baseline,Evening,101,98,3.3882671022993422
GA,Baseline,Evening,101,99,3.3882671022993422
GA,Baseline,Evening,101,100,3.3882671022993422
GA,Baseline,Evening,202,12,3.4523100373312814
GA,Baseline,Evening,202,19,3.4265616157923446
GA,Baseline,Evening,202,28,3.417072870633247
GA,Baseline,Evening,202,35,3.4074078890488293
GA,Baseline,Evening,202,41,3.4074078890488293
GA,Baseline,Evening,202,48,3.4074078890488293
GA,Baseline,Evening,202,54,3.4074078890488293
GA,Baseline,Evening,202,59,3.4074078890488293
GA,Baseline,Evening,202,61,3.4074078890488293
GA,Baseline,Evening,202,64,3.3882671022993422
GA,Baseline,Evening,202,66,3.3882671022993422
GA,Baseline,Evening,202,69,3.3882671022993422
GA,Baseline,Evening,202,73,3.3882671022993422
GA,Baseline,Evening,202,76,3.3882671022993422
GA,Baseline,Evening,202,76,3.3882671022993422
GA,Baseline,Evening,202,79,3.3882671022993422
GA,Baseline,Evening,202,79,3.3882671022993422
GA,Baseline,Evening,202,80,3.3882671022993422
GA,Baseline,Evening,202,80,3.3882671022993422
GA,Baseline,Evening,202,81,3.3882671022993422
GA,Baseline,Evening,202,81,3.3882671022993422
GA,Baseline,Evening,202,81,3.3882671022993422
GA,Baseline,Evening,202,83,3.3882671022993422
GA,Baseline,Evening,202,83,3.3882671022993422
GA,Baseline,Evening,202,83,3.3882671022993422
GA,Baseline,Evening,202,83,3.3882671022993422
GA,Baseline,Evening,202,84,3.3882671022993422
GA,Baseline,Evening,202,84,3.3882671022993422
GA,Baseline,Evening,202,84,3.3882671022993422
GA,Baseline,Evening,202,84,3.3882671022993422
GA,Baseline,Evening,202,84,3.3882671022993422
GA,Baseline,Evening,202,84,3.3882671022993422
GA,Baseline,Evening,202,85,3.3882671022993422
GA,Baseline,Evening,202,86,3.3882671022993422
GA,Baseline,Evening,202,86,3.3882671022993422
GA,Baseline,Evening,202,86,3.3882671022993422
GA,Baseline,Evening,202,86,3.3882671022993422
GA,Baseline,Evening,202,86,3.3882671022993422
GA,Baseline,Evening,202,86,3.3882671022993422
GA,Baseline,Evening,202,87,3.3882671022993422
GA,Baseline,Evening,202,87,3.3882671022993422
GA,Baseline,Evening,202,87,3.3882671022993422
GA,Baseline,Evening,202,87,3.3882671022993422
GA,Baseline,Evening,202,87,3.3882671022993422
GA,Baseline,Evening,202,87,3.3882671022993422
GA,Baseline,Evening,202,88,3.3882671022993422
GA,Baseline,Evening,202,88,3.3882671022993422
GA,Baseline,Evening,202,88,3.3882671022993422
GA,Baseline,Evening,202,88,3.3882671022993422
GA,Baseline,Evening,202,89,3.3882671022993422
GA,Baseline,Evening,202,89,3.3882671022993422
GA,Baseline,Evening,202,89,3.3882671022993422
GA,Baseline,Evening,202,91,3.3882671022993422
GA,Baseline,Evening,202,92,3.3882671022993422
GA,Baseline,Evening,202,92,3.3882671022993422
GA,Baseline,Evening,202,92,3.3882671022993422
GA,Baseline,Evening,202,92,3.3882671022993422
GA,Baseline,Evening,202,92,3.3882671022993422
GA,Baseline,Evening,202,93,3.3882671022993422
GA,Baseline,Evening,202,93,3.3882671022993422
GA,Baseline,Evening,202,93,3.3882671022993422
GA,Baseline,Evening,202,93,3.3882671022993422
GA,Baseline,Evening,202,93,3.3882671022993422
GA,Baseline,Evening,202,93,3.3882671022993422
GA,Baseline,Evening,202,94,3.3882671022993422
GA,Baseline,Evening,202,94,3.3882671022993422
GA,Baseline,Evening,202,94,3.3882671022993422
GA,Baseline,Evening,202,94,3.3882671022993422
GA,Baseline,Evening,202,94,3.3882671022993422
GA,Baseline,Evening,202,96,3.3882671022993422
GA,Baseline,Evening,202,96,3.3882671022993422
GA,Baseline,Evening,202,96,3.3882671022993422
GA,Baseline,Evening,202,96,3.3882671022993422
GA,Baseline,Evening,202,97,3.3882671022993422
GA,Baseline,Evening,202,97,3.3882671022993422
GA,Baseline,Evening,202,98,3.3882671022993422
GA,Baseline,Evening,202,98,3.3882671022993422
GA,Baseline,Evening,202,99,3.3882671022993422
GA,Baseline,Evening,202,99,3.3882671022993422
GA,Baseline,Evening,202,100,3.3882671022993422
GA,Baseline,Evening,303,12,3.4523100373312814
GA,Baseline,Evening,303,20,3.418545789795425
GA,Baseline,Evening,303,28,3.418545789795425
GA,Baseline,Evening,303,35,3.418545789795425
GA,Baseline,Evening,303,39,3.417777862070974
GA,Baseline,Evening,303,43,3.417777862070974
GA,Baseline,Evening,303,44,3.417777862070974
GA,Baseline,Evening,303,47,3.417777862070974
GA,Baseline,Evening,303,52,3.417777862070974
GA,Baseline,Evening,303,52,3.417777862070974
GA,Baseline,Evening,303,52,3.417777862070974
GA,Baseline,Evening,303,54,3.417777862070974
GA,Baseline,Evening,303,56,3.417777862070974
GA,Baseline,Evening,303,57,3.400327080968021
GA,Baseline,Evening,303,58,3.400327080968021
GA,Baseline,Evening,303,63,3.400327080968021
GA,Baseline,Evening,303,67,3.400327080968021
GA,Baseline,Evening,303,72,3.400327080968021
GA,Baseline,Evening,303,72,3.400327080968021
GA,Baseline,Evening,303,72,3.400327080968021
GA,Baseline,Evening,303,72,3.400327080968021
GA,Baseline,Evening,303,74,3.400327080968021
GA,Baseline,Evening,303,75,3.400327080968021
GA,Baseline,Evening,303,75,3.400327080968021
GA,Baseline,Evening,303,75,3.400327080968021
GA,Baseline,Evening,303,75,3.400327080968021
GA,Baseline,Evening,303,75,3.400327080968021
GA,Baseline,Evening,303,75,3.400327080968021
GA,Baseline,Evening,303,76,3.400327080968021
GA,Baseline,Evening,303,77,3.400327080968021
GA,Baseline,Evening,303,77,3.400327080968021
GA,Baseline,Evening,303,77,3.400327080968021
GA,Baseline,Evening,303,77,3.400327080968021
GA,Baseline,Evening,303,77,3.400327080968021
GA,Baseline,Evening,303,77,3.400327080968021
GA,Baseline,Evening,303,78,3.400327080968021
GA,Baseline,Evening,303,78,3.400327080968021
GA,Baseline,Evening,303,78,3.400327080968021
GA,Baseline,Evening,303,78,3.400327080968021
GA,Baseline,Evening,303,78,3.400327080968021
GA,Baseline,Evening,303,78,3.400327080968021
GA,Baseline,Evening,303,80,3.400327080968021
GA,Baseline,Evening,303,80,3.400327080968021
GA,Baseline,Evening,303,80,3.400327080968021
GA,Baseline,Evening,303,81,3.400327080968021
GA,Baseline,Evening,303,81,3.400327080968021
GA,Baseline,Evening,303,82,3.400327080968021
GA,Baseline,Evening,303,82,3.400327080968021
GA,Baseline,Evening,303,82,3.400327080968021
GA,Baseline,Evening,303,82,3.400327080968021
GA,Baseline,Evening,303,83,3.400327080968021
GA,Baseline,Evening,303,83,3.400327080968021
GA,Baseline,Evening,303,85,3.400327080968021
GA,Baseline,Evening,303,86,3.400327080968021
GA,Baseline,Evening,303,86,3.400327080968021
GA,Baseline,Evening,303,86,3.400327080968021
GA,Baseline,Evening,303,86,3.400327080968021
GA,Baseline,Evening,303,86,3.400327080968021
GA,Baseline,Evening,303,86,3.400327080968021
GA,Baseline,Evening,303,87,3.400327080968021
GA,Baseline,Evening,303,87,3.400327080968021
GA,Baseline,Evening,303,87,3.400327080968021
GA,Baseline,Evening,303,87,3.400327080968021
GA,Baseline,Evening,303,87,3.400327080968021
GA,Baseline,Evening,303,87,3.400327080968021
GA,Baseline,Evening,303,88,3.400327080968021
GA,Baseline,Evening,303,88,3.400327080968021
GA,Baseline,Evening,303,88,3.400327080968021
GA,Baseline,Evening,303,88,3.400327080968021
GA,Baseline,Evening,303,88,3.400327080968021
GA,Baseline,Evening,303,88,3.400327080968021
GA,Baseline,Evening,303,89,3.400327080968021
GA,Baseline,Evening,303,89,3.400327080968021
GA,Baseline,Evening,303,89,3.400327080968021
GA,Baseline,Evening,303,89,3.400327080968021
GA,Baseline,Evening,303,89,3.400327080968021
GA,Baseline,Evening,303,89,3.400327080968021
GA,Baseline,Evening,303,90,3.400327080968021
GA,Baseline,Evening,303,91,3.400327080968021
GA,Baseline,Evening,303,91,3.400327080968021
GA,Baseline,Evening,303,91,3.400327080968021
GA,Baseline,Evening,303,91,3.400327080968021
GA,Baseline,Evening,303,91,3.400327080968021
GA,Baseline,Evening,303,92,3.400327080968021
GA,Baseline,Evening,303,92,3.400327080968021
GA,Baseline,Evening,303,92,3.400327080968021
GA,Baseline,Evening,303,93,3.400327080968021
GA,Baseline,Evening,303,93,3.400327080968021
GA,Baseline,Evening,303,94,3.400327080968021
GA,Baseline,Evening,303,94,3.400327080968021
GA,Baseline,Evening,303,94,3.400327080968021
GA,Baseline,Evening,303,95,3.400327080968021
GA,Baseline,Evening,303,95,3.400327080968021
GA,Baseline,Evening,303,96,3.400327080968021
GA,Baseline,Evening,303,96,3.400327080968021
GA,Baseline,Evening,303,96,3.400327080968021
GA,Baseline,Evening,303,96,3.400327080968021
GA,Baseline,Evening,303,96,3.400327080968021
GA,Baseline,Evening,303,96,3.400327080968021
GA,Baseline,Evening,303,97,3.400327080968021
GA,Baseline,Evening,303,97,3.400327080968021
GA,Baseline,Evening,303,98,3.400327080968021
GA,Baseline,Evening,303,98,3.400327080968021
GA,Baseline,Evening,303,98,3.400327080968021
GA,Baseline,Evening,303,98,3.400327080968021
GA,Baseline,Evening,303,98,3.400327080968021
GA,Baseline,Evening,303,99,3.400327080968021
GA,Baseline,Evening,303,99,3.400327080968021
GA,Baseline,Evening,303,100,3.400327080968021
GA,High-Demand,Morning,101,12,3.4566580901575286
GA,High-Demand,Morning,101,21,3.4169744879636026
GA,High-Demand,Morning,101,28,3.4169744879636026
GA,High-Demand,Morning,101,35,3.391122614504924
GA,High-Demand,Morning,101,38,3.391122614504924
GA,High-Demand,Morning,101,42,3.391122614504924
GA,High-Demand,Morning,101,44,3.391122614504924
GA,High-Demand,Morning,101,47,3.391122614504924
GA,High-Demand,Morning,101,47,3.391122614504924
GA,High-Demand,Morning,101,47,3.391122614504924
GA,High-Demand,Morning,101,49,3.391122614504924
GA,High-Demand,Morning,101,50,3.391122614504924
GA,High-Demand,Morning,101,50,3.391122614504924
GA,High-Demand,Morning,101,50,3.391122614504924
GA,High-Demand,Morning,101,50,3.391122614504924
GA,High-Demand,Morning,101,51,3.391122614504924
GA,High-Demand,Morning,101,51,3.391122614504924
GA,High-Demand,Morning,101,51,3.391122614504924
GA,High-Demand,Morning,101,51,3.391122614504924
GA,High-Demand,Morning,101,51,3.391122614504924
GA,High-Demand,Morning,101,51,3.391122614504924
GA,High-Demand,Morning,101,52,3.391122614504924
GA,High-Demand,Morning,101,53,3.391122614504924
GA,High-Demand,Morning,101,53,3.391122614504924
GA,High-Demand,Morning,101,53,3.391122614504924
GA,High-Demand,Morning,101,53,3.391122614504924
GA,High-Demand,Morning,101,55,3.391122614504924
GA,High-Demand,Morning,101,56,3.391122614504924
GA,High-Demand,Morning,101,56,3.391122614504924
GA,High-Demand,Morning,101,57,3.391122614504924
GA,High-Demand,Morning,101,57,3.391122614504924
GA,High-Demand,Morning,101,57,3.391122614504924
GA,High-Demand,Morning,101,57,3.391122614504924
GA,High-Demand,Morning,101,57,3.391122614504924
GA,High-Demand,Morning,101,59,3.391122614504924
GA,High-Demand,Morning,101,59,3.391122614504924
GA,High-Demand,Morning,101,59,3.391122614504924
GA,High-Demand,Morning,101,59,3.391122614504924
GA,High-Demand,Morning,101,59,3.391122614504924
GA,High-Demand,Morning,101,59,3.391122614504924
GA,High-Demand,Morning,101,60,3.391122614504924
GA,High-Demand,Morning,101,60,3.391122614504924
GA,High-Demand,Morning,101,60,3.391122614504924
GA,High-Demand,Morning,101,60,3.391122614504924
GA,High-Demand,Morning,101,60,3.391122614504924
GA,High-Demand,Morning,101,60,3.391122614504924
GA,High-Demand,Morning,101,61,3.391122614504924
GA,High-Demand,Morning,101,61,3.391122614504924
GA,High-Demand,Morning,101,61,3.391122614504924
GA,High-Demand,Morning,101,61,3.391122614504924
GA,High-Demand,Morning,101,61,3.391122614504924
GA,High-Demand,Morning,101,61,3.391122614504924
GA,High-Demand,Morning,101,63,3.391122614504924
GA,High-Demand,Morning,101,64,3.391122614504924
GA,High-Demand,Morning,101,64,3.391122614504924
GA,High-Demand,Morning,101,64,3.391122614504924
GA,High-Demand,Morning,101,64,3.391122614504924
GA,High-Demand,Morning,101,64,3.391122614504924
GA,High-Demand,Morning,101,64,3.391122614504924
GA,High-Demand,Morning,101,65,3.391122614504924
GA,High-Demand,Morning,101,65,3.391122614504924
GA,High-Demand,Morning,101,65,3.391122614504924
GA,High-Demand,Morning,101,65,3.391122614504924
GA,High-Demand,Morning,101,65,3.391122614504924
GA,High-Demand,Morning,101,66,3.391122614504924
GA,High-Demand,Morning,101,66,3.391122614504924
GA,High-Demand,Morning,101,67,3.391122614504924
GA,High-Demand,Morning,101,67,3.391122614504924
GA,High-Demand,Morning,101,67,3.391122614504924
GA,High-Demand,Morning,101,67,3.391122614504924
GA,High-Demand,Morning,101,67,3.391122614504924
GA,High-Demand,Morning,101,67,3.391122614504924
GA,High-Demand,Morning,101,68,3.391122614504924
GA,High-Demand,Morning,101,68,3.391122614504924
GA,High-Demand,Morning,101,68,3.391122614504924
GA,High-Demand,Morning,101,69,3.391122614504924
GA,High-Demand,Morning,101,70,3.391122614504924
GA,High-Demand,Morning,101,70,3.391122614504924
GA,High-Demand,Morning,101,70,3.391122614504924
GA,High-Demand,Morning,101,70,3.391122614504924
GA,High-Demand,Morning,101,70,3.391122614504924
GA,High-Demand,Morning,101,71,3.391122614504924
GA,High-Demand,Morning,101,71,3.391122614504924
GA,High-Demand,Morning,101,72,3.391122614504924
GA,High-Demand,Morning,101,72,3.391122614504924
GA,High-Demand,Morning,101,72,3.391122614504924
GA,High-Demand,Morning,101,72,3.391122614504924
GA,High-Demand,Morning,101,73,3.391122614504924
GA,High-Demand,Morning,101,73,3.391122614504924
GA,High-Demand,Morning,101,73,3.391122614504924
GA,High-Demand,Morning,101,74,3.391122614504924
GA,High-Demand,Morning,101,75,3.391122614504924
GA,High-Demand,Morning,101,76,3.391122614504924
GA,High-Demand,Morning,101,76,3.391122614504924
GA,High-Demand,Morning,101,76,3.391122614504924
GA,High-Demand,Morning,101,76,3.391122614504924
GA,High-Demand,Morning,101,76,3.391122614504924
GA,High-Demand,Morning,101,76,3.391122614504924
GA,High-Demand,Morning,101,77,3.391122614504924
GA,High-Demand,Morning,101,77,3.391122614504924
GA,High-Demand,Morning,101,77,3.391122614504924
GA,High-Demand,Morning,101,77,3.391122614504924
GA,High-Demand,Morning,101,77,3.391122614504924
GA,High-Demand,Morning,101,77,3.391122614504924
GA,High-Demand,Morning,101,78,3.391122614504924
GA,High-Demand,Morning,101,78,3.391122614504924
GA,High-Demand,Morning,101,78,3.391122614504924
GA,High-Demand,Morning,101,78,3.391122614504924
GA,High-Demand,Morning,101,80,3.391122614504924
GA,High-Demand,Morning,101,80,3.391122614504924
GA,High-Demand,Morning,101,80,3.391122614504924
GA,High-Demand,Morning,101,80,3.391122614504924
GA,High-Demand,Morning,101,80,3.391122614504924
GA,High-Demand,Morning,101,80,3.391122614504924
GA,High-Demand,Morning,101,81,3.391122614504924
GA,High-Demand,Morning,101,81,3.391122614504924
GA,High-Demand,Morning,101,81,3.391122614504924
GA,High-Demand,Morning,101,81,3.391122614504924
GA,High-Demand,Morning,101,82,3.391122614504924
GA,High-Demand,Morning,101,82,3.391122614504924
GA,High-Demand,Morning,101,82,3.391122614504924
GA,High-Demand,Morning,101,82,3.391122614504924
GA,High-Demand,Morning,101,83,3.391122614504924
GA,High-Demand,Morning,101,83,3.391122614504924
GA,High-Demand,Morning,101,83,3.391122614504924
GA,High-Demand,Morning,101,83,3.391122614504924
GA,High-Demand,Morning,101,83,3.391122614504924
GA,High-Demand,Morning,101,83,3.391122614504924
GA,High-Demand,Morning,101,84,3.391122614504924
GA,High-Demand,Morning,101,84,3.391122614504924
GA,High-Demand,Morning,101,84,3.391122614504924
GA,High-Demand,Morning,101,84,3.391122614504924
GA,High-Demand,Morning,101,84,3.391122614504924
GA,High-Demand,Morning,101,84,3.391122614504924
GA,High-Demand,Morning,101,85,3.391122614504924
GA,High-Demand,Morning,101,85,3.391122614504924
GA,High-Demand,Morning,101,85,3.391122614504924
GA,High-Demand,Morning,101,85,3.391122614504924
GA,High-Demand,Morning,101,87,3.391122614504924
GA,High-Demand,Morning,101,87,3.391122614504924
GA,High-Demand,Morning,101,88,3.391122614504924
GA,High-Demand,Morning,101,88,3.391122614504924
GA,High-Demand,Morning,101,88,3.391122614504924
GA,High-Demand,Morning,101,88,3.391122614504924
GA,High-Demand,Morning,101,88,3.391122614504924
GA,High-Demand,Morning,101,88,3.391122614504924
GA,High-Demand,Morning,101,89,3.391122614504924
GA,High-Demand,Morning,101,89,3.391122614504924
GA,High-Demand,Morning,101,90,3.391122614504924
GA,High-Demand,Morning,101,90,3.391122614504924
GA,High-Demand,Morning,101,90,3.391122614504924
GA,High-Demand,Morning,101,90,3.391122614504924
GA,High-Demand,Morning,101,90,3.391122614504924
GA,High-Demand,Morning,101,90,3.391122614504924
GA,High-Demand,Morning,101,91,3.391122614504924
GA,High-Demand,Morning,101,91,3.391122614504924
GA,High-Demand,Morning,101,91,3.391122614504924
GA,High-Demand,Morning,101,91,3.391122614504924
GA,High-Demand,Morning,101,91,3.391122614504924
GA,High-Demand,Morning,101,91,3.391122614504924
GA,High-Demand,Morning,101,92,3.391122614504924
GA,High-Demand,Morning,101,92,3.391122614504924
GA,High-Demand,Morning,101,92,3.391122614504924
GA,High-Demand,Morning,101,92,3.391122614504924
GA,High-Demand,Morning,101,92,3.391122614504924
GA,High-Demand,Morning,101,93,3.391122614504924
GA,High-Demand,Morning,101,93,3.391122614504924
GA,High-Demand,Morning,101,93,3.391122614504924
GA,High-Demand,Morning,101,93,3.391122614504924
GA,High-Demand,Morning,101,93,3.391122614504924
GA,High-Demand,Morning,101,93,3.391122614504924
GA,High-Demand,Morning,101,94,3.391122614504924
GA,High-Demand,Morning,101,94,3.391122614504924
GA,High-Demand,Morning,101,94,3.391122614504924
GA,High-Demand,Morning,101,94,3.391122614504924
GA,High-Demand,Morning,101,94,3.391122614504924
GA,High-Demand,Morning,101,94,3.391122614504924
GA,High-Demand,Morning,101,95,3.391122614504924
GA,High-Demand,Morning,101,95,3.391122614504924
GA,High-Demand,Morning,101,95,3.391122614504924
GA,High-Demand,Morning,101,95,3.391122614504924
GA,High-Demand,Morning,101,95,3.391122614504924
GA,High-Demand,Morning,101,95,3.391122614504924
GA,High-Demand,Morning,101,96,3.391122614504924
GA,High-Demand,Morning,101,96,3.391122614504924
GA,High-Demand,Morning,101,96,3.391122614504924
GA,High-Demand,Morning,101,96,3.391122614504924
GA,High-Demand,Morning,101,96,3.391122614504924
GA,High-Demand,Morning,101,98,3.391122614504924
GA,High-Demand,Morning,101,98,3.391122614504924
GA,High-Demand,Morning,101,98,3.391122614504924
GA,High-Demand,Morning,101,98,3.391122614504924
GA,High-Demand,Morning,101,98,3.391122614504924
GA,High-Demand,Morning,101,98,3.391122614504924
GA,High-Demand,Morning,101,99,3.391122614504924
GA,High-Demand,Morning,101,99,3.391122614504924
GA,High-Demand,Morning,101,99,3.391122614504924
GA,High-Demand,Morning,101,99,3.391122614504924
GA,High-Demand,Morning,101,100,3.391122614504924
GA,High-Demand,Morning,202,12,3.4566580901575286
GA,High-Demand,Morning,202,22,3.4566580901575286
GA,High-Demand,Morning,202,30,3.4305567263222096
GA,High-Demand,Morning,202,37,3.4060099100152144
GA,High-Demand,Morning,202,41,3.4060099100152144
GA,High-Demand,Morning,202,43,3.4060099100152144
GA,High-Demand,Morning,202,44,3.4060099100152144
GA,High-Demand,Morning,202,46,3.4060099100152144
GA,High-Demand,Morning,202,48,3.4060099100152144
GA,High-Demand,Morning,202,50,3.4060099100152144
GA,High-Demand,Morning,202,50,3.4060099100152144
GA,High-Demand,Morning,202,50,3.4060099100152144
GA,High-Demand,Morning,202,52,3.4060099100152144
GA,High-Demand,Morning,202,52,3.4060099100152144
GA,High-Demand,Morning,202,53,3.404553741036273
GA,High-Demand,Morning,202,54,3.391122614504924
GA,High-Demand,Morning,202,56,3.391122614504924
GA,High-Demand,Morning,202,59,3.391122614504924
GA,High-Demand,Morning,202,61,3.391122614504924
GA,High-Demand,Morning,202,62,3.391122614504924
GA,High-Demand,Morning,202,63,3.391122614504924
GA,High-Demand,Morning,202,66,3.391122614504924
GA,High-Demand,Morning,202,66,3.391122614504924
GA,High-Demand,Morning,202,67,3.391122614504924
GA,High-Demand,Morning,202,67,3.391122614504924
GA,High-Demand,Morning,202,68,3.391122614504924
GA,High-Demand,Morning,202,68,3.391122614504924
GA,High-Demand,Morning,202,70,3.391122614504924
GA,High-Demand,Morning,202,71,3.391122614504924
GA,High-Demand,Morning,202,71,3.391122614504924
GA,High-Demand,Morning,202,71,3.391122614504924
GA,High-Demand,Morning,202,72,3.391122614504924
GA,High-Demand,Morning,202,72,3.391122614504924
GA,High-Demand,Morning,202,72,3.391122614504924
GA,High-Demand,Morning,202,72,3.391122614504924
GA,High-Demand,Morning,202,73,3.391122614504924
GA,High-Demand,Morning,202,73,3.391122614504924
GA,High-Demand,Morning,202,74,3.391122614504924
GA,High-Demand,Morning,202,74,3.391122614504924
GA,High-Demand,Morning,202,75,3.391122614504924
GA,High-Demand,Morning,202,75,3.391122614504924
GA,High-Demand,Morning,202,75,3.391122614504924
GA,High-Demand,Morning,202,75,3.391122614504924
GA,High-Demand,Morning,202,75,3.391122614504924
GA,High-Demand,Morning,202,75,3.391122614504924
GA,High-Demand,Morning,202,76,3.391122614504924
GA,High-Demand,Morning,202,76,3.391122614504924
GA,High-Demand,Morning,202,77,3.391122614504924
GA,High-Demand,Morning,202,77,3.391122614504924
GA,High-Demand,Morning,202,77,3.391122614504924
GA,High-Demand,Morning,202,77,3.391122614504924
GA,High-Demand,Morning,202,77,3.391122614504924
GA,High-Demand,Morning,202,77,3.391122614504924
GA,High-Demand,Morning,202,78,3.391122614504924
GA,High-Demand,Morning,202,78,3.391122614504924
GA,High-Demand,Morning,202,78,3.391122614504924
GA,High-Demand,Morning,202,79,3.391122614504924
GA,High-Demand,Morning,202,79,3.391122614504924
GA,High-Demand,Morning,202,79,3.391122614504924
GA,High-Demand,Morning,202,80,3.391122614504924
GA,High-Demand,Morning,202,80,3.391122614504924
GA,High-Demand,Morning,202,80,3.391122614504924
GA,High-Demand,Morning,202,81,3.391122614504924
GA,High-Demand,Morning,202,81,3.391122614504924
GA,High-Demand,Morning,202,82,3.391122614504924
GA,High-Demand,Morning,202,82,3.391122614504924
GA,High-Demand,Morning,202,82,3.391122614504924
GA,High-Demand,Morning,202,82,3.391122614504924
GA,High-Demand,Morning,202,82,3.391122614504924
GA,High-Demand,Morning,202,82,3.391122614504924
GA,High-Demand,Morning,202,83,3.391122614504924
GA,High-Demand,Morning,202,83,3.391122614504924
GA,High-Demand,Morning,202,83,3.391122614504924
GA,High-Demand,Morning,202,83,3.391122614504924
GA,High-Demand,Morning,202,83,3.391122614504924
GA,High-Demand,Morning,202,83,3.391122614504924
GA,High-Demand,Morning,202,84,3.391122614504924
GA,High-Demand,Morning,202,84,3.391122614504924
GA,High-Demand,Morning,202,84,3.391122614504924
GA,High-Demand,Morning,202,84,3.391122614504924
GA,High-Demand,Morning,202,84,3.391122614504924
GA,High-Demand,Morning,202,84,3.391122614504924
GA,High-Demand,Morning,202,85,3.391122614504924
GA,High-Demand,Morning,202,85,3.391122614504924
GA,High-Demand,Morning,202,85,3.391122614504924
GA,High-Demand,Morning,202,85,3.391122614504924
GA,High-Demand,Morning,202,86,3.391122614504924
GA,High-Demand,Morning,202,86,3.391122614504924
GA,High-Demand,Morning,202,86,3.391122614504924
GA,High-Demand,Morning,202,87,3.391122614504924
GA,High-Demand,Morning,202,88,3.391122614504924
GA,High-Demand,Morning,202,88,3.391122614504924
GA,High-Demand,Morning,202,88,3.391122614504924
GA,High-Demand,Morning,202,88,3.391122614504924
GA,High-Demand,Morning,202,88,3.391122614504924
GA,High-Demand,Morning,202,88,3.391122614504924
GA,High-Demand,Morning,202,89,3.391122614504924
GA,High-Demand,Morning,202,89,3.391122614504924
GA,High-Demand,Morning,202,89,3.391122614504924
GA,High-Demand,Morning,202,89,3.391122614504924
GA,High-Demand,Morning,202,89,3.391122614504924
GA,High-Demand,Morning,202,89,3.391122614504924
GA,High-Demand,Morning,202,90,3.391122614504924
GA,High-Demand,Morning,202,90,3.391122614504924
GA,High-Demand,Morning,202,90,3.391122614504924
GA,High-Demand,Morning,202,90,3.391122614504924
GA,High-Demand,Morning,202,90,3.391122614504924
GA,High-Demand,Morning,202,90,3.391122614504924
GA,High-Demand,Morning,202,91,3.391122614504924
GA,High-Demand,Morning,202,93,3.391122614504924
GA,High-Demand,Morning,202,93,3.391122614504924
GA,High-Demand,Morning,202,93,3.391122614504924
GA,High-Demand,Morning,202,93,3.391122614504924
GA,High-Demand,Morning,202,93,3.391122614504924
GA,High-Demand,Morning,202,93,3.391122614504924
GA,High-Demand,Morning,202,94,3.391122614504924
GA,High-Demand,Morning,202,95,3.391122614504924
GA,High-Demand,Morning,202,96,3.391122614504924
GA,High-Demand,Morning,202,96,3.391122614504924
GA,High-Demand,Morning,202,96,3.391122614504924
GA,High-Demand,Morning,202,96,3.391122614504924
GA,High-Demand,Morning,202,97,3.391122614504924
GA,High-Demand,Morning,202,97,3.391122614504924
GA,High-Demand,Morning,202,97,3.391122614504924
GA,High-Demand,Morning,202,97,3.391122614504924
GA,High-Demand,Morning,202,97,3.391122614504924
GA,High-Demand,Morning,202,97,3.391122614504924
GA,High-Demand,Morning,202,98,3.391122614504924
GA,High-Demand,Morning,202,98,3.391122614504924
GA,High-Demand,Morning,202,98,3.391122614504924
GA,High-Demand,Morning,202,98,3.391122614504924
GA,High-Demand,Morning,202,98,3.391122614504924
GA,High-Demand,Morning,202,98,3.391122614504924
GA,High-Demand,Morning,202,99,3.391122614504924
GA,High-Demand,Morning,202,99,3.391122614504924
GA,High-Demand,Morning,202,100,3.391122614504924
GA,High-Demand,Morning,303,12,3.4566580901575286
GA,High-Demand,Morning,303,20,3.4060099100152144
GA,High-Demand,Morning,303,26,3.4060099100152144
GA,High-Demand,Morning,303,33,3.4060099100152144
GA,High-Demand,Morning,303,37,3.4060099100152144
GA,High-Demand,Morning,303,40,3.404553741036273
GA,High-Demand,Morning,303,43,3.391122614504924
GA,High-Demand,Morning,303,44,3.391122614504924
GA,High-Demand,Morning,303,47,3.391122614504924
GA,High-Demand,Morning,303,48,3.391122614504924
GA,High-Demand,Morning,303,50,3.391122614504924
GA,High-Demand,Morning,303,51,3.391122614504924
GA,High-Demand,Morning,303,51,3.391122614504924
GA,High-Demand,Morning,303,51,3.391122614504924
GA,High-Demand,Morning,303,52,3.391122614504924
GA,High-Demand,Morning,303,52,3.391122614504924
GA,High-Demand,Morning,303,52,3.391122614504924
GA,High-Demand,Morning,303,52,3.391122614504924
GA,High-Demand,Morning,303,53,3.391122614504924
GA,High-Demand,Morning,303,53,3.391122614504924
GA,High-Demand,Morning,303,53,3.391122614504924
GA,High-Demand,Morning,303,53,3.391122614504924
GA,High-Demand,Morning,303,53,3.391122614504924
GA,High-Demand,Morning,303,53,3.391122614504924
GA,High-Demand,Morning,303,54,3.391122614504924
GA,High-Demand,Morning,303,55,3.391122614504924
GA,High-Demand,Morning,303,55,3.391122614504924
GA,High-Demand,Morning,303,55,3.391122614504924
GA,High-Demand,Morning,303,55,3.391122614504924
GA,High-Demand,Morning,303,55,3.391122614504924
GA,High-Demand,Morning,303,55,3.391122614504924
GA,High-Demand,Morning,303,56,3.391122614504924
GA,High-Demand,Morning,303,56,3.391122614504924
GA,High-Demand,Morning,303,56,3.391122614504924
GA,High-Demand,Morning,303,56,3.391122614504924
GA,High-Demand,Morning,303,56,3.391122614504924
GA,High-Demand,Morning,303,56,3.391122614504924
GA,High-Demand,Morning,303,57,3.391122614504924
GA,High-Demand,Morning,303,57,3.391122614504924
GA,High-Demand,Morning,303,57,3.391122614504924
GA,High-Demand,Morning,303,57,3.391122614504924
GA,High-Demand,Morning,303,57,3.391122614504924
GA,High-Demand,Morning,303,57,3.391122614504924
GA,High-Demand,Morning,303,58,3.391122614504924
GA,High-Demand,Morning,303,58,3.391122614504924
GA,High-Demand,Morning,303,58,3.391122614504924
GA,High-Demand,Morning,303,58,3.391122614504924
GA,High-Demand,Morning,303,58,3.391122614504924
GA,High-Demand,Morning,303,59,3.391122614504924
GA,High-Demand,Morning,303,59,3.391122614504924
GA,High-Demand,Morning,303,59,3.391122614504924
GA,High-Demand,Morning,303,59,3.391122614504924
GA,High-Demand,Morning,303,60,3.391122614504924
GA,High-Demand,Morning,303,60,3.391122614504924
GA,High-Demand,Morning,303,60,3.391122614504924
GA,High-Demand,Morning,303,60,3.391122614504924
GA,High-Demand,Morning,303,60,3.391122614504924
GA,High-Demand,Morning,303,60,3.391122614504924
GA,High-Demand,Morning,303,61,3.391122614504924
GA,High-Demand,Morning,303,61,3.391122614504924
GA,High-Demand,Morning,303,61,3.391122614504924
GA,High-Demand,Morning,303,61,3.391122614504924
GA,High-Demand,Morning,303,61,3.391122614504924
GA,High-Demand,Morning,303,61,3.391122614504924
GA,High-Demand,Morning,303,63,3.391122614504924
GA,High-Demand,Morning,303,63,3.391122614504924
GA,High-Demand,Morning,303,63,3.391122614504924
GA,High-Demand,Morning,303,63,3.391122614504924
GA,High-Demand,Morning,303,63,3.391122614504924
GA,High-Demand,Morning,303,63,3.391122614504924
GA,High-Demand,Morning,303,64,3.391122614504924
GA,High-Demand,Morning,303,67,3.391122614504924
GA,High-Demand,Morning,303,67,3.391122614504924
GA,High-Demand,Morning,303,67,3.391122614504924
GA,High-Demand,Morning,303,67,3.391122614504924
GA,High-Demand,Morning,303,67,3.391122614504924
GA,High-Demand,Morning,303,67,3.391122614504924
GA,High-Demand,Morning,303,68,3.391122614504924
GA,High-Demand,Morning,303,69,3.391122614504924
GA,High-Demand,Morning,303,69,3.391122614504924
GA,High-Demand,Morning,303,69,3.391122614504924
GA,High-Demand,Morning,303,69,3.391122614504924
GA,High-Demand,Morning,303,69,3.391122614504924
GA,High-Demand,Morning,303,69,3.391122614504924
GA,High-Demand,Morning,303,70,3.391122614504924
GA,High-Demand,Morning,303,70,3.391122614504924
GA,High-Demand,Morning,303,70,3.391122614504924
GA,High-Demand,Morning,303,70,3.391122614504924
GA,High-Demand,Morning,303,70,3.391122614504924
GA,High-Demand,Morning,303,70,3.391122614504924
GA,High-Demand,Morning,303,71,3.391122614504924
GA,High-Demand,Morning,303,71,3.391122614504924
GA,High-Demand,Morning,303,71,3.391122614504924
GA,High-Demand,Morning,303,71,3.391122614504924
GA,High-Demand,Morning,303,71,3.391122614504924
GA,High-Demand,Morning,303,71,3.391122614504924
GA,High-Demand,Morning,303,72,3.391122614504924
GA,High-Demand,Morning,303,72,3.391122614504924
GA,High-Demand,Morning,303,73,3.391122614504924
GA,High-Demand,Morning,303,74,3.391122614504924
GA,High-Demand,Morning,303,76,3.391122614504924
GA,High-Demand,Morning,303,76,3.391122614504924
GA,High-Demand,Morning,303,77,3.391122614504924
GA,High-Demand,Morning,303,77,3.391122614504924
GA,High-Demand,Morning,303,77,3.391122614504924
GA,High-Demand,Morning,303,77,3.391122614504924
GA,High-Demand,Morning,303,77,3.391122614504924
GA,High-Demand,Morning,303,77,3.391122614504924
GA,High-Demand,Morning,303,78,3.391122614504924
GA,High-Demand,Morning,303,78,3.391122614504924
GA,High-Demand,Morning,303,79,3.391122614504924
GA,High-Demand,Morning,303,79,3.391122614504924
GA,High-Demand,Morning,303,79,3.391122614504924
GA,High-Demand,Morning,303,79,3.391122614504924
GA,High-Demand,Morning,303,79,3.391122614504924
GA,High-Demand,Morning,303,80,3.391122614504924
GA,High-Demand,Morning,303,81,3.391122614504924
GA,High-Demand,Morning,303,81,3.391122614504924
GA,High-Demand,Morning,303,81,3.391122614504924
GA,High-Demand,Morning,303,81,3.391122614504924
GA,High-Demand,Morning,303,81,3.391122614504924
GA,High-Demand,Morning,303,81,3.391122614504924
GA,High-Demand,Morning,303,82,3.391122614504924
GA,High-Demand,Morning,303,84,3.391122614504924
GA,High-Demand,Morning,303,84,3.391122614504924
GA,High-Demand,Morning,303,85,3.391122614504924
GA,High-Demand,Morning,303,85,3.391122614504924
GA,High-Demand,Morning,303,86,3.391122614504924
GA,High-Demand,Morning,303,86,3.391122614504924
GA,High-Demand,Morning,303,86,3.391122614504924
GA,High-Demand,Morning,303,86,3.391122614504924
GA,High-Demand,Morning,303,86,3.391122614504924
GA,High-Demand,Morning,303,86,3.391122614504924
GA,High-Demand,Morning,303,87,3.391122614504924
GA,High-Demand,Morning,303,87,3.391122614504924
GA,High-Demand,Morning,303,87,3.391122614504924
GA,High-Demand,Morning,303,87,3.391122614504924
GA,High-Demand,Morning,303,87,3.391122614504924
GA,High-Demand,Morning,303,87,3.391122614504924
GA,High-Demand,Morning,303,89,3.391122614504924
GA,High-Demand,Morning,303,89,3.391122614504924
GA,High-Demand,Morning,303,89,3.391122614504924
GA,High-Demand,Morning,303,89,3.391122614504924
GA,High-Demand,Morning,303,89,3.391122614504924
GA,High-Demand,Morning,303,89,3.391122614504924
GA,High-Demand,Morning,303,90,3.391122614504924
GA,High-Demand,Morning,303,90,3.391122614504924
GA,High-Demand,Morning,303,90,3.391122614504924
GA,High-Demand,Morning,303,90,3.391122614504924
GA,High-Demand,Morning,303,90,3.391122614504924
GA,High-Demand,Morning,303,92,3.391122614504924
GA,High-Demand,Morning,303,92,3.391122614504924
GA,High-Demand,Morning,303,92,3.391122614504924
GA,High-Demand,Morning,303,93,3.391122614504924
GA,High-Demand,Morning,303,93,3.391122614504924
GA,High-Demand,Morning,303,93,3.391122614504924
GA,High-Demand,Morning,303,93,3.391122614504924
GA,High-Demand,Morning,303,93,3.391122614504924
GA,High-Demand,Morning,303,93,3.391122614504924
GA,High-Demand,Morning,303,94,3.391122614504924
GA,High-Demand,Morning,303,94,3.391122614504924
GA,High-Demand,Morning,303,95,3.391122614504924
GA,High-Demand,Morning,303,95,3.391122614504924
GA,High-Demand,Morning,303,95,3.391122614504924
GA,High-Demand,Morning,303,95,3.391122614504924
GA,High-Demand,Morning,303,95,3.391122614504924
GA,High-Demand,Morning,303,95,3.391122614504924
GA,High-Demand,Morning,303,96,3.391122614504924
GA,High-Demand,Morning,303,96,3.391122614504924
GA,High-Demand,Morning,303,96,3.391122614504924
GA,High-Demand,Morning,303,96,3.391122614504924
GA,High-Demand,Morning,303,96,3.391122614504924
GA,High-Demand,Morning,303,96,3.391122614504924
GA,High-Demand,Morning,303,97,3.391122614504924
GA,High-Demand,Morning,303,97,3.391122614504924
GA,High-Demand,Morning,303,97,3.391122614504924
GA,High-Demand,Morning,303,97,3.391122614504924
GA,High-Demand,Morning,303,97,3.391122614504924
GA,High-Demand,Morning,303,97,3.391122614504924
GA,High-Demand,Morning,303,98,3.391122614504924
GA,High-Demand,Morning,303,98,3.391122614504924
GA,High-Demand,Morning,303,98,3.391122614504924
GA,High-Demand,Morning,303,98,3.391122614504924
GA,High-Demand,Morning,303,98,3.391122614504924
GA,High-Demand,Morning,303,98,3.391122614504924
GA,High-Demand,Morning,303,99,3.391122614504924
GA,High-Demand,Morning,303,99,3.391122614504924
GA,High-Demand,Morning,303,99,3.391122614504924
GA,High-Demand,Morning,303,99,3.391122614504924
GA,High-Demand,Morning,303,99,3.391122614504924
GA,High-Demand,Morning,303,99,3.391122614504924
GA,High-Demand,Morning,303,100,3.391122614504924
GA,High-Demand,Evening,101,12,3.4927682850613038
GA,High-Demand,Evening,101,20,3.4927682850613038
GA,High-Demand,Evening,101,28,3.4927682850613038
GA,High-Demand,Evening,101,31,3.438297574501732
GA,High-Demand,Evening,101,38,3.438297574501732
GA,High-Demand,Evening,101,43,3.438297574501732
GA,High-Demand,Evening,101,46,3.428237049990617
GA,High-Demand,Evening,101,48,3.428237049990617
GA,High-Demand,Evening,101,51,3.428237049990617
GA,High-Demand,Evening,101,54,3.428237049990617
GA,High-Demand,Evening,101,55,3.428237049990617
GA,High-Demand,Evening,101,56,3.428237049990617
GA,High-Demand,Evening,101,59,3.428237049990617
GA,High-Demand,Evening,101,62,3.428237049990617
GA,High-Demand,Evening,101,62,3.428237049990617
GA,High-Demand,Evening,101,62,3.428237049990617
GA,High-Demand,Evening,101,63,3.428237049990617
GA,High-Demand,Evening,101,63,3.428237049990617
GA,High-Demand,Evening,101,63,3.428237049990617
GA,High-Demand,Evening,101,64,3.428237049990617
GA,High-Demand,Evening,101,64,3.428237049990617
GA,High-Demand,Evening,101,64,3.428237049990617
GA,High-Demand,Evening,101,65,3.428237049990617
GA,High-Demand,Evening,101,66,3.428237049990617
GA,High-Demand,Evening,101,66,3.428237049990617
GA,High-Demand,Evening,101,66,3.428237049990617
GA,High-Demand,Evening,101,66,3.428237049990617
GA,High-Demand,Evening,101,66,3.428237049990617
GA,High-Demand,Evening,101,66,3.428237049990617
GA,High-Demand,Evening,101,67,3.428237049990617
GA,High-Demand,Evening,101,67,3.428237049990617
GA,High-Demand,Evening,101,67,3.428237049990617
GA,High-Demand,Evening,101,67,3.428237049990617
GA,High-Demand,Evening,101,67,3.428237049990617
GA,High-Demand,Evening,101,68,3.428237049990617
GA,High-Demand,Evening,101,68,3.428237049990617
GA,High-Demand,Evening,101,68,3.428237049990617
GA,High-Demand,Evening,101,68,3.428237049990617
GA,High-Demand,Evening,101,68,3.428237049990617
GA,High-Demand,Evening,101,68,3.428237049990617
GA,High-Demand,Evening,101,69,3.428237049990617
GA,High-Demand,Evening,101,69,3.428237049990617
GA,High-Demand,Evening,101,69,3.428237049990617
GA,High-Demand,Evening,101,69,3.428237049990617
GA,High-Demand,Evening,101,69,3.428237049990617
GA,High-Demand,Evening,101,69,3.428237049990617
GA,High-Demand,Evening,101,70,3.428237049990617
GA,High-Demand,Evening,101,70,3.428237049990617
GA,High-Demand,Evening,101,70,3.428237049990617
GA,High-Demand,Evening,101,70,3.428237049990617
GA,High-Demand,Evening,101,70,3.428237049990617
GA,High-Demand,Evening,101,70,3.428237049990617
GA,High-Demand,Evening,101,71,3.428237049990617
GA,High-Demand,Evening,101,74,3.428237049990617
GA,High-Demand,Evening,101,74,3.428237049990617
GA,High-Demand,Evening,101,75,3.428237049990617
GA,High-Demand,Evening,101,76,3.428237049990617
GA,High-Demand,Evening,101,76,3.428237049990617
GA,High-Demand,Evening,101,76,3.428237049990617
GA,High-Demand,Evening,101,76,3.428237049990617
GA,High-Demand,Evening,101,76,3.428237049990617
GA,High-Demand,Evening,101,76,3.428237049990617
GA,High-Demand,Evening,101,77,3.428237049990617
GA,High-Demand,Evening,101,77,3.428237049990617
GA,High-Demand,Evening,101,77,3.428237049990617
GA,High-Demand,Evening,101,77,3.428237049990617
GA,High-Demand,Evening,101,77,3.428237049990617
GA,High-Demand,Evening,101,77,3.428237049990617
GA,High-Demand,Evening,101,78,3.428237049990617
GA,High-Demand,Evening,101,79,3.428237049990617
GA,High-Demand,Evening,101,80,3.428237049990617
GA,High-Demand,Evening,101,80,3.428237049990617
GA,High-Demand,Evening,101,81,3.428237049990617
GA,High-Demand,Evening,101,82,3.428237049990617
GA,High-Demand,Evening,101,82,3.428237049990617
GA,High-Demand,Evening,101,82,3.428237049990617
GA,High-Demand,Evening,101,83,3.428237049990617
GA,High-Demand,Evening,101,84,3.428237049990617
GA,High-Demand,Evening,101,84,3.428237049990617
GA,High-Demand,Evening,101,84,3.428237049990617
GA,High-Demand,Evening,101,84,3.428237049990617
GA,High-Demand,Evening,101,84,3.428237049990617
GA,High-Demand,Evening,101,84,3.428237049990617
GA,High-Demand,Evening,101,85,3.428237049990617
GA,High-Demand,Evening,101,85,3.428237049990617
GA,High-Demand,Evening,101,85,3.428237049990617
GA,High-Demand,Evening,101,85,3.428237049990617
GA,High-Demand,Evening,101,85,3.428237049990617
GA,High-Demand,Evening,101,86,3.428237049990617
GA,High-Demand,Evening,101,86,3.428237049990617
GA,High-Demand,Evening,101,86,3.428237049990617
GA,High-Demand,Evening,101,87,3.428237049990617
GA,High-Demand,Evening,101,87,3.428237049990617
GA,High-Demand,Evening,101,87,3.428237049990617
GA,High-Demand,Evening,101,89,3.428237049990617
GA,High-Demand,Evening,101,90,3.428237049990617
GA,High-Demand,Evening,101,90,3.428237049990617
GA,High-Demand,Evening,101,90,3.428237049990617
GA,High-Demand,Evening,101,90,3.428237049990617
GA,High-Demand,Evening,101,90,3.428237049990617
GA,High-Demand,Evening,101,90,3.428237049990617
GA,High-Demand,Evening,101,91,3.428237049990617
GA,High-Demand,Evening,101,91,3.428237049990617
GA,High-Demand,Evening,101,92,3.428237049990617
GA,High-Demand,Evening,101,93,3.428237049990617
GA,High-Demand,Evening,101,93,3.428237049990617
GA,High-Demand,Evening,101,95,3.428237049990617
GA,High-Demand,Evening,101,95,3.428237049990617
GA,High-Demand,Evening,101,95,3.428237049990617
GA,High-Demand,Evening,101,96,3.428237049990617
GA,High-Demand,Evening,101,97,3.428237049990617
GA,High-Demand,Evening,101,97,3.428237049990617
GA,High-Demand,Evening,101,97,3.428237049990617
GA,High-Demand,Evening,101,97,3.428237049990617
GA,High-Demand,Evening,101,98,3.428237049990617
GA,High-Demand,Evening,101,99,3.428237049990617
GA,High-Demand,Evening,101,99,3.428237049990617
GA,High-Demand,Evening,101,100,3.428237049990617
GA,High-Demand,Evening,202,12,3.5091559078101278
GA,High-Demand,Evening,202,21,3.4545011933373493
GA,High-Demand,Evening,202,27,3.4545011933373493
GA,High-Demand,Evening,202,32,3.415015569180663
GA,High-Demand,Evening,202,38,3.415015569180663
GA,High-Demand,Evening,202,41,3.415015569180663
GA,High-Demand,Evening,202,45,3.415015569180663
GA,High-Demand,Evening,202,46,3.415015569180663
GA,High-Demand,Evening,202,49,3.415015569180663
GA,High-Demand,Evening,202,51,3.415015569180663
GA,High-Demand,Evening,202,51,3.415015569180663
GA,High-Demand,Evening,202,52,3.415015569180663
GA,High-Demand,Evening,202,53,3.415015569180663
GA,High-Demand,Evening,202,55,3.415015569180663
GA,High-Demand,Evening,202,56,3.415015569180663
GA,High-Demand,Evening,202,56,3.415015569180663
GA,High-Demand,Evening,202,56,3.415015569180663
GA,High-Demand,Evening,202,56,3.415015569180663
GA,High-Demand,Evening,202,56,3.415015569180663
GA,High-Demand,Evening,202,56,3.415015569180663
GA,High-Demand,Evening,202,57,3.415015569180663
GA,High-Demand,Evening,202,57,3.415015569180663
GA,High-Demand,Evening,202,57,3.415015569180663
GA,High-Demand,Evening,202,58,3.415015569180663
GA,High-Demand,Evening,202,60,3.415015569180663
GA,High-Demand,Evening,202,62,3.415015569180663
GA,High-Demand,Evening,202,62,3.415015569180663
GA,High-Demand,Evening,202,62,3.415015569180663
GA,High-Demand,Evening,202,62,3.415015569180663
GA,High-Demand,Evening,202,62,3.415015569180663
GA,High-Demand,Evening,202,62,3.415015569180663
GA,High-Demand,Evening,202,64,3.415015569180663
GA,High-Demand,Evening,202,65,3.415015569180663
GA,High-Demand,Evening,202,65,3.415015569180663
GA,High-Demand,Evening,202,65,3.415015569180663
GA,High-Demand,Evening,202,65,3.415015569180663
GA,High-Demand,Evening,202,65,3.415015569180663
GA,High-Demand,Evening,202,65,3.415015569180663
GA,High-Demand,Evening,202,67,3.415015569180663
GA,High-Demand,Evening,202,67,3.415015569180663
GA,High-Demand,Evening,202,67,3.415015569180663
GA,High-Demand,Evening,202,67,3.415015569180663
GA,High-Demand,Evening,202,67,3.415015569180663
GA,High-Demand,Evening,202,67,3.415015569180663
GA,High-Demand,Evening,202,68,3.415015569180663
GA,High-Demand,Evening,202,68,3.415015569180663
GA,High-Demand,Evening,202,68,3.415015569180663
GA,High-Demand,Evening,202,68,3.415015569180663
GA,High-Demand,Evening,202,68,3.415015569180663
GA,High-Demand,Evening,202,71,3.415015569180663
GA,High-Demand,Evening,202,74,3.415015569180663
GA,High-Demand,Evening,202,76,3.415015569180663
GA,High-Demand,Evening,202,76,3.415015569180663
GA,High-Demand,Evening,202,76,3.415015569180663
GA,High-Demand,Evening,202,76,3.415015569180663
GA,High-Demand,Evening,202,76,3.415015569180663
GA,High-Demand,Evening,202,76,3.415015569180663
GA,High-Demand,Evening,202,77,3.415015569180663
GA,High-Demand,Evening,202,77,3.415015569180663
GA,High-Demand,Evening,202,77,3.415015569180663
GA,High-Demand,Evening,202,78,3.415015569180663
GA,High-Demand,Evening,202,78,3.415015569180663
GA,High-Demand,Evening,202,78,3.415015569180663
GA,High-Demand,Evening,202,79,3.415015569180663
GA,High-Demand,Evening,202,79,3.415015569180663
GA,High-Demand,Evening,202,82,3.415015569180663
GA,High-Demand,Evening,202,83,3.415015569180663
GA,High-Demand,Evening,202,83,3.415015569180663
GA,High-Demand,Evening,202,83,3.415015569180663
GA,High-Demand,Evening,202,84,3.415015569180663
GA,High-Demand,Evening,202,84,3.415015569180663
GA,High-Demand,Evening,202,84,3.415015569180663
GA,High-Demand,Evening,202,85,3.415015569180663
GA,High-Demand,Evening,202,85,3.415015569180663
GA,High-Demand,Evening,202,85,3.415015569180663
GA,High-Demand,Evening,202,85,3.415015569180663
GA,High-Demand,Evening,202,85,3.415015569180663
GA,High-Demand,Evening,202,86,3.415015569180663
GA,High-Demand,Evening,202,86,3.415015569180663
GA,High-Demand,Evening,202,86,3.415015569180663
GA,High-Demand,Evening,202,86,3.415015569180663
GA,High-Demand,Evening,202,87,3.415015569180663
GA,High-Demand,Evening,202,87,3.415015569180663
GA,High-Demand,Evening,202,88,3.415015569180663
GA,High-Demand,Evening,202,88,3.415015569180663
GA,High-Demand,Evening,202,88,3.415015569180663
GA,High-Demand,Evening,202,88,3.415015569180663
GA,High-Demand,Evening,202,88,3.415015569180663
GA,High-Demand,Evening,202,88,3.415015569180663
GA,High-Demand,Evening,202,90,3.415015569180663
GA,High-Demand,Evening,202,90,3.415015569180663
GA,High-Demand,Evening,202,90,3.415015569180663
GA,High-Demand,Evening,202,90,3.415015569180663
GA,High-Demand,Evening,202,91,3.415015569180663
GA,High-Demand,Evening,202,92,3.415015569180663
GA,High-Demand,Evening,202,92,3.415015569180663
GA,High-Demand,Evening,202,92,3.415015569180663
GA,High-Demand,Evening,202,93,3.415015569180663
GA,High-Demand,Evening,202,93,3.415015569180663
GA,High-Demand,Evening,202,93,3.415015569180663
GA,High-Demand,Evening,202,93,3.415015569180663
GA,High-Demand,Evening,202,93,3.415015569180663
GA,High-Demand,Evening,202,93,3.415015569180663
GA,High-Demand,Evening,202,94,3.415015569180663
GA,High-Demand,Evening,202,94,3.415015569180663
GA,High-Demand,Evening,202,94,3.415015569180663
GA,High-Demand,Evening,202,94,3.415015569180663
GA,High-Demand,Evening,202,95,3.415015569180663
GA,High-Demand,Evening,202,95,3.415015569180663
GA,High-Demand,Evening,202,95,3.415015569180663
GA,High-Demand,Evening,202,95,3.415015569180663
GA,High-Demand,Evening,202,95,3.415015569180663
GA,High-Demand,Evening,202,95,3.415015569180663
GA,High-Demand,Evening,202,96,3.415015569180663
GA,High-Demand,Evening,202,96,3.415015569180663
GA,High-Demand,Evening,202,96,3.415015569180663
GA,High-Demand,Evening,202,96,3.415015569180663
GA,High-Demand,Evening,202,96,3.415015569180663
GA,High-Demand,Evening,202,96,3.415015569180663
GA,High-Demand,Evening,202,97,3.415015569180663
GA,High-Demand,Evening,202,97,3.415015569180663
GA,High-Demand,Evening,202,97,3.415015569180663
GA,High-Demand,Evening,202,98,3.415015569180663
GA,High-Demand,Evening,202,99,3.415015569180663
GA,High-Demand,Evening,202,99,3.415015569180663
GA,High-Demand,Evening,202,100,3.415015569180663
GA,High-Demand,Evening,303,12,3.5091559078101278
GA,High-Demand,Evening,303,22,3.5091559078101278
GA,High-Demand,Evening,303,28,3.47462232669083
GA,High-Demand,Evening,303,34,3.47462232669083
GA,High-Demand,Evening,303,38,3.4724513607450893
GA,High-Demand,Evening,303,41,3.4319953897073594
GA,High-Demand,Evening,303,45,3.4319953897073594
GA,High-Demand,Evening,303,51,3.4319953897073594
GA,High-Demand,Evening,303,57,3.4319953897073594
GA,High-Demand,Evening,303,61,3.4319953897073594
GA,High-Demand,Evening,303,61,3.4319953897073594
GA,High-Demand,Evening,303,66,3.4319953897073594
GA,High-Demand,Evening,303,69,3.4319953897073594
GA,High-Demand,Evening,303,69,3.4319953897073594
GA,High-Demand,Evening,303,72,3.4319953897073594
GA,High-Demand,Evening,303,72,3.4319953897073594
GA,High-Demand,Evening,303,74,3.4319953897073594
GA,High-Demand,Evening,303,74,3.4319953897073594
GA,High-Demand,Evening,303,74,3.4319953897073594
GA,High-Demand,Evening,303,74,3.4319953897073594
GA,High-Demand,Evening,303,74,3.4319953897073594
GA,High-Demand,Evening,303,74,3.4319953897073594
GA,High-Demand,Evening,303,75,3.4319953897073594
GA,High-Demand,Evening,303,75,3.4319953897073594
GA,High-Demand,Evening,303,76,3.4319953897073594
GA,High-Demand,Evening,303,76,3.4319953897073594
GA,High-Demand,Evening,303,76,3.4319953897073594
GA,High-Demand,Evening,303,76,3.4319953897073594
GA,High-Demand,Evening,303,76,3.4319953897073594
GA,High-Demand,Evening,303,76,3.4319953897073594
GA,High-Demand,Evening,303,77,3.4319953897073594
GA,High-Demand,Evening,303,77,3.4319953897073594
GA,High-Demand,Evening,303,77,3.4319953897073594
GA,High-Demand,Evening,303,77,3.4319953897073594
GA,High-Demand,Evening,303,77,3.4319953897073594
GA,High-Demand,Evening,303,78,3.4319953897073594
GA,High-Demand,Evening,303,78,3.4319953897073594
GA,High-Demand,Evening,303,78,3.4319953897073594
GA,High-Demand,Evening,303,78,3.4319953897073594
GA,High-Demand,Evening,303,78,3.4319953897073594
GA,High-Demand,Evening,303,78,3.4319953897073594
GA,High-Demand,Evening,303,80,3.4319953897073594
GA,High-Demand,Evening,303,81,3.4319953897073594
GA,High-Demand,Evening,303,81,3.4319953897073594
GA,High-Demand,Evening,303,82,3.4319953897073594
GA,High-Demand,Evening,303,82,3.4319953897073594
GA,High-Demand,Evening,303,82,3.4319953897073594
GA,High-Demand,Evening,303,82,3.4319953897073594
GA,High-Demand,Evening,303,82,3.4319953897073594
GA,High-Demand,Evening,303,83,3.4319953897073594
GA,High-Demand,Evening,303,84,3.4319953897073594
GA,High-Demand,Evening,303,86,3.4319953897073594
GA,High-Demand,Evening,303,87,3.4319953897073594
GA,High-Demand,Evening,303,87,3.4319953897073594
GA,High-Demand,Evening,303,88,3.4319953897073594
GA,High-Demand,Evening,303,88,3.4319953897073594
GA,High-Demand,Evening,303,88,3.4319953897073594
GA,High-Demand,Evening,303,88,3.4319953897073594
GA,High-Demand,Evening,303,88,3.4319953897073594
GA,High-Demand,Evening,303,88,3.4319953897073594
GA,High-Demand,Evening,303,89,3.4319953897073594
GA,High-Demand,Evening,303,89,3.4319953897073594
GA,High-Demand,Evening,303,89,3.4319953897073594
GA,High-Demand,Evening,303,89,3.4319953897073594
GA,High-Demand,Evening,303,89,3.4319953897073594
GA,High-Demand,Evening,303,90,3.4319953897073594
GA,High-Demand,Evening,303,90,3.4319953897073594
GA,High-Demand,Evening,303,90,3.4319953897073594
GA,High-Demand,Evening,303,90,3.4319953897073594
GA,High-Demand,Evening,303,92,3.4319953897073594
GA,High-Demand,Evening,303,92,3.4319953897073594
GA,High-Demand,Evening,303,92,3.4319953897073594
GA,High-Demand,Evening,303,92,3.4319953897073594
GA,High-Demand,Evening,303,92,3.4319953897073594
GA,High-Demand,Evening,303,92,3.4319953897073594
GA,High-Demand,Evening,303,93,3.4319953897073594
GA,High-Demand,Evening,303,93,3.4319953897073594
GA,High-Demand,Evening,303,93,3.4319953897073594
GA,High-Demand,Evening,303,94,3.4319953897073594
GA,High-Demand,Evening,303,94,3.4319953897073594
GA,High-Demand,Evening,303,94,3.4319953897073594
GA,High-Demand,Evening,303,94,3.4319953897073594
GA,High-Demand,Evening,303,95,3.4319953897073594
GA,High-Demand,Evening,303,95,3.4319953897073594
GA,High-Demand,Evening,303,95,3.4319953897073594
GA,High-Demand,Evening,303,95,3.4319953897073594
GA,High-Demand,Evening,303,95,3.4319953897073594
GA,High-Demand,Evening,303,95,3.4319953897073594
GA,High-Demand,Evening,303,96,3.4319953897073594
GA,High-Demand,Evening,303,96,3.4319953897073594
GA,High-Demand,Evening,303,96,3.4319953897073594
GA,High-Demand,Evening,303,96,3.4319953897073594
GA,High-Demand,Evening,303,96,3.4319953897073594
GA,High-Demand,Evening,303,96,3.4319953897073594
GA,High-Demand,Evening,303,98,3.4319953897073594
GA,High-Demand,Evening,303,98,3.4319953897073594
GA,High-Demand,Evening,303,98,3.4319953897073594
GA,High-Demand,Evening,303,99,3.4319953897073594
GA,High-Demand,Evening,303,100,3.4319953897073594
GA,Reduced-Service,Morning,101,12,3.912452177824072
GA,Reduced-Service,Morning,101,18,3.912452177824072
GA,Reduced-Service,Morning,101,26,3.8521329195020533
GA,Reduced-Service,Morning,101,34,3.8521329195020533
GA,Reduced-Service,Morning,101,36,3.8521329195020533
GA,Reduced-Service,Morning,101,40,3.8521329195020533
GA,Reduced-Service,Morning,101,42,3.8521329195020533
GA,Reduced-Service,Morning,101,47,3.8521329195020533
GA,Reduced-Service,Morning,101,48,3.8521329195020533
GA,Reduced-Service,Morning,101,50,3.8466543852834194
GA,Reduced-Service,Morning,101,53,3.8466543852834194
GA,Reduced-Service,Morning,101,56,3.8200831220366354
GA,Reduced-Service,Morning,101,58,3.8200831220366354
GA,Reduced-Service,Morning,101,59,3.8200831220366354
GA,Reduced-Service,Morning,101,60,3.8200831220366354
GA,Reduced-Service,Morning,101,62,3.8200831220366354
GA,Reduced-Service,Morning,101,62,3.8200831220366354
GA,Reduced-Service,Morning,101,63,3.8200831220366354
GA,Reduced-Service,Morning,101,63,3.8200831220366354
GA,Reduced-Service,Morning,101,63,3.8200831220366354
GA,Reduced-Service,Morning,101,63,3.8200831220366354
GA,Reduced-Service,Morning,101,63,3.8200831220366354
GA,Reduced-Service,Morning,101,65,3.8200831220366354
GA,Reduced-Service,Morning,101,65,3.8200831220366354
GA,Reduced-Service,Morning,101,66,3.8200831220366354
GA,Reduced-Service,Morning,101,67,3.8200831220366354
GA,Reduced-Service,Morning,101,67,3.8200831220366354
GA,Reduced-Service,Morning,101,67,3.8200831220366354
GA,Reduced-Service,Morning,101,67,3.8200831220366354
GA,Reduced-Service,Morning,101,67,3.8200831220366354
GA,Reduced-Service,Morning,101,68,3.8200831220366354
GA,Reduced-Service,Morning,101,68,3.8200831220366354
GA,Reduced-Service,Morning,101,68,3.8200831220366354
GA,Reduced-Service,Morning,101,68,3.8200831220366354
GA,Reduced-Service,Morning,101,68,3.8200831220366354
GA,Reduced-Service,Morning,101,68,3.8200831220366354
GA,Reduced-Service,Morning,101,69,3.8200831220366354
GA,Reduced-Service,Morning,101,69,3.8200831220366354
GA,Reduced-Service,Morning,101,69,3.8200831220366354
GA,Reduced-Service,Morning,101,70,3.8200831220366354
GA,Reduced-Service,Morning,101,70,3.8200831220366354
GA,Reduced-Service,Morning,101,70,3.8200831220366354
GA,Reduced-Service,Morning,101,71,3.8200831220366354
GA,Reduced-Service,Morning,101,71,3.8200831220366354
GA,Reduced-Service,Morning,101,71,3.8200831220366354
GA,Reduced-Service,Morning,101,71,3.8200831220366354
GA,Reduced-Service,Morning,101,71,3.8200831220366354
GA,Reduced-Service,Morning,101,71,3.8200831220366354
GA,Reduced-Service,Morning,101,72,3.8200831220366354
GA,Reduced-Service,Morning,101,72,3.8200831220366354
GA,Reduced-Service,Morning,101,72,3.8200831220366354
GA,Reduced-Service,Morning,101,73,3.8200831220366354
GA,Reduced-Service,Morning,101,74,3.8200831220366354
GA,Reduced-Service,Morning,101,74,3.8200831220366354
GA,Reduced-Service,Morning,101,74,3.8200831220366354
GA,Reduced-Service,Morning,101,74,3.8200831220366354
GA,Reduced-Service,Morning,101,74,3.8200831220366354
GA,Reduced-Service,Morning,101,74,3.8200831220366354
GA,Reduced-Service,Morning,101,76,3.8200831220366354
GA,Reduced-Service,Morning,101,77,3.8200831220366354
GA,Reduced-Service,Morning,101,77,3.8200831220366354
GA,Reduced-Service,Morning,101,77,3.8200831220366354
GA,Reduced-Service,Morning,101,77,3.8200831220366354
GA,Reduced-Service,Morning,101,77,3.8200831220366354
GA,Reduced-Service,Morning,101,77,3.8200831220366354
GA,Reduced-Service,Morning,101,78,3.8200831220366354
GA,Reduced-Service,Morning,101,78,3.8200831220366354
GA,Reduced-Service,Morning,101,78,3.8200831220366354
GA,Reduced-Service,Morning,101,78,3.8200831220366354
GA,Reduced-Service,Morning,101,78,3.8200831220366354
GA,Reduced-Service,Morning,101,78,3.8200831220366354
GA,Reduced-Service,Morning,101,79,3.8200831220366354
GA,Reduced-Service,Morning,101,80,3.8200831220366354
GA,Reduced-Service,Morning,101,80,3.8200831220366354
GA,Reduced-Service,Morning,101,80,3.8200831220366354
GA,Reduced-Service,Morning,101,80,3.8200831220366354
GA,Reduced-Service,Morning,101,80,3.8200831220366354
GA,Reduced-Service,Morning,101,80,3.8200831220366354
GA,Reduced-Service,Morning,101,81,3.8200831220366354
GA,Reduced-Service,Morning,101,81,3.8200831220366354
GA,Reduced-Service,Morning,101,81,3.8200831220366354
GA,Reduced-Service,Morning,101,81,3.8200831220366354
GA,Reduced-Service,Morning,101,81,3.8200831220366354
GA,Reduced-Service,Morning,101,81,3.8200831220366354
GA,Reduced-Service,Morning,101,82,3.8200831220366354
GA,Reduced-Service,Morning,101,82,3.8200831220366354
GA,Reduced-Service,Morning,101,82,3.8200831220366354
GA,Reduced-Service,Morning,101,82,3.8200831220366354
GA,Reduced-Service,Morning,101,82,3.8200831220366354
GA,Reduced-Service,Morning,101,82,3.8200831220366354
GA,Reduced-Service,Morning,101,83,3.8200831220366354
GA,Reduced-Service,Morning,101,83,3.8200831220366354
GA,Reduced-Service,Morning,101,83,3.8200831220366354
GA,Reduced-Service,Morning,101,83,3.8200831220366354
GA,Reduced-Service,Morning,101,83,3.8200831220366354
GA,Reduced-Service,Morning,101,83,3.8200831220366354
GA,Reduced-Service,Morning,101,84,3.8200831220366354
GA,Reduced-Service,Morning,101,84,3.8200831220366354
GA,Reduced-Service,Morning,101,86,3.8200831220366354
GA,Reduced-Service,Morning,101,86,3.8200831220366354
GA,Reduced-Service,Morning,101,86,3.8200831220366354
GA,Reduced-Service,Morning,101,86,3.8200831220366354
GA,Reduced-Service,Morning,101,86,3.8200831220366354
GA,Reduced-Service,Morning,101,86,3.8200831220366354
GA,Reduced-Service,Morning,101,87,3.8200831220366354
GA,Reduced-Service,Morning,101,88,3.8200831220366354
GA,Reduced-Service,Morning,101,88,3.8200831220366354
GA,Reduced-Service,Morning,101,88,3.8200831220366354
GA,Reduced-Service,Morning,101,88,3.8200831220366354
GA,Reduced-Service,Morning,101,88,3.8200831220366354
GA,Reduced-Service,Morning,101,88,3.8200831220366354
GA,Reduced-Service,Morning,101,90,3.8200831220366354
GA,Reduced-Service,Morning,101,90,3.8200831220366354
GA,Reduced-Service,Morning,101,90,3.8200831220366354
GA,Reduced-Service,Morning,101,90,3.8200831220366354
GA,Reduced-Service,Morning,101,90,3.8200831220366354
GA,Reduced-Service,Morning,101,90,3.8200831220366354
GA,Reduced-Service,Morning,101,91,3.8200831220366354
GA,Reduced-Service,Morning,101,91,3.8200831220366354
GA,Reduced-Service,Morning,101,92,3.8200831220366354
GA,Reduced-Service,Morning,101,92,3.8200831220366354
GA,Reduced-Service,Morning,101,92,3.8200831220366354
GA,Reduced-Service,Morning,101,92,3.8200831220366354
GA,Reduced-Service,Morning,101,92,3.8200831220366354
GA,Reduced-Service,Morning,101,92,3.8200831220366354
GA,Reduced-Service,Morning,101,93,3.8200831220366354
GA,Reduced-Service,Morning,101,93,3.8200831220366354
GA,Reduced-Service,Morning,101,93,3.8200831220366354
GA,Reduced-Service,Morning,101,93,3.8200831220366354
GA,Reduced-Service,Morning,101,93,3.8200831220366354
GA,Reduced-Service,Morning,101,93,3.8200831220366354
GA,Reduced-Service,Morning,101,94,3.8200831220366354
GA,Reduced-Service,Morning,101,96,3.8200831220366354
GA,Reduced-Service,Morning,101,97,3.8200831220366354
GA,Reduced-Service,Morning,101,97,3.8200831220366354
GA,Reduced-Service,Morning,101,97,3.8200831220366354
GA,Reduced-Service,Morning,101,97,3.8200831220366354
GA,Reduced-Service,Morning,101,98,3.8200831220366354
GA,Reduced-Service,Morning,101,98,3.8200831220366354
GA,Reduced-Service,Morning,101,98,3.8200831220366354
GA,Reduced-Service,Morning,101,99,3.8200831220366354
GA,Reduced-Service,Morning,101,99,3.8200831220366354
GA,Reduced-Service,Morning,101,99,3.8200831220366354
GA,Reduced-Service,Morning,101,99,3.8200831220366354
GA,Reduced-Service,Morning,101,99,3.8200831220366354
GA,Reduced-Service,Morning,101,100,3.8200831220366354
GA,Reduced-Service,Morning,202,12,3.9912883415987634
GA,Reduced-Service,Morning,202,22,3.9117606972601466
GA,Reduced-Service,Morning,202,28,3.909839161450679
GA,Reduced-Service,Morning,202,36,3.909839161450679
GA,Reduced-Service,Morning,202,43,3.875221691128175
GA,Reduced-Service,Morning,202,48,3.8466543852834194
GA,Reduced-Service,Morning,202,55,3.8466543852834194
GA,Reduced-Service,Morning,202,59,3.8466543852834194
GA,Reduced-Service,Morning,202,64,3.8200831220366354
GA,Reduced-Service,Morning,202,67,3.8200831220366354
GA,Reduced-Service,Morning,202,69,3.8200831220366354
GA,Reduced-Service,Morning,202,69,3.8200831220366354
GA,Reduced-Service,Morning,202,72,3.8200831220366354
GA,Reduced-Service,Morning,202,74,3.8200831220366354
GA,Reduced-Service,Morning,202,74,3.8200831220366354
GA,Reduced-Service,Morning,202,74,3.8200831220366354
GA,Reduced-Service,Morning,202,75,3.8200831220366354
GA,Reduced-Service,Morning,202,76,3.8200831220366354
GA,Reduced-Service,Morning,202,76,3.8200831220366354
GA,Reduced-Service,Morning,202,78,3.8200831220366354
GA,Reduced-Service,Morning,202,78,3.8200831220366354
GA,Reduced-Service,Morning,202,78,3.8200831220366354
GA,Reduced-Service,Morning,202,78,3.8200831220366354
GA,Reduced-Service,Morning,202,78,3.8200831220366354
GA,Reduced-Service,Morning,202,78,3.8200831220366354
GA,Reduced-Service,Morning,202,79,3.8200831220366354
GA,Reduced-Service,Morning,202,79,3.8200831220366354
GA,Reduced-Service,Morning,202,79,3.8200831220366354
GA,Reduced-Service,Morning,202,79,3.8200831220366354
GA,Reduced-Service,Morning,202,79,3.8200831220366354
GA,Reduced-Service,Morning,202,80,3.8200831220366354
GA,Reduced-Service,Morning,202,80,3.8200831220366354
GA,Reduced-Service,Morning,202,83,3.8200831220366354
GA,Reduced-Service,Morning,202,83,3.8200831220366354
GA,Reduced-Service,Morning,202,83,3.8200831220366354
GA,Reduced-Service,Morning,202,83,3.8200831220366354
GA,Reduced-Service,Morning,202,83,3.8200831220366354
GA,Reduced-Service,Morning,202,84,3.8200831220366354
GA,Reduced-Service,Morning,202,84,3.8200831220366354
GA,Reduced-Service,Morning,202,84,3.8200831220366354
GA,Reduced-Service,Morning,202,84,3.8200831220366354
GA,Reduced-Service,Morning,202,84,3.8200831220366354
GA,Reduced-Service,Morning,202,84,3.8200831220366354
GA,Reduced-Service,Morning,202,85,3.8200831220366354
GA,Reduced-Service,Morning,202,85,3.8200831220366354
GA,Reduced-Service,Morning,202,85,3.8200831220366354
GA,Reduced-Service,Morning,202,85,3.8200831220366354
GA,Reduced-Service,Morning,202,85,3.8200831220366354
GA,Reduced-Service,Morning,202,85,3.8200831220366354
GA,Reduced-Service,Morning,202,86,3.8200831220366354
GA,Reduced-Service,Morning,202,86,3.8200831220366354
GA,Reduced-Service,Morning,202,86,3.8200831220366354
GA,Reduced-Service,Morning,202,86,3.8200831220366354
GA,Reduced-Service,Morning,202,86,3.8200831220366354
GA,Reduced-Service,Morning,202,86,3.8200831220366354
GA,Reduced-Service,Morning,202,87,3.8200831220366354
GA,Reduced-Service,Morning,202,87,3.8200831220366354
GA,Reduced-Service,Morning,202,87,3.8200831220366354
GA,Reduced-Service,Morning,202,88,3.8200831220366354
GA,Reduced-Service,Morning,202,88,3.8200831220366354
GA,Reduced-Service,Morning,202,88,3.8200831220366354
GA,Reduced-Service,Morning,202,88,3.8200831220366354
GA,Reduced-Service,Morning,202,88,3.8200831220366354
GA,Reduced-Service,Morning,202,89,3.8200831220366354
GA,Reduced-Service,Morning,202,91,3.8200831220366354
GA,Reduced-Service,Morning,202,91,3.8200831220366354
GA,Reduced-Service,Morning,202,91,3.8200831220366354
GA,Reduced-Service,Morning,202,91,3.8200831220366354
GA,Reduced-Service,Morning,202,91,3.8200831220366354
GA,Reduced-Service,Morning,202,91,3.8200831220366354
GA,Reduced-Service,Morning,202,92,3.8200831220366354
GA,Reduced-Service,Morning,202,92,3.8200831220366354
GA,Reduced-Service,Morning,202,92,3.8200831220366354
GA,Reduced-Service,Morning,202,92,3.8200831220366354
GA,Reduced-Service,Morning,202,92,3.8200831220366354
GA,Reduced-Service,Morning,202,92,3.8200831220366354
GA,Reduced-Service,Morning,202,93,3.8200831220366354
GA,Reduced-Service,Morning,202,93,3.8200831220366354
GA,Reduced-Service,Morning,202,93,3.8200831220366354
GA,Reduced-Service,Morning,202,94,3.8200831220366354
GA,Reduced-Service,Morning,202,94,3.8200831220366354
GA,Reduced-Service,Morning,202,94,3.8200831220366354
GA,Reduced-Service,Morning,202,94,3.8200831220366354
GA,Reduced-Service,Morning,202,94,3.8200831220366354
GA,Reduced-Service,Morning,202,94,3.8200831220366354
GA,Reduced-Service,Morning,202,95,3.8200831220366354
GA,Reduced-Service,Morning,202,95,3.8200831220366354
GA,Reduced-Service,Morning,202,95,3.8200831220366354
GA,Reduced-Service,Morning,202,95,3.8200831220366354
GA,Reduced-Service,Morning,202,95,3.8200831220366354
GA,Reduced-Service,Morning,202,95,3.8200831220366354
GA,Reduced-Service,Morning,202,96,3.8200831220366354
GA,Reduced-Service,Morning,202,97,3.8200831220366354
GA,Reduced-Service,Morning,202,99,3.8200831220366354
GA,Reduced-Service,Morning,202,100,3.8200831220366354
GA,Reduced-Service,Morning,303,12,3.9912883415987634
GA,Reduced-Service,Morning,303,21,3.9759415176610666
GA,Reduced-Service,Morning,303,28,3.8786339728178354
GA,Reduced-Service,Morning,303,32,3.8641613700871886
GA,Reduced-Service,Morning,303,38,3.852519323623448
GA,Reduced-Service,Morning,303,41,3.852519323623448
GA,Reduced-Service,Morning,303,45,3.822850993941677
GA,Reduced-Service,Morning,303,48,3.822850993941677
GA,Reduced-Service,Morning,303,51,3.8200831220366354
GA,Reduced-Service,Morning,303,55,3.8200831220366354
GA,Reduced-Service,Morning,303,56,3.8200831220366354
GA,Reduced-Service,Morning,303,59,3.8200831220366354
GA,Reduced-Service,Morning,303,59,3.8200831220366354
GA,Reduced-Service,Morning,303,60,3.8200831220366354
GA,Reduced-Service,Morning,303,62,3.8200831220366354
GA,Reduced-Service,Morning,303,63,3.8200831220366354
GA,Reduced-Service,Morning,303,64,3.8200831220366354
GA,Reduced-Service,Morning,303,65,3.8200831220366354
GA,Reduced-Service,Morning,303,65,3.8200831220366354
GA,Reduced-Service,Morning,303,65,3.8200831220366354
GA,Reduced-Service,Morning,303,65,3.8200831220366354
GA,Reduced-Service,Morning,303,65,3.8200831220366354
GA,Reduced-Service,Morning,303,65,3.8200831220366354
GA,Reduced-Service,Morning,303,66,3.8200831220366354
GA,Reduced-Service,Morning,303,66,3.8200831220366354
GA,Reduced-Service,Morning,303,66,3.8200831220366354
GA,Reduced-Service,Morning,303,66,3.8200831220366354
GA,Reduced-Service,Morning,303,66,3.8200831220366354
GA,Reduced-Service,Morning,303,66,3.8200831220366354
GA,Reduced-Service,Morning,303,67,3.8200831220366354
GA,Reduced-Service,Morning,303,67,3.8200831220366354
GA,Reduced-Service,Morning,303,67,3.8200831220366354
GA,Reduced-Service,Morning,303,67,3.8200831220366354
GA,Reduced-Service,Morning,303,67,3.8200831220366354
GA,Reduced-Service,Morning,303,67,3.8200831220366354
GA,Reduced-Service,Morning,303,68,3.8200831220366354
GA,Reduced-Service,Morning,303,68,3.8200831220366354
GA,Reduced-Service,Morning,303,68,3.8200831220366354
GA,Reduced-Service,Morning,303,68,3.8200831220366354
GA,Reduced-Service,Morning,303,68,3.8200831220366354
GA,Reduced-Service,Morning,303,68,3.8200831220366354
GA,Reduced-Service,Morning,303,69,3.8200831220366354
GA,Reduced-Service,Morning,303,69,3.8200831220366354
GA,Reduced-Service,Morning,303,70,3.8200831220366354
GA,Reduced-Service,Morning,303,70,3.8200831220366354
GA,Reduced-Service,Morning,303,70,3.8200831220366354
GA,Reduced-Service,Morning,303,70,3.8200831220366354
GA,Reduced-Service,Morning,303,70,3.8200831220366354
GA,Reduced-Service,Morning,303,70,3.8200831220366354
GA,Reduced-Service,Morning,303,71,3.8200831220366354
GA,Reduced-Service,Morning,303,71,3.8200831220366354
GA,Reduced-Service,Morning,303,72,3.8200831220366354
GA,Reduced-Service,Morning,303,72,3.8200831220366354
GA,Reduced-Service,Morning,303,72,3.8200831220366354
GA,Reduced-Service,Morning,303,73,3.8200831220366354
GA,Reduced-Service,Morning,303,73,3.8200831220366354
GA,Reduced-Service,Morning,303,73,3.8200831220366354
GA,Reduced-Service,Morning,303,73,3.8200831220366354
GA,Reduced-Service,Morning,303,73,3.8200831220366354
GA,Reduced-Service,Morning,303,73,3.8200831220366354
GA,Reduced-Service,Morning,303,74,3.8200831220366354
GA,Reduced-Service,Morning,303,74,3.8200831220366354
GA,Reduced-Service,Morning,303,74,3.8200831220366354
GA,Reduced-Service,Morning,303,74,3.8200831220366354
GA,Reduced-Service,Morning,303,74,3.8200831220366354
GA,Reduced-Service,Morning,303,74,3.8200831220366354
GA,Reduced-Service,Morning,303,75,3.8200831220366354
GA,Reduced-Service,Morning,303,76,3.8200831220366354
GA,Reduced-Service,Morning,303,76,3.8200831220366354
GA,Reduced-Service,Morning,303,76,3.8200831220366354
GA,Reduced-Service,Morning,303,77,3.8200831220366354
GA,Reduced-Service,Morning,303,77,3.8200831220366354
GA,Reduced-Service,Morning,303,77,3.8200831220366354
GA,Reduced-Service,Morning,303,77,3.8200831220366354
GA,Reduced-Service,Morning,303,77,3.8200831220366354
GA,Reduced-Service,Morning,303,77,3.8200831220366354
GA,Reduced-Service,Morning,303,79,3.8200831220366354
GA,Reduced-Service,Morning,303,80,3.8200831220366354
GA,Reduced-Service,Morning,303,81,3.8200831220366354
GA,Reduced-Service,Morning,303,81,3.8200831220366354
GA,Reduced-Service,Morning,303,81,3.8200831220366354
GA,Reduced-Service,Morning,303,82,3.8200831220366354
GA,Reduced-Service,Morning,303,82,3.8200831220366354
GA,Reduced-Service,Morning,303,82,3.8200831220366354
GA,Reduced-Service,Morning,303,82,3.8200831220366354
GA,Reduced-Service,Morning,303,82,3.8200831220366354
GA,Reduced-Service,Morning,303,82,3.8200831220366354
GA,Reduced-Service,Morning,303,83,3.8200831220366354
GA,Reduced-Service,Morning,303,83,3.8200831220366354
GA,Reduced-Service,Morning,303,83,3.8200831220366354
GA,Reduced-Service,Morning,303,83,3.8200831220366354
GA,Reduced-Service,Morning,303,83,3.8200831220366354
GA,Reduced-Service,Morning,303,83,3.8200831220366354
GA,Reduced-Service,Morning,303,84,3.8200831220366354
GA,Reduced-Service,Morning,303,85,3.8200831220366354
GA,Reduced-Service,Morning,303,85,3.8200831220366354
GA,Reduced-Service,Morning,303,85,3.8200831220366354
GA,Reduced-Service,Morning,303,85,3.8200831220366354
GA,Reduced-Service,Morning,303,85,3.8200831220366354
GA,Reduced-Service,Morning,303,85,3.8200831220366354
GA,Reduced-Service,Morning,303,86,3.8200831220366354
GA,Reduced-Service,Morning,303,86,3.8200831220366354
GA,Reduced-Service,Morning,303,87,3.8200831220366354
GA,Reduced-Service,Morning,303,87,3.8200831220366354
GA,Reduced-Service,Morning,303,87,3.8200831220366354
GA,Reduced-Service,Morning,303,87,3.8200831220366354
GA,Reduced-Service,Morning,303,87,3.8200831220366354
GA,Reduced-Service,Morning,303,87,3.8200831220366354
GA,Reduced-Service,Morning,303,88,3.8200831220366354
GA,Reduced-Service,Morning,303,88,3.8200831220366354
GA,Reduced-Service,Morning,303,88,3.8200831220366354
GA,Reduced-Service,Morning,303,88,3.8200831220366354
GA,Reduced-Service,Morning,303,88,3.8200831220366354
GA,Reduced-Service,Morning,303,88,3.8200831220366354
GA,Reduced-Service,Morning,303,89,3.8200831220366354
GA,Reduced-Service,Morning,303,90,3.8200831220366354
GA,Reduced-Service,Morning,303,90,3.8200831220366354
GA,Reduced-Service,Morning,303,90,3.8200831220366354
GA,Reduced-Service,Morning,303,90,3.8200831220366354
GA,Reduced-Service,Morning,303,90,3.8200831220366354
GA,Reduced-Service,Morning,303,90,3.8200831220366354
GA,Reduced-Service,Morning,303,91,3.8200831220366354
GA,Reduced-Service,Morning,303,91,3.8200831220366354
GA,Reduced-Service,Morning,303,91,3.8200831220366354
GA,Reduced-Service,Morning,303,91,3.8200831220366354
GA,Reduced-Service,Morning,303,91,3.8200831220366354
GA,Reduced-Service,Morning,303,91,3.8200831220366354
GA,Reduced-Service,Morning,303,93,3.8200831220366354
GA,Reduced-Service,Morning,303,94,3.8200831220366354
GA,Reduced-Service,Morning,303,94,3.8200831220366354
GA,Reduced-Service,Morning,303,94,3.8200831220366354
GA,Reduced-Service,Morning,303,94,3.8200831220366354
GA,Reduced-Service,Morning,303,95,3.8200831220366354
GA,Reduced-Service,Morning,303,95,3.8200831220366354
GA,Reduced-Service,Morning,303,96,3.8200831220366354
GA,Reduced-Service,Morning,303,96,3.8200831220366354
GA,Reduced-Service,Morning,303,98,3.8200831220366354
GA,Reduced-Service,Morning,303,98,3.8200831220366354
GA,Reduced-Service,Morning,303,98,3.8200831220366354
GA,Reduced-Service,Morning,303,98,3.8200831220366354
GA,Reduced-Service,Morning,303,98,3.8200831220366354
GA,Reduced-Service,Morning,303,98,3.8200831220366354
GA,Reduced-Service,Morning,303,99,3.8200831220366354
GA,Reduced-Service,Morning,303,99,3.8200831220366354
GA,Reduced-Service,Morning,303,99,3.8200831220366354
GA,Reduced-Service,Morning,303,99,3.8200831220366354
GA,Reduced-Service,Morning,303,99,3.8200831220366354
GA,Reduced-Service,Morning,303,100,3.8200831220366354
GA,Reduced-Service,Evening,101,12,3.9639656430781876
GA,Reduced-Service,Evening,101,22,3.846929128867766
GA,Reduced-Service,Evening,101,30,3.846929128867766
GA,Reduced-Service,Evening,101,37,3.846929128867766
GA,Reduced-Service,Evening,101,41,3.846929128867766
GA,Reduced-Service,Evening,101,45,3.846929128867766
GA,Reduced-Service,Evening,101,47,3.846929128867766
GA,Reduced-Service,Evening,101,49,3.846929128867766
GA,Reduced-Service,Evening,101,49,3.846929128867766
GA,Reduced-Service,Evening,101,50,3.846929128867766
GA,Reduced-Service,Evening,101,50,3.846929128867766
GA,Reduced-Service,Evening,101,50,3.846929128867766
GA,Reduced-Service,Evening,101,50,3.846929128867766
GA,Reduced-Service,Evening,101,51,3.846929128867766
GA,Reduced-Service,Evening,101,51,3.846929128867766
GA,Reduced-Service,Evening,101,51,3.846929128867766
GA,Reduced-Service,Evening,101,51,3.846929128867766
GA,Reduced-Service,Evening,101,51,3.846929128867766
GA,Reduced-Service,Evening,101,51,3.846929128867766
GA,Reduced-Service,Evening,101,52,3.846929128867766
GA,Reduced-Service,Evening,101,52,3.846929128867766
GA,Reduced-Service,Evening,101,53,3.846929128867766
GA,Reduced-Service,Evening,101,53,3.846929128867766
GA,Reduced-Service,Evening,101,53,3.846929128867766
GA,Reduced-Service,Evening,101,54,3.846929128867766
GA,Reduced-Service,Evening,101,56,3.846929128867766
GA,Reduced-Service,Evening,101,56,3.846929128867766
GA,Reduced-Service,Evening,101,56,3.846929128867766
GA,Reduced-Service,Evening,101,57,3.846929128867766
GA,Reduced-Service,Evening,101,58,3.846929128867766
GA,Reduced-Service,Evening,101,58,3.846929128867766
GA,Reduced-Service,Evening,101,58,3.846929128867766
GA,Reduced-Service,Evening,101,58,3.846929128867766
GA,Reduced-Service,Evening,101,58,3.846929128867766
GA,Reduced-Service,Evening,101,59,3.846929128867766
GA,Reduced-Service,Evening,101,59,3.846929128867766
GA,Reduced-Service,Evening,101,60,3.846929128867766
GA,Reduced-Service,Evening,101,60,3.846929128867766
GA,Reduced-Service,Evening,101,60,3.846929128867766
GA,Reduced-Service,Evening,101,60,3.846929128867766
GA,Reduced-Service,Evening,101,60,3.846929128867766
GA,Reduced-Service,Evening,101,60,3.846929128867766
GA,Reduced-Service,Evening,101,61,3.846929128867766
GA,Reduced-Service,Evening,101,61,3.846929128867766
GA,Reduced-Service,Evening,101,61,3.846929128867766
GA,Reduced-Service,Evening,101,61,3.846929128867766
GA,Reduced-Service,Evening,101,61,3.846929128867766
GA,Reduced-Service,Evening,101,61,3.846929128867766
GA,Reduced-Service,Evening,101,62,3.846929128867766
GA,Reduced-Service,Evening,101,62,3.846929128867766
GA,Reduced-Service,Evening,101,62,3.846929128867766
GA,Reduced-Service,Evening,101,62,3.846929128867766
GA,Reduced-Service,Evening,101,63,3.846929128867766
GA,Reduced-Service,Evening,101,63,3.846929128867766
GA,Reduced-Service,Evening,101,64,3.846929128867766
GA,Reduced-Service,Evening,101,64,3.846929128867766
GA,Reduced-Service,Evening,101,64,3.846929128867766
GA,Reduced-Service,Evening,101,64,3.846929128867766
GA,Reduced-Service,Evening,101,64,3.846929128867766
GA,Reduced-Service,Evening,101,64,3.846929128867766
GA,Reduced-Service,Evening,101,65,3.846929128867766
GA,Reduced-Service,Evening,101,65,3.846929128867766
GA,Reduced-Service,Evening,101,65,3.846929128867766
GA,Reduced-Service,Evening,101,65,3.846929128867766
GA,Reduced-Service,Evening,101,65,3.846929128867766
GA,Reduced-Service,Evening,101,65,3.846929128867766
GA,Reduced-Service,Evening,101,66,3.846929128867766
GA,Reduced-Service,Evening,101,66,3.846929128867766
GA,Reduced-Service,Evening,101,66,3.846929128867766
GA,Reduced-Service,Evening,101,67,3.846929128867766
GA,Reduced-Service,Evening,101,67,3.846929128867766
GA,Reduced-Service,Evening,101,67,3.846929128867766
GA,Reduced-Service,Evening,101,67,3.846929128867766
GA,Reduced-Service,Evening,101,67,3.846929128867766
GA,Reduced-Service,Evening,101,68,3.846929128867766
GA,Reduced-Service,Evening,101,68,3.846929128867766
GA,Reduced-Service,Evening,101,68,3.846929128867766
GA,Reduced-Service,Evening,101,68,3.846929128867766
GA,Reduced-Service,Evening,101,68,3.846929128867766
GA,Reduced-Service,Evening,101,68,3.846929128867766
GA,Reduced-Service,Evening,101,70,3.846929128867766
GA,Reduced-Service,Evening,101,70,3.846929128867766
GA,Reduced-Service,Evening,101,70,3.846929128867766
GA,Reduced-Service,Evening,101,70,3.846929128867766
GA,Reduced-Service,Evening,101,70,3.846929128867766
GA,Reduced-Service,Evening,101,71,3.846929128867766
GA,Reduced-Service,Evening,101,71,3.846929128867766
GA,Reduced-Service,Evening,101,71,3.846929128867766
GA,Reduced-Service,Evening,101,72,3.846929128867766
GA,Reduced-Service,Evening,101,73,3.846929128867766
GA,Reduced-Service,Evening,101,73,3.846929128867766
GA,Reduced-Service,Evening,101,73,3.846929128867766
GA,Reduced-Service,Evening,101,73,3.846929128867766
GA,Reduced-Service,Evening,101,73,3.846929128867766
GA,Reduced-Service,Evening,101,73,3.846929128867766
GA,Reduced-Service,Evening,101,74,3.846929128867766
GA,Reduced-Service,Evening,101,74,3.846929128867766
GA,Reduced-Service,Evening,101,74,3.846929128867766
GA,Reduced-Service,Evening,101,74,3.846929128867766
GA,Reduced-Service,Evening,101,75,3.846929128867766
GA,Reduced-Service,Evening,101,75,3.846929128867766
GA,Reduced-Service,Evening,101,76,3.846929128867766
GA,Reduced-Service,Evening,101,76,3.846929128867766
GA,Reduced-Service,Evening,101,76,3.846929128867766
GA,Reduced-Service,Evening,101,76,3.846929128867766
GA,Reduced-Service,Evening,101,76,3.846929128867766
GA,Reduced-Service,Evening,101,78,3.846929128867766
GA,Reduced-Service,Evening,101,78,3.846929128867766
GA,Reduced-Service,Evening,101,78,3.846929128867766
GA,Reduced-Service,Evening,101,78,3.846929128867766
GA,Reduced-Service,Evening,101,78,3.846929128867766
GA,Reduced-Service,Evening,101,79,3.846929128867766
GA,Reduced-Service,Evening,101,79,3.846929128867766
GA,Reduced-Service,Evening,101,79,3.846929128867766
GA,Reduced-Service,Evening,101,79,3.846929128867766
GA,Reduced-Service,Evening,101,79,3.846929128867766
GA,Reduced-Service,Evening,101,79,3.846929128867766
GA,Reduced-Service,Evening,101,81,3.846929128867766
GA,Reduced-Service,Evening,101,82,3.846929128867766
GA,Reduced-Service,Evening,101,83,3.846929128867766
GA,Reduced-Service,Evening,101,83,3.846929128867766
GA,Reduced-Service,Evening,101,83,3.846929128867766
GA,Reduced-Service,Evening,101,83,3.846929128867766
GA,Reduced-Service,Evening,101,83,3.846929128867766
GA,Reduced-Service,Evening,101,83,3.846929128867766
GA,Reduced-Service,Evening,101,84,3.846929128867766
GA,Reduced-Service,Evening,101,84,3.846929128867766
GA,Reduced-Service,Evening,101,84,3.846929128867766
GA,Reduced-Service,Evening,101,84,3.846929128867766
GA,Reduced-Service,Evening,101,85,3.846929128867766
GA,Reduced-Service,Evening,101,85,3.846929128867766
GA,Reduced-Service,Evening,101,85,3.846929128867766
GA,Reduced-Service,Evening,101,85,3.846929128867766
GA,Reduced-Service,Evening,101,86,3.846929128867766
GA,Reduced-Service,Evening,101,86,3.846929128867766
GA,Reduced-Service,Evening,101,86,3.846929128867766
GA,Reduced-Service,Evening,101,86,3.846929128867766
GA,Reduced-Service,Evening,101,86,3.846929128867766
GA,Reduced-Service,Evening,101,87,3.846929128867766
GA,Reduced-Service,Evening,101,87,3.846929128867766
GA,Reduced-Service,Evening,101,88,3.846929128867766
GA,Reduced-Service,Evening,101,90,3.846929128867766
GA,Reduced-Service,Evening,101,90,3.846929128867766
GA,Reduced-Service,Evening,101,91,3.846929128867766
GA,Reduced-Service,Evening,101,91,3.846929128867766
GA,Reduced-Service,Evening,101,91,3.846929128867766
GA,Reduced-Service,Evening,101,91,3.846929128867766
GA,Reduced-Service,Evening,101,91,3.846929128867766
GA,Reduced-Service,Evening,101,91,3.846929128867766
GA,Reduced-Service,Evening,101,93,3.846929128867766
GA,Reduced-Service,Evening,101,93,3.846929128867766
GA,Reduced-Service,Evening,101,94,3.846929128867766
GA,Reduced-Service,Evening,101,94,3.846929128867766
GA,Reduced-Service,Evening,101,95,3.846929128867766
GA,Reduced-Service,Evening,101,95,3.846929128867766
GA,Reduced-Service,Evening,101,95,3.846929128867766
GA,Reduced-Service,Evening,101,95,3.846929128867766
GA,Reduced-Service,Evening,101,95,3.846929128867766
GA,Reduced-Service,Evening,101,95,3.846929128867766
GA,Reduced-Service,Evening,101,97,3.846929128867766
GA,Reduced-Service,Evening,101,97,3.846929128867766
GA,Reduced-Service,Evening,101,97,3.846929128867766
GA,Reduced-Service,Evening,101,97,3.846929128867766
GA,Reduced-Service,Evening,101,97,3.846929128867766
GA,Reduced-Service,Evening,101,97,3.846929128867766
GA,Reduced-Service,Evening,101,98,3.846929128867766
GA,Reduced-Service,Evening,101,98,3.846929128867766
GA,Reduced-Service,Evening,101,98,3.846929128867766
GA,Reduced-Service,Evening,101,98,3.846929128867766
GA,Reduced-Service,Evening,101,98,3.846929128867766
GA,Reduced-Service,Evening,101,98,3.846929128867766
GA,Reduced-Service,Evening,101,99,3.846929128867766
GA,Reduced-Service,Evening,101,99,3.846929128867766
GA,Reduced-Service,Evening,101,99,3.846929128867766
GA,Reduced-Service,Evening,101,99,3.846929128867766
GA,Reduced-Service,Evening,101,99,3.846929128867766
GA,Reduced-Service,Evening,101,99,3.846929128867766
GA,Reduced-Service,Evening,101,100,3.846929128867766
GA,Reduced-Service,Evening,202,12,3.8862922544418863
GA,Reduced-Service,Evening,202,19,3.8862922544418863
GA,Reduced-Service,Evening,202,25,3.8099236021151954
GA,Reduced-Service,Evening,202,30,3.8099236021151954
GA,Reduced-Service,Evening,202,35,3.8099236021151954
GA,Reduced-Service,Evening,202,39,3.7823987416744593
GA,Reduced-Service,Evening,202,41,3.7823987416744593
GA,Reduced-Service,Evening,202,45,3.7823987416744593
GA,Reduced-Service,Evening,202,49,3.7823987416744593
GA,Reduced-Service,Evening,202,49,3.7823987416744593
GA,Reduced-Service,Evening,202,53,3.7823987416744593
GA,Reduced-Service,Evening,202,54,3.7823987416744593
GA,Reduced-Service,Evening,202,57,3.7823987416744593
GA,Reduced-Service,Evening,202,59,3.7823987416744593
GA,Reduced-Service,Evening,202,60,3.7823987416744593
GA,Reduced-Service,Evening,202,61,3.7823987416744593
GA,Reduced-Service,Evening,202,61,3.7823987416744593
GA,Reduced-Service,Evening,202,62,3.7823987416744593
GA,Reduced-Service,Evening,202,63,3.7823987416744593
GA,Reduced-Service,Evening,202,63,3.7823987416744593
GA,Reduced-Service,Evening,202,63,3.7823987416744593
GA,Reduced-Service,Evening,202,63,3.7823987416744593
GA,Reduced-Service,Evening,202,64,3.7823987416744593
GA,Reduced-Service,Evening,202,64,3.7823987416744593
GA,Reduced-Service,Evening,202,65,3.7823987416744593
GA,Reduced-Service,Evening,202,66,3.7823987416744593
GA,Reduced-Service,Evening,202,66,3.7823987416744593
GA,Reduced-Service,Evening,202,67,3.7823987416744593
GA,Reduced-Service,Evening,202,67,3.7823987416744593
GA,Reduced-Service,Evening,202,68,3.7823987416744593
GA,Reduced-Service,Evening,202,68,3.7823987416744593
GA,Reduced-Service,Evening,202,69,3.7823987416744593
GA,Reduced-Service,Evening,202,70,3.7823987416744593
GA,Reduced-Service,Evening,202,70,3.7823987416744593
GA,Reduced-Service,Evening,202,70,3.7823987416744593
GA,Reduced-Service,Evening,202,70,3.7823987416744593
GA,Reduced-Service,Evening,202,72,3.7823987416744593
GA,Reduced-Service,Evening,202,72,3.7823987416744593
GA,Reduced-Service,Evening,202,72,3.7823987416744593
GA,Reduced-Service,Evening,202,74,3.7823987416744593
GA,Reduced-Service,Evening,202,76,3.7823987416744593
GA,Reduced-Service,Evening,202,76,3.7823987416744593
GA,Reduced-Service,Evening,202,76,3.7823987416744593
GA,Reduced-Service,Evening,202,76,3.7823987416744593
GA,Reduced-Service,Evening,202,76,3.7823987416744593
GA,Reduced-Service,Evening,202,76,3.7823987416744593
GA,Reduced-Service,Evening,202,77,3.7823987416744593
GA,Reduced-Service,Evening,202,77,3.7823987416744593
GA,Reduced-Service,Evening,202,77,3.7823987416744593
GA,Reduced-Service,Evening,202,78,3.7823987416744593
GA,Reduced-Service,Evening,202,78,3.7823987416744593
GA,Reduced-Service,Evening,202,79,3.7823987416744593
GA,Reduced-Service,Evening,202,79,3.7823987416744593
GA,Reduced-Service,Evening,202,79,3.7823987416744593
GA,Reduced-Service,Evening,202,79,3.7823987416744593
GA,Reduced-Service,Evening,202,79,3.7823987416744593
GA,Reduced-Service,Evening,202,79,3.7823987416744593
GA,Reduced-Service,Evening,202,81,3.7823987416744593
GA,Reduced-Service,Evening,202,81,3.7823987416744593
GA,Reduced-Service,Evening,202,81,3.7823987416744593
GA,Reduced-Service,Evening,202,82,3.7823987416744593
GA,Reduced-Service,Evening,202,82,3.7823987416744593
GA,Reduced-Service,Evening,202,84,3.7823987416744593
GA,Reduced-Service,Evening,202,84,3.7823987416744593
GA,Reduced-Service,Evening,202,86,3.7823987416744593
GA,Reduced-Service,Evening,202,86,3.7823987416744593
GA,Reduced-Service,Evening,202,86,3.7823987416744593
GA,Reduced-Service,Evening,202,87,3.7823987416744593
GA,Reduced-Service,Evening,202,87,3.7823987416744593
GA,Reduced-Service,Evening,202,87,3.7823987416744593
GA,Reduced-Service,Evening,202,87,3.7823987416744593
GA,Reduced-Service,Evening,202,87,3.7823987416744593
GA,Reduced-Service,Evening,202,87,3.7823987416744593
GA,Reduced-Service,Evening,202,88,3.7823987416744593
GA,Reduced-Service,Evening,202,88,3.7823987416744593
GA,Reduced-Service,Evening,202,88,3.7823987416744593
GA,Reduced-Service,Evening,202,88,3.7823987416744593
GA,Reduced-Service,Evening,202,88,3.7823987416744593
GA,Reduced-Service,Evening,202,88,3.7823987416744593
GA,Reduced-Service,Evening,202,89,3.7823987416744593
GA,Reduced-Service,Evening,202,89,3.7823987416744593
GA,Reduced-Service,Evening,202,90,3.7823987416744593
GA,Reduced-Service,Evening,202,91,3.7823987416744593
GA,Reduced-Service,Evening,202,91,3.7823987416744593
GA,Reduced-Service,Evening,202,92,3.7823987416744593
GA,Reduced-Service,Evening,202,92,3.7823987416744593
GA,Reduced-Service,Evening,202,92,3.7823987416744593
GA,Reduced-Service,Evening,202,92,3.7823987416744593
GA,Reduced-Service,Evening,202,92,3.7823987416744593
GA,Reduced-Service,Evening,202,92,3.7823987416744593
GA,Reduced-Service,Evening,202,93,3.7823987416744593
GA,Reduced-Service,Evening,202,93,3.7823987416744593
GA,Reduced-Service,Evening,202,93,3.7823987416744593
GA,Reduced-Service,Evening,202,93,3.7823987416744593
GA,Reduced-Service,Evening,202,93,3.7823987416744593
GA,Reduced-Service,Evening,202,94,3.7823987416744593
GA,Reduced-Service,Evening,202,95,3.7823987416744593
GA,Reduced-Service,Evening,202,95,3.7823987416744593
GA,Reduced-Service,Evening,202,95,3.7823987416744593
GA,Reduced-Service,Evening,202,95,3.7823987416744593
GA,Reduced-Service,Evening,202,95,3.7823987416744593
GA,Reduced-Service,Evening,202,95,3.7823987416744593
GA,Reduced-Service,Evening,202,96,3.7823987416744593
GA,Reduced-Service,Evening,202,96,3.7823987416744593
GA,Reduced-Service,Evening,202,97,3.7823987416744593
GA,Reduced-Service,Evening,202,97,3.7823987416744593
GA,Reduced-Service,Evening,202,97,3.7823987416744593
GA,Reduced-Service,Evening,202,97,3.7823987416744593
GA,Reduced-Service,Evening,202,97,3.7823987416744593
GA,Reduced-Service,Evening,202,98,3.7823987416744593
GA,Reduced-Service,Evening,202,98,3.7823987416744593
GA,Reduced-Service,Evening,202,98,3.7823987416744593
GA,Reduced-Service,Evening,202,98,3.7823987416744593
GA,Reduced-Service,Evening,202,98,3.7823987416744593
GA,Reduced-Service,Evening,202,98,3.7823987416744593
GA,Reduced-Service,Evening,202,99,3.7823987416744593
GA,Reduced-Service,Evening,202,99,3.7823987416744593
GA,Reduced-Service,Evening,202,99,3.7823987416744593
GA,Reduced-Service,Evening,202,99,3.7823987416744593
GA,Reduced-Service,Evening,202,99,3.7823987416744593
GA,Reduced-Service,Evening,202,100,3.7823987416744593
GA,Reduced-Service,Evening,303,12,3.9639656430781876
GA,Reduced-Service,Evening,303,21,3.8851386150337732
GA,Reduced-Service,Evening,303,29,3.865221662903778
GA,Reduced-Service,Evening,303,37,3.813749286970532
GA,Reduced-Service,Evening,303,42,3.813749286970532
GA,Reduced-Service,Evening,303,47,3.813749286970532
GA,Reduced-Service,Evening,303,50,3.813749286970532
GA,Reduced-Service,Evening,303,54,3.8113988797006852
GA,Reduced-Service,Evening,303,57,3.8113988797006852
GA,Reduced-Service,Evening,303,62,3.8113988797006852
GA,Reduced-Service,Evening,303,64,3.8113988797006852
GA,Reduced-Service,Evening,303,67,3.8113988797006852
GA,Reduced-Service,Evening,303,69,3.8113988797006852
GA,Reduced-Service,Evening,303,73,3.7823987416744593
GA,Reduced-Service,Evening,303,75,3.7823987416744593
GA,Reduced-Service,Evening,303,78,3.7823987416744593
GA,Reduced-Service,Evening,303,81,3.7823987416744593
GA,Reduced-Service,Evening,303,81,3.7823987416744593
GA,Reduced-Service,Evening,303,82,3.7823987416744593
GA,Reduced-Service,Evening,303,84,3.7823987416744593
GA,Reduced-Service,Evening,303,84,3.7823987416744593
GA,Reduced-Service,Evening,303,86,3.7823987416744593
GA,Reduced-Service,Evening,303,88,3.7823987416744593
GA,Reduced-Service,Evening,303,88,3.7823987416744593
GA,Reduced-Service,Evening,303,88,3.7823987416744593
GA,Reduced-Service,Evening,303,89,3.7823987416744593
GA,Reduced-Service,Evening,303,89,3.7823987416744593
GA,Reduced-Service,Evening,303,90,3.7823987416744593
GA,Reduced-Service,Evening,303,90,3.7823987416744593
GA,Reduced-Service,Evening,303,90,3.7823987416744593
GA,Reduced-Service,Evening,303,90,3.7823987416744593
GA,Reduced-Service,Evening,303,91,3.7823987416744593
GA,Reduced-Service,Evening,303,91,3.7823987416744593
GA,Reduced-Service,Evening,303,91,3.7823987416744593
GA,Reduced-Service,Evening,303,91,3.7823987416744593
GA,Reduced-Service,Evening,303,91,3.7823987416744593
GA,Reduced-Service,Evening,303,91,3.7823987416744593
GA,Reduced-Service,Evening,303,92,3.7823987416744593
GA,Reduced-Service,Evening,303,92,3.7823987416744593
GA,Reduced-Service,Evening,303,93,3.7823987416744593
GA,Reduced-Service,Evening,303,93,3.7823987416744593
GA,Reduced-Service,Evening,303,94,3.7823987416744593
GA,Reduced-Service,Evening,303,94,3.7823987416744593
GA,Reduced-Service,Evening,303,95,3.7823987416744593
GA,Reduced-Service,Evening,303,95,3.7823987416744593
GA,Reduced-Service,Evening,303,95,3.7823987416744593
GA,Reduced-Service,Evening,303,95,3.7823987416744593
GA,Reduced-Service,Evening,303,95,3.7823987416744593
GA,Reduced-Service,Evening,303,95,3.7823987416744593
GA,Reduced-Service,Evening,303,96,3.7823987416744593
GA,Reduced-Service,Evening,303,96,3.7823987416744593
GA,Reduced-Service,Evening,303,96,3.7823987416744593
GA,Reduced-Service,Evening,303,98,3.7823987416744593
GA,Reduced-Service,Evening,303,98,3.7823987416744593
GA,Reduced-Service,Evening,303,98,3.7823987416744593
GA,Reduced-Service,Evening,303,98,3.7823987416744593
GA,Reduced-Service,Evening,303,98,3.7823987416744593
GA,Reduced-Service,Evening,303,98,3.7823987416744593
GA,Reduced-Service,Evening,303,99,3.7823987416744593
GA,Reduced-Service,Evening,303,100,3.7823987416744593
GA,Combined,Morning,101,12,3.895884602974668
GA,Combined,Morning,101,18,3.895884602974668
GA,Combined,Morning,101,26,3.850905948316085
GA,Combined,Morning,101,33,3.850905948316085
GA,Combined,Morning,101,39,3.850905948316085
GA,Combined,Morning,101,41,3.8065422345519564
GA,Combined,Morning,101,42,3.8065422345519564
GA,Combined,Morning,101,45,3.8065422345519564
GA,Combined,Morning,101,49,3.8065422345519564
GA,Combined,Morning,101,53,3.799656069759423
GA,Combined,Morning,101,55,3.799656069759423
GA,Combined,Morning,101,55,3.799656069759423
GA,Combined,Morning,101,58,3.799656069759423
GA,Combined,Morning,101,61,3.799656069759423
GA,Combined,Morning,101,64,3.799656069759423
GA,Combined,Morning,101,65,3.799656069759423
GA,Combined,Morning,101,65,3.799656069759423
GA,Combined,Morning,101,65,3.799656069759423
GA,Combined,Morning,101,65,3.799656069759423
GA,Combined,Morning,101,66,3.799656069759423
GA,Combined,Morning,101,66,3.799656069759423
GA,Combined,Morning,101,66,3.799656069759423
GA,Combined,Morning,101,66,3.799656069759423
GA,Combined,Morning,101,67,3.799656069759423
GA,Combined,Morning,101,69,3.799656069759423
GA,Combined,Morning,101,71,3.799656069759423
GA,Combined,Morning,101,72,3.799656069759423
GA,Combined,Morning,101,73,3.799656069759423
GA,Combined,Morning,101,75,3.799656069759423
GA,Combined,Morning,101,75,3.799656069759423
GA,Combined,Morning,101,75,3.799656069759423
GA,Combined,Morning,101,75,3.799656069759423
GA,Combined,Morning,101,75,3.799656069759423
GA,Combined,Morning,101,75,3.799656069759423
GA,Combined,Morning,101,76,3.799656069759423
GA,Combined,Morning,101,76,3.799656069759423
GA,Combined,Morning,101,76,3.799656069759423
GA,Combined,Morning,101,76,3.799656069759423
GA,Combined,Morning,101,76,3.799656069759423
GA,Combined,Morning,101,76,3.799656069759423
GA,Combined,Morning,101,77,3.799656069759423
GA,Combined,Morning,101,77,3.799656069759423
GA,Combined,Morning,101,77,3.799656069759423
GA,Combined,Morning,101,77,3.799656069759423
GA,Combined,Morning,101,77,3.799656069759423
GA,Combined,Morning,101,77,3.799656069759423
GA,Combined,Morning,101,78,3.799656069759423
GA,Combined,Morning,101,78,3.799656069759423
GA,Combined,Morning,101,78,3.799656069759423
GA,Combined,Morning,101,78,3.799656069759423
GA,Combined,Morning,101,78,3.799656069759423
GA,Combined,Morning,101,78,3.799656069759423
GA,Combined,Morning,101,80,3.799656069759423
GA,Combined,Morning,101,80,3.799656069759423
GA,Combined,Morning,101,80,3.799656069759423
GA,Combined,Morning,101,80,3.799656069759423
GA,Combined,Morning,101,80,3.799656069759423
GA,Combined,Morning,101,81,3.799656069759423
GA,Combined,Morning,101,81,3.799656069759423
GA,Combined,Morning,101,81,3.799656069759423
GA,Combined,Morning,101,81,3.799656069759423
GA,Combined,Morning,101,82,3.799656069759423
GA,Combined,Morning,101,82,3.799656069759423
GA,Combined,Morning,101,82,3.799656069759423
GA,Combined,Morning,101,82,3.799656069759423
GA,Combined,Morning,101,82,3.799656069759423
GA,Combined,Morning,101,82,3.799656069759423
GA,Combined,Morning,101,83,3.799656069759423
GA,Combined,Morning,101,83,3.799656069759423
GA,Combined,Morning,101,83,3.799656069759423
GA,Combined,Morning,101,83,3.799656069759423
GA,Combined,Morning,101,83,3.799656069759423
GA,Combined,Morning,101,85,3.799656069759423
GA,Combined,Morning,101,86,3.799656069759423
GA,Combined,Morning,101,86,3.799656069759423
GA,Combined,Morning,101,86,3.799656069759423
GA,Combined,Morning,101,86,3.799656069759423
GA,Combined,Morning,101,86,3.799656069759423
GA,Combined,Morning,101,86,3.799656069759423
GA,Combined,Morning,101,87,3.799656069759423
GA,Combined,Morning,101,87,3.799656069759423
GA,Combined,Morning,101,88,3.799656069759423
GA,Combined,Morning,101,88,3.799656069759423
GA,Combined,Morning,101,88,3.799656069759423
GA,Combined,Morning,101,88,3.799656069759423
GA,Combined,Morning,101,88,3.799656069759423
GA,Combined,Morning,101,88,3.799656069759423
GA,Combined,Morning,101,89,3.799656069759423
GA,Combined,Morning,101,89,3.799656069759423
GA,Combined,Morning,101,90,3.799656069759423
GA,Combined,Morning,101,90,3.799656069759423
GA,Combined,Morning,101,90,3.799656069759423
GA,Combined,Morning,101,90,3.799656069759423
GA,Combined,Morning,101,90,3.799656069759423
GA,Combined,Morning,101,90,3.799656069759423
GA,Combined,Morning,101,91,3.799656069759423
GA,Combined,Morning,101,91,3.799656069759423
GA,Combined,Morning,101,91,3.799656069759423
GA,Combined,Morning,101,91,3.799656069759423
GA,Combined,Morning,101,91,3.799656069759423
GA,Combined,Morning,101,91,3.799656069759423
GA,Combined,Morning,101,92,3.799656069759423
GA,Combined,Morning,101,92,3.799656069759423
GA,Combined,Morning,101,92,3.799656069759423
GA,Combined,Morning,101,92,3.799656069759423
GA,Combined,Morning,101,93,3.799656069759423
GA,Combined,Morning,101,93,3.799656069759423
GA,Combined,Morning,101,93,3.799656069759423
GA,Combined,Morning,101,93,3.799656069759423
GA,Combined,Morning,101,93,3.799656069759423
GA,Combined,Morning,101,93,3.799656069759423
GA,Combined,Morning,101,94,3.799656069759423
GA,Combined,Morning,101,94,3.799656069759423
GA,Combined,Morning,101,94,3.799656069759423
GA,Combined,Morning,101,95,3.799656069759423
GA,Combined,Morning,101,95,3.799656069759423
GA,Combined,Morning,101,95,3.799656069759423
GA,Combined,Morning,101,95,3.799656069759423
GA,Combined,Morning,101,95,3.799656069759423
GA,Combined,Morning,101,95,3.799656069759423
GA,Combined,Morning,101,96,3.799656069759423
GA,Combined,Morning,101,96,3.799656069759423
GA,Combined,Morning,101,96,3.799656069759423
GA,Combined,Morning,101,96,3.799656069759423
GA,Combined,Morning,101,96,3.799656069759423
GA,Combined,Morning,101,96,3.799656069759423
GA,Combined,Morning,101,97,3.799656069759423
GA,Combined,Morning,101,97,3.799656069759423
GA,Combined,Morning,101,98,3.799656069759423
GA,Combined,Morning,101,98,3.799656069759423
GA,Combined,Morning,101,98,3.799656069759423
GA,Combined,Morning,101,98,3.799656069759423
GA,Combined,Morning,101,98,3.799656069759423
GA,Combined,Morning,101,98,3.799656069759423
GA,Combined,Morning,101,99,3.799656069759423
GA,Combined,Morning,101,99,3.799656069759423
GA,Combined,Morning,101,99,3.799656069759423
GA,Combined,Morning,101,99,3.799656069759423
GA,Combined,Morning,101,99,3.799656069759423
GA,Combined,Morning,101,99,3.799656069759423
GA,Combined,Morning,101,100,3.799656069759423
GA,Combined,Morning,202,12,3.9486426922505253
GA,Combined,Morning,202,20,3.9148605053791536
GA,Combined,Morning,202,26,3.9148605053791536
GA,Combined,Morning,202,32,3.851931453171371
GA,Combined,Morning,202,36,3.8065422345519564
GA,Combined,Morning,202,42,3.799656069759423
GA,Combined,Morning,202,46,3.799656069759423
GA,Combined,Morning,202,48,3.799656069759423
GA,Combined,Morning,202,49,3.799656069759423
GA,Combined,Morning,202,51,3.799656069759423
GA,Combined,Morning,202,55,3.799656069759423
GA,Combined,Morning,202,56,3.799656069759423
GA,Combined,Morning,202,59,3.799656069759423
GA,Combined,Morning,202,62,3.799656069759423
GA,Combined,Morning,202,63,3.799656069759423
GA,Combined,Morning,202,63,3.799656069759423
GA,Combined,Morning,202,65,3.799656069759423
GA,Combined,Morning,202,65,3.799656069759423
GA,Combined,Morning,202,65,3.799656069759423
GA,Combined,Morning,202,65,3.799656069759423
GA,Combined,Morning,202,65,3.799656069759423
GA,Combined,Morning,202,66,3.799656069759423
GA,Combined,Morning,202,66,3.799656069759423
GA,Combined,Morning,202,67,3.799656069759423
GA,Combined,Morning,202,67,3.799656069759423
GA,Combined,Morning,202,67,3.799656069759423
GA,Combined,Morning,202,67,3.799656069759423
GA,Combined,Morning,202,68,3.799656069759423
GA,Combined,Morning,202,69,3.799656069759423
GA,Combined,Morning,202,70,3.799656069759423
GA,Combined,Morning,202,70,3.799656069759423
GA,Combined,Morning,202,71,3.799656069759423
GA,Combined,Morning,202,73,3.799656069759423
GA,Combined,Morning,202,73,3.799656069759423
GA,Combined,Morning,202,73,3.799656069759423
GA,Combined,Morning,202,73,3.799656069759423
GA,Combined,Morning,202,74,3.799656069759423
GA,Combined,Morning,202,74,3.799656069759423
GA,Combined,Morning,202,74,3.799656069759423
GA,Combined,Morning,202,74,3.799656069759423
GA,Combined,Morning,202,74,3.799656069759423
GA,Combined,Morning,202,74,3.799656069759423
GA,Combined,Morning,202,75,3.799656069759423
GA,Combined,Morning,202,75,3.799656069759423
GA,Combined,Morning,202,75,3.799656069759423
GA,Combined,Morning,202,75,3.799656069759423
GA,Combined,Morning,202,75,3.799656069759423
GA,Combined,Morning,202,76,3.799656069759423
GA,Combined,Morning,202,76,3.799656069759423
GA,Combined,Morning,202,77,3.799656069759423
GA,Combined,Morning,202,77,3.799656069759423
GA,Combined,Morning,202,77,3.799656069759423
GA,Combined,Morning,202,77,3.799656069759423
GA,Combined,Morning,202,77,3.799656069759423
GA,Combined,Morning,202,77,3.799656069759423
GA,Combined,Morning,202,78,3.799656069759423
GA,Combined,Morning,202,78,3.799656069759423
GA,Combined,Morning,202,78,3.799656069759423
GA,Combined,Morning,202,78,3.799656069759423
GA,Combined,Morning,202,78,3.799656069759423
GA,Combined,Morning,202,78,3.799656069759423
GA,Combined,Morning,202,81,3.799656069759423
GA,Combined,Morning,202,81,3.799656069759423
GA,Combined,Morning,202,81,3.799656069759423
GA,Combined,Morning,202,82,3.799656069759423
GA,Combined,Morning,202,82,3.799656069759423
GA,Combined,Morning,202,82,3.799656069759423
GA,Combined,Morning,202,82,3.799656069759423
GA,Combined,Morning,202,82,3.799656069759423
GA,Combined,Morning,202,82,3.799656069759423
GA,Combined,Morning,202,83,3.799656069759423
GA,Combined,Morning,202,83,3.799656069759423
GA,Combined,Morning,202,83,3.799656069759423
GA,Combined,Morning,202,83,3.799656069759423
GA,Combined,Morning,202,84,3.799656069759423
GA,Combined,Morning,202,84,3.799656069759423
GA,Combined,Morning,202,84,3.799656069759423
GA,Combined,Morning,202,84,3.799656069759423
GA,Combined,Morning,202,84,3.799656069759423
GA,Combined,Morning,202,84,3.799656069759423
GA,Combined,Morning,202,85,3.799656069759423
GA,Combined,Morning,202,85,3.799656069759423
GA,Combined,Morning,202,85,3.799656069759423
GA,Combined,Morning,202,85,3.799656069759423
GA,Combined,Morning,202,85,3.799656069759423
GA,Combined,Morning,202,85,3.799656069759423
GA,Combined,Morning,202,86,3.799656069759423
GA,Combined,Morning,202,86,3.799656069759423
GA,Combined,Morning,202,87,3.799656069759423
GA,Combined,Morning,202,87,3.799656069759423
GA,Combined,Morning,202,88,3.799656069759423
GA,Combined,Morning,202,88,3.799656069759423
GA,Combined,Morning,202,89,3.799656069759423
GA,Combined,Morning,202,89,3.799656069759423
GA,Combined,Morning,202,91,3.799656069759423
GA,Combined,Morning,202,91,3.799656069759423
GA,Combined,Morning,202,91,3.799656069759423
GA,Combined,Morning,202,92,3.799656069759423
GA,Combined,Morning,202,92,3.799656069759423
GA,Combined,Morning,202,92,3.799656069759423
GA,Combined,Morning,202,92,3.799656069759423
GA,Combined,Morning,202,92,3.799656069759423
GA,Combined,Morning,202,92,3.799656069759423
GA,Combined,Morning,202,94,3.799656069759423
GA,Combined,Morning,202,94,3.799656069759423
GA,Combined,Morning,202,96,3.799656069759423
GA,Combined,Morning,202,96,3.799656069759423
GA,Combined,Morning,202,96,3.799656069759423
GA,Combined,Morning,202,96,3.799656069759423
GA,Combined,Morning,202,96,3.799656069759423
GA,Combined,Morning,202,96,3.799656069759423
GA,Combined,Morning,202,97,3.799656069759423
GA,Combined,Morning,202,97,3.799656069759423
GA,Combined,Morning,202,97,3.799656069759423
GA,Combined,Morning,202,97,3.799656069759423
GA,Combined,Morning,202,97,3.799656069759423
GA,Combined,Morning,202,97,3.799656069759423
GA,Combined,Morning,202,98,3.799656069759423
GA,Combined,Morning,202,98,3.799656069759423
GA,Combined,Morning,202,98,3.799656069759423
GA,Combined,Morning,202,98,3.799656069759423
GA,Combined,Morning,202,98,3.799656069759423
GA,Combined,Morning,202,98,3.799656069759423
GA,Combined,Morning,202,99,3.799656069759423
GA,Combined,Morning,202,99,3.799656069759423
GA,Combined,Morning,202,99,3.799656069759423
GA,Combined,Morning,202,99,3.799656069759423
GA,Combined,Morning,202,99,3.799656069759423
GA,Combined,Morning,202,99,3.799656069759423
GA,Combined,Morning,202,100,3.799656069759423
GA,Combined,Morning,303,12,3.9486426922505253
GA,Combined,Morning,303,22,3.8065422345519564
GA,Combined,Morning,303,30,3.8065422345519564
GA,Combined,Morning,303,36,3.8065422345519564
GA,Combined,Morning,303,42,3.799656069759423
GA,Combined,Morning,303,46,3.799656069759423
GA,Combined,Morning,303,49,3.799656069759423
GA,Combined,Morning,303,53,3.799656069759423
GA,Combined,Morning,303,53,3.799656069759423
GA,Combined,Morning,303,56,3.799656069759423
GA,Combined,Morning,303,59,3.799656069759423
GA,Combined,Morning,303,59,3.799656069759423
GA,Combined,Morning,303,61,3.799656069759423
GA,Combined,Morning,303,61,3.799656069759423
GA,Combined,Morning,303,62,3.799656069759423
GA,Combined,Morning,303,62,3.799656069759423
GA,Combined,Morning,303,62,3.799656069759423
GA,Combined,Morning,303,63,3.799656069759423
GA,Combined,Morning,303,63,3.799656069759423
GA,Combined,Morning,303,63,3.799656069759423
GA,Combined,Morning,303,63,3.799656069759423
GA,Combined,Morning,303,63,3.799656069759423
GA,Combined,Morning,303,63,3.799656069759423
GA,Combined,Morning,303,64,3.799656069759423
GA,Combined,Morning,303,66,3.799656069759423
GA,Combined,Morning,303,66,3.799656069759423
GA,Combined,Morning,303,66,3.799656069759423
GA,Combined,Morning,303,66,3.799656069759423
GA,Combined,Morning,303,66,3.799656069759423
GA,Combined,Morning,303,66,3.799656069759423
GA,Combined,Morning,303,67,3.799656069759423
GA,Combined,Morning,303,67,3.799656069759423
GA,Combined,Morning,303,67,3.799656069759423
GA,Combined,Morning,303,67,3.799656069759423
GA,Combined,Morning,303,67,3.799656069759423
GA,Combined,Morning,303,67,3.799656069759423
GA,Combined,Morning,303,68,3.799656069759423
GA,Combined,Morning,303,68,3.799656069759423
GA,Combined,Morning,303,69,3.799656069759423
GA,Combined,Morning,303,69,3.799656069759423
GA,Combined,Morning,303,69,3.799656069759423
GA,Combined,Morning,303,69,3.799656069759423
GA,Combined,Morning,303,69,3.799656069759423
GA,Combined,Morning,303,69,3.799656069759423
GA,Combined,Morning,303,71,3.799656069759423
GA,Combined,Morning,303,71,3.799656069759423
GA,Combined,Morning,303,72,3.799656069759423
GA,Combined,Morning,303,72,3.799656069759423
GA,Combined,Morning,303,72,3.799656069759423
GA,Combined,Morning,303,72,3.799656069759423
GA,Combined,Morning,303,74,3.799656069759423
GA,Combined,Morning,303,75,3.799656069759423
GA,Combined,Morning,303,75,3.799656069759423
GA,Combined,Morning,303,75,3.799656069759423
GA,Combined,Morning,303,75,3.799656069759423
GA,Combined,Morning,303,76,3.799656069759423
GA,Combined,Morning,303,76,3.799656069759423
GA,Combined,Morning,303,76,3.799656069759423
GA,Combined,Morning,303,76,3.799656069759423
GA,Combined,Morning,303,76,3.799656069759423
GA,Combined,Morning,303,76,3.799656069759423
GA,Combined,Morning,303,77,3.799656069759423
GA,Combined,Morning,303,77,3.799656069759423
GA,Combined,Morning,303,77,3.799656069759423
GA,Combined,Morning,303,77,3.799656069759423
GA,Combined,Morning,303,77,3.799656069759423
GA,Combined,Morning,303,77,3.799656069759423
GA,Combined,Morning,303,78,3.799656069759423
GA,Combined,Morning,303,78,3.799656069759423
GA,Combined,Morning,303,78,3.799656069759423
GA,Combined,Morning,303,78,3.799656069759423
GA,Combined,Morning,303,78,3.799656069759423
GA,Combined,Morning,303,78,3.799656069759423
GA,Combined,Morning,303,79,3.799656069759423
GA,Combined,Morning,303,79,3.799656069759423
GA,Combined,Morning,303,79,3.799656069759423
GA,Combined,Morning,303,79,3.799656069759423
GA,Combined,Morning,303,79,3.799656069759423
GA,Combined,Morning,303,80,3.799656069759423
GA,Combined,Morning,303,80,3.799656069759423
GA,Combined,Morning,303,81,3.799656069759423
GA,Combined,Morning,303,82,3.799656069759423
GA,Combined,Morning,303,82,3.799656069759423
GA,Combined,Morning,303,83,3.799656069759423
GA,Combined,Morning,303,83,3.799656069759423
GA,Combined,Morning,303,83,3.799656069759423
GA,Combined,Morning,303,83,3.799656069759423
GA,Combined,Morning,303,84,3.799656069759423
GA,Combined,Morning,303,84,3.799656069759423
GA,Combined,Morning,303,84,3.799656069759423
GA,Combined,Morning,303,84,3.799656069759423
GA,Combined,Morning,303,84,3.799656069759423
GA,Combined,Morning,303,84,3.799656069759423
GA,Combined,Morning,303,85,3.799656069759423
GA,Combined,Morning,303,86,3.799656069759423
GA,Combined,Morning,303,86,3.799656069759423
GA,Combined,Morning,303,86,3.799656069759423
GA,Combined,Morning,303,87,3.799656069759423
GA,Combined,Morning,303,87,3.799656069759423
GA,Combined,Morning,303,87,3.799656069759423
GA,Combined,Morning,303,87,3.799656069759423
GA,Combined,Morning,303,87,3.799656069759423
GA,Combined,Morning,303,87,3.799656069759423
GA,Combined,Morning,303,88,3.799656069759423
GA,Combined,Morning,303,89,3.799656069759423
GA,Combined,Morning,303,89,3.799656069759423
GA,Combined,Morning,303,89,3.799656069759423
GA,Combined,Morning,303,89,3.799656069759423
GA,Combined,Morning,303,89,3.799656069759423
GA,Combined,Morning,303,89,3.799656069759423
GA,Combined,Morning,303,90,3.799656069759423
GA,Combined,Morning,303,90,3.799656069759423
GA,Combined,Morning,303,90,3.799656069759423
GA,Combined,Morning,303,90,3.799656069759423
GA,Combined,Morning,303,90,3.799656069759423
GA,Combined,Morning,303,90,3.799656069759423
GA,Combined,Morning,303,91,3.799656069759423
GA,Combined,Morning,303,91,3.799656069759423
GA,Combined,Morning,303,91,3.799656069759423
GA,Combined,Morning,303,91,3.799656069759423
GA,Combined,Morning,303,91,3.799656069759423
GA,Combined,Morning,303,91,3.799656069759423
GA,Combined,Morning,303,92,3.799656069759423
GA,Combined,Morning,303,92,3.799656069759423
GA,Combined,Morning,303,93,3.799656069759423
GA,Combined,Morning,303,93,3.799656069759423
GA,Combined,Morning,303,93,3.799656069759423
GA,Combined,Morning,303,93,3.799656069759423
GA,Combined,Morning,303,93,3.799656069759423
GA,Combined,Morning,303,93,3.799656069759423
GA,Combined,Morning,303,94,3.799656069759423
GA,Combined,Morning,303,95,3.799656069759423
GA,Combined,Morning,303,95,3.799656069759423
GA,Combined,Morning,303,96,3.799656069759423
GA,Combined,Morning,303,96,3.799656069759423
GA,Combined,Morning,303,97,3.799656069759423
GA,Combined,Morning,303,98,3.799656069759423
GA,Combined,Morning,303,98,3.799656069759423
GA,Combined,Morning,303,98,3.799656069759423
GA,Combined,Morning,303,98,3.799656069759423
GA,Combined,Morning,303,98,3.799656069759423
GA,Combined,Morning,303,98,3.799656069759423
GA,Combined,Morning,303,99,3.799656069759423
GA,Combined,Morning,303,99,3.799656069759423
GA,Combined,Morning,303,99,3.799656069759423
GA,Combined,Morning,303,99,3.799656069759423
GA,Combined,Morning,303,99,3.799656069759423
GA,Combined,Morning,303,99,3.799656069759423
GA,Combined,Morning,303,100,3.799656069759423
GA,Combined,Evening,101,12,3.964990139935464
GA,Combined,Evening,101,21,3.951180158608927
GA,Combined,Evening,101,28,3.9131247799104125
GA,Combined,Evening,101,36,3.8790914119396893
GA,Combined,Evening,101,44,3.865490520947682
GA,Combined,Evening,101,50,3.8595282456847633
GA,Combined,Evening,101,56,3.8595282456847633
GA,Combined,Evening,101,58,3.8595282456847633
GA,Combined,Evening,101,61,3.8595282456847633
GA,Combined,Evening,101,65,3.8595282456847633
GA,Combined,Evening,101,65,3.8595282456847633
GA,Combined,Evening,101,65,3.8595282456847633
GA,Combined,Evening,101,65,3.8595282456847633
GA,Combined,Evening,101,66,3.8595282456847633
GA,Combined,Evening,101,66,3.8595282456847633
GA,Combined,Evening,101,67,3.8595282456847633
GA,Combined,Evening,101,69,3.8595282456847633
GA,Combined,Evening,101,69,3.8595282456847633
GA,Combined,Evening,101,69,3.8595282456847633
GA,Combined,Evening,101,70,3.8595282456847633
GA,Combined,Evening,101,70,3.8595282456847633
GA,Combined,Evening,101,70,3.8595282456847633
GA,Combined,Evening,101,70,3.8595282456847633
GA,Combined,Evening,101,71,3.8595282456847633
GA,Combined,Evening,101,71,3.8595282456847633
GA,Combined,Evening,101,71,3.8595282456847633
GA,Combined,Evening,101,71,3.8595282456847633
GA,Combined,Evening,101,71,3.8595282456847633
GA,Combined,Evening,101,71,3.8595282456847633
GA,Combined,Evening,101,72,3.8595282456847633
GA,Combined,Evening,101,73,3.8595282456847633
GA,Combined,Evening,101,74,3.8595282456847633
GA,Combined,Evening,101,74,3.8595282456847633
GA,Combined,Evening,101,74,3.8595282456847633
GA,Combined,Evening,101,74,3.8595282456847633
GA,Combined,Evening,101,75,3.8595282456847633
GA,Combined,Evening,101,75,3.8595282456847633
GA,Combined,Evening,101,75,3.8595282456847633
GA,Combined,Evening,101,76,3.8595282456847633
GA,Combined,Evening,101,76,3.8595282456847633
GA,Combined,Evening,101,76,3.8595282456847633
GA,Combined,Evening,101,76,3.8595282456847633
GA,Combined,Evening,101,76,3.8595282456847633
GA,Combined,Evening,101,76,3.8595282456847633
GA,Combined,Evening,101,77,3.8595282456847633
GA,Combined,Evening,101,77,3.8595282456847633
GA,Combined,Evening,101,77,3.8595282456847633
GA,Combined,Evening,101,77,3.8595282456847633
GA,Combined,Evening,101,77,3.8595282456847633
GA,Combined,Evening,101,77,3.8595282456847633
GA,Combined,Evening,101,79,3.8595282456847633
GA,Combined,Evening,101,79,3.8595282456847633
GA,Combined,Evening,101,80,3.8595282456847633
GA,Combined,Evening,101,81,3.8595282456847633
GA,Combined,Evening,101,83,3.8595282456847633
GA,Combined,Evening,101,83,3.8595282456847633
GA,Combined,Evening,101,83,3.8595282456847633
GA,Combined,Evening,101,83,3.8595282456847633
GA,Combined,Evening,101,84,3.8595282456847633
GA,Combined,Evening,101,84,3.8595282456847633
GA,Combined,Evening,101,84,3.8595282456847633
GA,Combined,Evening,101,85,3.8595282456847633
GA,Combined,Evening,101,85,3.8595282456847633
GA,Combined,Evening,101,85,3.8595282456847633
GA,Combined,Evening,101,85,3.8595282456847633
GA,Combined,Evening,101,86,3.8595282456847633
GA,Combined,Evening,101,87,3.8595282456847633
GA,Combined,Evening,101,87,3.8595282456847633
GA,Combined,Evening,101,87,3.8595282456847633
GA,Combined,Evening,101,87,3.8595282456847633
GA,Combined,Evening,101,87,3.8595282456847633
GA,Combined,Evening,101,87,3.8595282456847633
GA,Combined,Evening,101,88,3.8595282456847633
GA,Combined,Evening,101,88,3.8595282456847633
GA,Combined,Evening,101,88,3.8595282456847633
GA,Combined,Evening,101,88,3.8595282456847633
GA,Combined,Evening,101,88,3.8595282456847633
GA,Combined,Evening,101,89,3.8595282456847633
GA,Combined,Evening,101,89,3.8595282456847633
GA,Combined,Evening,101,89,3.8595282456847633
GA,Combined,Evening,101,89,3.8595282456847633
GA,Combined,Evening,101,89,3.8595282456847633
GA,Combined,Evening,101,89,3.8595282456847633
GA,Combined,Evening,101,90,3.8595282456847633
GA,Combined,Evening,101,90,3.8595282456847633
GA,Combined,Evening,101,90,3.8595282456847633
GA,Combined,Evening,101,90,3.8595282456847633
GA,Combined,Evening,101,90,3.8595282456847633
GA,Combined,Evening,101,90,3.8595282456847633
GA,Combined,Evening,101,91,3.8595282456847633
GA,Combined,Evening,101,91,3.8595282456847633
GA,Combined,Evening,101,91,3.8595282456847633
GA,Combined,Evening,101,92,3.8595282456847633
GA,Combined,Evening,101,92,3.8595282456847633
GA,Combined,Evening,101,92,3.8595282456847633
GA,Combined,Evening,101,93,3.8595282456847633
GA,Combined,Evening,101,93,3.8595282456847633
GA,Combined,Evening,101,93,3.8595282456847633
GA,Combined,Evening,101,94,3.8595282456847633
GA,Combined,Evening,101,94,3.8595282456847633
GA,Combined,Evening,101,95,3.8595282456847633
GA,Combined,Evening,101,95,3.8595282456847633
GA,Combined,Evening,101,96,3.8595282456847633
GA,Combined,Evening,101,96,3.8595282456847633
GA,Combined,Evening,101,96,3.8595282456847633
GA,Combined,Evening,101,97,3.8595282456847633
GA,Combined,Evening,101,97,3.8595282456847633
GA,Combined,Evening,101,98,3.8595282456847633
GA,Combined,Evening,101,98,3.8595282456847633
GA,Combined,Evening,101,98,3.8595282456847633
GA,Combined,Evening,101,99,3.8595282456847633
GA,Combined,Evening,101,99,3.8595282456847633
GA,Combined,Evening,101,100,3.8595282456847633
GA,Combined,Evening,202,12,3.8790824136134576
GA,Combined,Evening,202,21,3.8790824136134576
GA,Combined,Evening,202,28,3.8678861081159304
GA,Combined,Evening,202,33,3.8650877018345553
GA,Combined,Evening,202,40,3.8595282456847633
GA,Combined,Evening,202,45,3.8595282456847633
GA,Combined,Evening,202,47,3.8595282456847633
GA,Combined,Evening,202,51,3.8595282456847633
GA,Combined,Evening,202,56,3.8595282456847633
GA,Combined,Evening,202,59,3.8595282456847633
GA,Combined,Evening,202,62,3.8595282456847633
GA,Combined,Evening,202,64,3.8595282456847633
GA,Combined,Evening,202,66,3.8595282456847633
GA,Combined,Evening,202,67,3.8595282456847633
GA,Combined,Evening,202,68,3.8595282456847633
GA,Combined,Evening,202,68,3.8595282456847633
GA,Combined,Evening,202,68,3.8595282456847633
GA,Combined,Evening,202,68,3.8595282456847633
GA,Combined,Evening,202,68,3.8595282456847633
GA,Combined,Evening,202,68,3.8595282456847633
GA,Combined,Evening,202,69,3.8595282456847633
GA,Combined,Evening,202,70,3.8595282456847633
GA,Combined,Evening,202,70,3.8595282456847633
GA,Combined,Evening,202,70,3.8595282456847633
GA,Combined,Evening,202,70,3.8595282456847633
GA,Combined,Evening,202,70,3.8595282456847633
GA,Combined,Evening,202,70,3.8595282456847633
GA,Combined,Evening,202,72,3.8595282456847633
GA,Combined,Evening,202,73,3.8595282456847633
GA,Combined,Evening,202,73,3.8595282456847633
GA,Combined,Evening,202,74,3.8595282456847633
GA,Combined,Evening,202,74,3.8595282456847633
GA,Combined,Evening,202,76,3.8595282456847633
GA,Combined,Evening,202,76,3.8595282456847633
GA,Combined,Evening,202,76,3.8595282456847633
GA,Combined,Evening,202,76,3.8595282456847633
GA,Combined,Evening,202,76,3.8595282456847633
GA,Combined,Evening,202,76,3.8595282456847633
GA,Combined,Evening,202,77,3.8595282456847633
GA,Combined,Evening,202,77,3.8595282456847633
GA,Combined,Evening,202,77,3.8595282456847633
GA,Combined,Evening,202,77,3.8595282456847633
GA,Combined,Evening,202,77,3.8595282456847633
GA,Combined,Evening,202,77,3.8595282456847633
GA,Combined,Evening,202,78,3.8595282456847633
GA,Combined,Evening,202,78,3.8595282456847633
GA,Combined,Evening,202,78,3.8595282456847633
GA,Combined,Evening,202,78,3.8595282456847633
GA,Combined,Evening,202,78,3.8595282456847633
GA,Combined,Evening,202,78,3.8595282456847633
GA,Combined,Evening,202,79,3.8595282456847633
GA,Combined,Evening,202,79,3.8595282456847633
GA,Combined,Evening,202,79,3.8595282456847633
GA,Combined,Evening,202,79,3.8595282456847633
GA,Combined,Evening,202,79,3.8595282456847633
GA,Combined,Evening,202,79,3.8595282456847633
GA,Combined,Evening,202,80,3.8595282456847633
GA,Combined,Evening,202,81,3.8595282456847633
GA,Combined,Evening,202,81,3.8595282456847633
GA,Combined,Evening,202,82,3.8595282456847633
GA,Combined,Evening,202,82,3.8595282456847633
GA,Combined,Evening,202,82,3.8595282456847633
GA,Combined,Evening,202,82,3.8595282456847633
GA,Combined,Evening,202,82,3.8595282456847633
GA,Combined,Evening,202,85,3.8595282456847633
GA,Combined,Evening,202,86,3.8595282456847633
GA,Combined,Evening,202,86,3.8595282456847633
GA,Combined,Evening,202,86,3.8595282456847633
GA,Combined,Evening,202,87,3.8595282456847633
GA,Combined,Evening,202,88,3.8595282456847633
GA,Combined,Evening,202,88,3.8595282456847633
GA,Combined,Evening,202,88,3.8595282456847633
GA,Combined,Evening,202,88,3.8595282456847633
GA,Combined,Evening,202,88,3.8595282456847633
GA,Combined,Evening,202,88,3.8595282456847633
GA,Combined,Evening,202,89,3.8595282456847633
GA,Combined,Evening,202,89,3.8595282456847633
GA,Combined,Evening,202,89,3.8595282456847633
GA,Combined,Evening,202,89,3.8595282456847633
GA,Combined,Evening,202,89,3.8595282456847633
GA,Combined,Evening,202,89,3.8595282456847633
GA,Combined,Evening,202,90,3.8595282456847633
GA,Combined,Evening,202,90,3.8595282456847633
GA,Combined,Evening,202,90,3.8595282456847633
GA,Combined,Evening,202,90,3.8595282456847633
GA,Combined,Evening,202,90,3.8595282456847633
GA,Combined,Evening,202,90,3.8595282456847633
GA,Combined,Evening,202,91,3.8595282456847633
GA,Combined,Evening,202,92,3.8595282456847633
GA,Combined,Evening,202,92,3.8595282456847633
GA,Combined,Evening,202,92,3.8595282456847633
GA,Combined,Evening,202,93,3.8595282456847633
GA,Combined,Evening,202,94,3.8595282456847633
GA,Combined,Evening,202,95,3.8595282456847633
GA,Combined,Evening,202,97,3.8595282456847633
GA,Combined,Evening,202,97,3.8595282456847633
GA,Combined,Evening,202,98,3.8595282456847633
GA,Combined,Evening,202,98,3.8595282456847633
GA,Combined,Evening,202,98,3.8595282456847633
GA,Combined,Evening,202,98,3.8595282456847633
GA,Combined,Evening,202,98,3.8595282456847633
GA,Combined,Evening,202,98,3.8595282456847633
GA,Combined,Evening,202,99,3.8595282456847633
GA,Combined,Evening,202,99,3.8595282456847633
GA,Combined,Evening,202,99,3.8595282456847633
GA,Combined,Evening,202,100,3.8595282456847633
GA,Combined,Evening,303,12,3.964990139935464
GA,Combined,Evening,303,21,3.8650877018345553
GA,Combined,Evening,303,30,3.8650877018345553
GA,Combined,Evening,303,34,3.8595282456847633
GA,Combined,Evening,303,40,3.8595282456847633
GA,Combined,Evening,303,43,3.8595282456847633
GA,Combined,Evening,303,47,3.8595282456847633
GA,Combined,Evening,303,48,3.8595282456847633
GA,Combined,Evening,303,51,3.8595282456847633
GA,Combined,Evening,303,54,3.8595282456847633
GA,Combined,Evening,303,55,3.8595282456847633
GA,Combined,Evening,303,55,3.8595282456847633
GA,Combined,Evening,303,56,3.8595282456847633
GA,Combined,Evening,303,57,3.8595282456847633
GA,Combined,Evening,303,57,3.8595282456847633
GA,Combined,Evening,303,57,3.8595282456847633
GA,Combined,Evening,303,57,3.8595282456847633
GA,Combined,Evening,303,57,3.8595282456847633
GA,Combined,Evening,303,58,3.8595282456847633
GA,Combined,Evening,303,58,3.8595282456847633
GA,Combined,Evening,303,58,3.8595282456847633
GA,Combined,Evening,303,58,3.8595282456847633
GA,Combined,Evening,303,58,3.8595282456847633
GA,Combined,Evening,303,58,3.8595282456847633
GA,Combined,Evening,303,59,3.8595282456847633
GA,Combined,Evening,303,59,3.8595282456847633
GA,Combined,Evening,303,59,3.8595282456847633
GA,Combined,Evening,303,59,3.8595282456847633
GA,Combined,Evening,303,59,3.8595282456847633
GA,Combined,Evening,303,59,3.8595282456847633
GA,Combined,Evening,303,60,3.8595282456847633
GA,Combined,Evening,303,60,3.8595282456847633
GA,Combined,Evening,303,60,3.8595282456847633
GA,Combined,Evening,303,60,3.8595282456847633
GA,Combined,Evening,303,60,3.8595282456847633
GA,Combined,Evening,303,60,3.8595282456847633
GA,Combined,Evening,303,61,3.8595282456847633
GA,Combined,Evening,303,61,3.8595282456847633
GA,Combined,Evening,303,61,3.8595282456847633
GA,Combined,Evening,303,61,3.8595282456847633
GA,Combined,Evening,303,61,3.8595282456847633
GA,Combined,Evening,303,62,3.8595282456847633
GA,Combined,Evening,303,63,3.8595282456847633
GA,Combined,Evening,303,64,3.8595282456847633
GA,Combined,Evening,303,64,3.8595282456847633
GA,Combined,Evening,303,64,3.8595282456847633
GA,Combined,Evening,303,64,3.8595282456847633
GA,Combined,Evening,303,64,3.8595282456847633
GA,Combined,Evening,303,64,3.8595282456847633
GA,Combined,Evening,303,65,3.8595282456847633
GA,Combined,Evening,303,66,3.8595282456847633
GA,Combined,Evening,303,66,3.8595282456847633
GA,Combined,Evening,303,66,3.8595282456847633
GA,Combined,Evening,303,67,3.8595282456847633
GA,Combined,Evening,303,67,3.8595282456847633
GA,Combined,Evening,303,69,3.8595282456847633
GA,Combined,Evening,303,69,3.8595282456847633
GA,Combined,Evening,303,69,3.8595282456847633
GA,Combined,Evening,303,70,3.8595282456847633
GA,Combined,Evening,303,70,3.8595282456847633
GA,Combined,Evening,303,71,3.8595282456847633
GA,Combined,Evening,303,72,3.8595282456847633
GA,Combined,Evening,303,72,3.8595282456847633
GA,Combined,Evening,303,72,3.8595282456847633
GA,Combined,Evening,303,72,3.8595282456847633
GA,Combined,Evening,303,72,3.8595282456847633
GA,Combined,Evening,303,72,3.8595282456847633
GA,Combined,Evening,303,73,3.8595282456847633
GA,Combined,Evening,303,74,3.8595282456847633
GA,Combined,Evening,303,74,3.8595282456847633
GA,Combined,Evening,303,74,3.8595282456847633
GA,Combined,Evening,303,74,3.8595282456847633
GA,Combined,Evening,303,74,3.8595282456847633
GA,Combined,Evening,303,74,3.8595282456847633
GA,Combined,Evening,303,75,3.8595282456847633
GA,Combined,Evening,303,77,3.8595282456847633
GA,Combined,Evening,303,77,3.8595282456847633
GA,Combined,Evening,303,77,3.8595282456847633
GA,Combined,Evening,303,77,3.8595282456847633
GA,Combined,Evening,303,77,3.8595282456847633
GA,Combined,Evening,303,79,3.8595282456847633
GA,Combined,Evening,303,80,3.8595282456847633
GA,Combined,Evening,303,80,3.8595282456847633
GA,Combined,Evening,303,80,3.8595282456847633
GA,Combined,Evening,303,80,3.8595282456847633
GA,Combined,Evening,303,80,3.8595282456847633
GA,Combined,Evening,303,80,3.8595282456847633
GA,Combined,Evening,303,81,3.8595282456847633
GA,Combined,Evening,303,82,3.8595282456847633
GA,Combined,Evening,303,82,3.8595282456847633
GA,Combined,Evening,303,82,3.8595282456847633
GA,Combined,Evening,303,82,3.8595282456847633
GA,Combined,Evening,303,82,3.8595282456847633
GA,Combined,Evening,303,82,3.8595282456847633
GA,Combined,Evening,303,83,3.8595282456847633
GA,Combined,Evening,303,83,3.8595282456847633
GA,Combined,Evening,303,83,3.8595282456847633
GA,Combined,Evening,303,83,3.8595282456847633
GA,Combined,Evening,303,83,3.8595282456847633
GA,Combined,Evening,303,85,3.8595282456847633
GA,Combined,Evening,303,86,3.8595282456847633
GA,Combined,Evening,303,87,3.8595282456847633
GA,Combined,Evening,303,87,3.8595282456847633
GA,Combined,Evening,303,87,3.8595282456847633
GA,Combined,Evening,303,87,3.8595282456847633
GA,Combined,Evening,303,87,3.8595282456847633
GA,Combined,Evening,303,87,3.8595282456847633
GA,Combined,Evening,303,88,3.8595282456847633
GA,Combined,Evening,303,88,3.8595282456847633
GA,Combined,Evening,303,88,3.8595282456847633
GA,Combined,Evening,303,88,3.8595282456847633
GA,Combined,Evening,303,88,3.8595282456847633
GA,Combined,Evening,303,88,3.8595282456847633
GA,Combined,Evening,303,89,3.8595282456847633
GA,Combined,Evening,303,89,3.8595282456847633
GA,Combined,Evening,303,90,3.8595282456847633
GA,Combined,Evening,303,90,3.8595282456847633
GA,Combined,Evening,303,90,3.8595282456847633
GA,Combined,Evening,303,90,3.8595282456847633
GA,Combined,Evening,303,90,3.8595282456847633
GA,Combined,Evening,303,90,3.8595282456847633
GA,Combined,Evening,303,91,3.8595282456847633
GA,Combined,Evening,303,91,3.8595282456847633
GA,Combined,Evening,303,91,3.8595282456847633
GA,Combined,Evening,303,91,3.8595282456847633
GA,Combined,Evening,303,91,3.8595282456847633
GA,Combined,Evening,303,92,3.8595282456847633
GA,Combined,Evening,303,92,3.8595282456847633
GA,Combined,Evening,303,92,3.8595282456847633
GA,Combined,Evening,303,92,3.8595282456847633
GA,Combined,Evening,303,92,3.8595282456847633
GA,Combined,Evening,303,92,3.8595282456847633
GA,Combined,Evening,303,93,3.8595282456847633
GA,Combined,Evening,303,93,3.8595282456847633
GA,Combined,Evening,303,93,3.8595282456847633
GA,Combined,Evening,303,93,3.8595282456847633
GA,Combined,Evening,303,93,3.8595282456847633
GA,Combined,Evening,303,93,3.8595282456847633
GA,Combined,Evening,303,94,3.8595282456847633
GA,Combined,Evening,303,94,3.8595282456847633
GA,Combined,Evening,303,94,3.8595282456847633
GA,Combined,Evening,303,94,3.8595282456847633
GA,Combined,Evening,303,94,3.8595282456847633
GA,Combined,Evening,303,94,3.8595282456847633
GA,Combined,Evening,303,95,3.8595282456847633
GA,Combined,Evening,303,97,3.8595282456847633
GA,Combined,Evening,303,97,3.8595282456847633
GA,Combined,Evening,303,97,3.8595282456847633
GA,Combined,Evening,303,98,3.8595282456847633
GA,Combined,Evening,303,98,3.8595282456847633
GA,Combined,Evening,303,98,3.8595282456847633
GA,Combined,Evening,303,98,3.8595282456847633
GA,Combined,Evening,303,98,3.8595282456847633
GA,Combined,Evening,303,98,3.8595282456847633
GA,Combined,Evening,303,99,3.8595282456847633
GA,Combined,Evening,303,99,3.8595282456847633
GA,Combined,Evening,303,99,3.8595282456847633
GA,Combined,Evening,303,99,3.8595282456847633
GA,Combined,Evening,303,100,3.8595282456847633
