Scenario,Period,Method,Replication,Seed,Stop Sequence,Last Eligible Bus Time,Arrivals At Or After Last Bus,Earlier Arrivals Still Unserved,Final Backlog,Period-End Queue
Baseline,Morning,Published Reference,1001,575107655,6,653.8,4,0,4,4
Baseline,Morning,Published Reference,1001,575107655,7,660.85,0,0,0,0
Baseline,Morning,Published Reference,1001,575107655,8,662.0,0,0,0,0
Baseline,Morning,Published Reference,1001,575107655,9,663.6333333333333,0,0,0,0
Baseline,Morning,Published Reference,1001,575107655,10,668.0,0,0,0,0
Baseline,Evening,Published Reference,1001,575107655,6,1188.9,2,0,2,2
Baseline,Evening,Published Reference,1001,575107655,7,1192.4166666666667,0,0,0,0
Baseline,Evening,Published Reference,1001,575107655,8,1193.0,1,0,1,1
Baseline,Evening,Published Reference,1001,575107655,9,1194.1,0,0,0,0
Baseline,Evening,Published Reference,1001,575107655,10,1197.0,0,0,0,0
Baseline,Morning,Published Reference,1002,868506165,6,653.8,1,0,1,1
Baseline,Morning,Published Reference,1002,868506165,7,660.85,0,0,0,1
Baseline,Morning,Published Reference,1002,868506165,8,662.0,0,0,0,0
Baseline,Morning,Published Reference,1002,868506165,9,663.6333333333333,0,0,0,0
Baseline,Morning,Published Reference,1002,868506165,10,668.0,0,0,0,0
Baseline,Evening,Published Reference,1002,868506165,6,1188.9,2,0,2,2
Baseline,Evening,Published Reference,1002,868506165,7,1192.4166666666667,0,0,0,0
Baseline,Evening,Published Reference,1002,868506165,8,1193.0,0,0,0,0
Baseline,Evening,Published Reference,1002,868506165,9,1194.1,0,0,0,0
Baseline,Evening,Published Reference,1002,868506165,10,1197.0,0,0,0,0
Baseline,Morning,Published Reference,1003,64261288,6,653.8,0,0,0,0
Baseline,Morning,Published Reference,1003,64261288,7,660.85,0,0,0,1
Baseline,Morning,Published Reference,1003,64261288,8,662.0,0,0,0,0
Baseline,Morning,Published Reference,1003,64261288,9,663.6333333333333,0,0,0,0
Baseline,Morning,Published Reference,1003,64261288,10,668.0,0,0,0,0
Baseline,Evening,Published Reference,1003,64261288,6,1188.9,3,0,3,3
Baseline,Evening,Published Reference,1003,64261288,7,1192.4166666666667,0,0,0,0
Baseline,Evening,Published Reference,1003,64261288,8,1193.0,1,0,1,1
Baseline,Evening,Published Reference,1003,64261288,9,1194.1,0,0,0,0
Baseline,Evening,Published Reference,1003,64261288,10,1197.0,1,0,1,1
Baseline,Morning,Published Reference,1004,897980844,6,653.8,2,0,2,2
Baseline,Morning,Published Reference,1004,897980844,7,660.85,0,0,0,0
Baseline,Morning,Published Reference,1004,897980844,8,662.0,0,0,0,0
Baseline,Morning,Published Reference,1004,897980844,9,663.6333333333333,0,0,0,1
Baseline,Morning,Published Reference,1004,897980844,10,668.0,0,0,0,0
Baseline,Evening,Published Reference,1004,897980844,6,1188.9,2,0,2,2
Baseline,Evening,Published Reference,1004,897980844,7,1192.4166666666667,0,0,0,0
Baseline,Evening,Published Reference,1004,897980844,8,1193.0,1,0,1,1
Baseline,Evening,Published Reference,1004,897980844,9,1194.1,0,0,0,0
Baseline,Evening,Published Reference,1004,897980844,10,1197.0,1,0,1,1
Baseline,Morning,Published Reference,1005,845940892,6,653.8,1,0,1,1
Baseline,Morning,Published Reference,1005,845940892,7,660.85,0,0,0,2
Baseline,Morning,Published Reference,1005,845940892,8,662.0,0,0,0,0
Baseline,Morning,Published Reference,1005,845940892,9,663.6333333333333,0,0,0,0
Baseline,Morning,Published Reference,1005,845940892,10,668.0,0,0,0,0
Baseline,Evening,Published Reference,1005,845940892,6,1188.9,1,0,1,1
Baseline,Evening,Published Reference,1005,845940892,7,1192.4166666666667,0,0,0,0
Baseline,Evening,Published Reference,1005,845940892,8,1193.0,0,0,0,0
Baseline,Evening,Published Reference,1005,845940892,9,1194.1,0,0,0,0
Baseline,Evening,Published Reference,1005,845940892,10,1197.0,0,0,0,0
Baseline,Morning,Published Reference,1006,66009406,6,653.8,2,0,2,2
Baseline,Morning,Published Reference,1006,66009406,7,660.85,0,0,0,1
Baseline,Morning,Published Reference,1006,66009406,8,662.0,0,0,0,0
Baseline,Morning,Published Reference,1006,66009406,9,663.6333333333333,0,0,0,0
Baseline,Morning,Published Reference,1006,66009406,10,668.0,0,0,0,1
Baseline,Evening,Published Reference,1006,66009406,6,1188.9,2,0,2,2
Baseline,Evening,Published Reference,1006,66009406,7,1192.4166666666667,0,0,0,0
Baseline,Evening,Published Reference,1006,66009406,8,1193.0,0,0,0,0
Baseline,Evening,Published Reference,1006,66009406,9,1194.1,0,0,0,0
Baseline,Evening,Published Reference,1006,66009406,10,1197.0,2,0,2,2
Baseline,Morning,Published Reference,1007,1241135382,6,653.8,1,0,1,1
Baseline,Morning,Published Reference,1007,1241135382,7,660.85,0,0,0,0
Baseline,Morning,Published Reference,1007,1241135382,8,662.0,0,0,0,1
Baseline,Morning,Published Reference,1007,1241135382,9,663.6333333333333,0,0,0,0
Baseline,Morning,Published Reference,1007,1241135382,10,668.0,0,0,0,0
Baseline,Evening,Published Reference,1007,1241135382,6,1188.9,3,0,3,3
Baseline,Evening,Published Reference,1007,1241135382,7,1192.4166666666667,1,0,1,1
Baseline,Evening,Published Reference,1007,1241135382,8,1193.0,0,0,0,0
Baseline,Evening,Published Reference,1007,1241135382,9,1194.1,2,0,2,2
Baseline,Evening,Published Reference,1007,1241135382,10,1197.0,0,0,0,0
Baseline,Morning,Published Reference,1008,2905494228,6,653.8,1,0,1,1
Baseline,Morning,Published Reference,1008,2905494228,7,660.85,0,0,0,1
Baseline,Morning,Published Reference,1008,2905494228,8,662.0,0,0,0,1
Baseline,Morning,Published Reference,1008,2905494228,9,663.6333333333333,0,0,0,0
Baseline,Morning,Published Reference,1008,2905494228,10,668.0,0,0,0,1
Baseline,Evening,Published Reference,1008,2905494228,6,1188.9,2,0,2,2
Baseline,Evening,Published Reference,1008,2905494228,7,1192.4166666666667,0,0,0,0
Baseline,Evening,Published Reference,1008,2905494228,8,1193.0,0,0,0,0
Baseline,Evening,Published Reference,1008,2905494228,9,1194.1,0,0,0,0
Baseline,Evening,Published Reference,1008,2905494228,10,1197.0,1,0,1,1
Baseline,Morning,Published Reference,1009,2526559800,6,653.8,0,0,0,0
Baseline,Morning,Published Reference,1009,2526559800,7,660.85,0,0,0,0
Baseline,Morning,Published Reference,1009,2526559800,8,662.0,0,0,0,1
Baseline,Morning,Published Reference,1009,2526559800,9,663.6333333333333,0,0,0,0
Baseline,Morning,Published Reference,1009,2526559800,10,668.0,0,0,0,1
Baseline,Evening,Published Reference,1009,2526559800,6,1188.9,0,0,0,0
Baseline,Evening,Published Reference,1009,2526559800,7,1192.4166666666667,0,0,0,0
Baseline,Evening,Published Reference,1009,2526559800,8,1193.0,0,0,0,0
Baseline,Evening,Published Reference,1009,2526559800,9,1194.1,0,0,0,0
Baseline,Evening,Published Reference,1009,2526559800,10,1197.0,0,0,0,0
Baseline,Morning,Published Reference,1010,1291834702,6,653.8,4,0,4,4
Baseline,Morning,Published Reference,1010,1291834702,7,660.85,0,0,0,1
Baseline,Morning,Published Reference,1010,1291834702,8,662.0,0,0,0,0
Baseline,Morning,Published Reference,1010,1291834702,9,663.6333333333333,0,0,0,1
Baseline,Morning,Published Reference,1010,1291834702,10,668.0,0,0,0,2
Baseline,Evening,Published Reference,1010,1291834702,6,1188.9,2,0,2,2
Baseline,Evening,Published Reference,1010,1291834702,7,1192.4166666666667,0,0,0,0
Baseline,Evening,Published Reference,1010,1291834702,8,1193.0,0,0,0,0
Baseline,Evening,Published Reference,1010,1291834702,9,1194.1,1,0,1,1
Baseline,Evening,Published Reference,1010,1291834702,10,1197.0,0,0,0,0
Baseline,Morning,Published Reference,1011,3581619815,6,653.8,1,0,1,1
Baseline,Morning,Published Reference,1011,3581619815,7,660.85,0,0,0,0
Baseline,Morning,Published Reference,1011,3581619815,8,662.0,0,0,0,0
Baseline,Morning,Published Reference,1011,3581619815,9,663.6333333333333,0,0,0,0
Baseline,Morning,Published Reference,1011,3581619815,10,668.0,0,0,0,1
Baseline,Evening,Published Reference,1011,3581619815,6,1188.9,1,0,1,1
Baseline,Evening,Published Reference,1011,3581619815,7,1192.4166666666667,0,0,0,0
Baseline,Evening,Published Reference,1011,3581619815,8,1193.0,1,0,1,1
Baseline,Evening,Published Reference,1011,3581619815,9,1194.1,1,0,1,1
Baseline,Evening,Published Reference,1011,3581619815,10,1197.0,0,0,0,0
Baseline,Morning,Published Reference,1012,3651533743,6,653.8,0,0,0,0
Baseline,Morning,Published Reference,1012,3651533743,7,660.85,0,0,0,0
Baseline,Morning,Published Reference,1012,3651533743,8,662.0,0,0,0,1
Baseline,Morning,Published Reference,1012,3651533743,9,663.6333333333333,0,0,0,0
Baseline,Morning,Published Reference,1012,3651533743,10,668.0,0,0,0,1
Baseline,Evening,Published Reference,1012,3651533743,6,1188.9,1,0,1,1
Baseline,Evening,Published Reference,1012,3651533743,7,1192.4166666666667,0,0,0,0
Baseline,Evening,Published Reference,1012,3651533743,8,1193.0,0,0,0,0
Baseline,Evening,Published Reference,1012,3651533743,9,1194.1,1,0,1,1
Baseline,Evening,Published Reference,1012,3651533743,10,1197.0,2,0,2,2
Baseline,Morning,Published Reference,1013,3932276593,6,653.8,0,0,0,0
Baseline,Morning,Published Reference,1013,3932276593,7,660.85,0,0,0,0
Baseline,Morning,Published Reference,1013,3932276593,8,662.0,0,0,0,0
Baseline,Morning,Published Reference,1013,3932276593,9,663.6333333333333,0,0,0,1
Baseline,Morning,Published Reference,1013,3932276593,10,668.0,0,0,0,2
Baseline,Evening,Published Reference,1013,3932276593,6,1188.9,5,0,5,5
Baseline,Evening,Published Reference,1013,3932276593,7,1192.4166666666667,1,0,1,1
Baseline,Evening,Published Reference,1013,3932276593,8,1193.0,1,0,1,1
Baseline,Evening,Published Reference,1013,3932276593,9,1194.1,0,0,0,0
Baseline,Evening,Published Reference,1013,3932276593,10,1197.0,0,0,0,0
Baseline,Morning,Published Reference,1014,3122121222,6,653.8,3,0,3,3
Baseline,Morning,Published Reference,1014,3122121222,7,660.85,0,0,0,1
Baseline,Morning,Published Reference,1014,3122121222,8,662.0,0,0,0,1
Baseline,Morning,Published Reference,1014,3122121222,9,663.6333333333333,0,0,0,0
Baseline,Morning,Published Reference,1014,3122121222,10,668.0,0,0,0,1
Baseline,Evening,Published Reference,1014,3122121222,6,1188.9,3,0,3,3
Baseline,Evening,Published Reference,1014,3122121222,7,1192.4166666666667,0,0,0,0
Baseline,Evening,Published Reference,1014,3122121222,8,1193.0,1,0,1,1
Baseline,Evening,Published Reference,1014,3122121222,9,1194.1,0,0,0,0
Baseline,Evening,Published Reference,1014,3122121222,10,1197.0,0,0,0,0
Baseline,Morning,Published Reference,1015,3662741725,6,653.8,3,0,3,3
Baseline,Morning,Published Reference,1015,3662741725,7,660.85,0,0,0,0
Baseline,Morning,Published Reference,1015,3662741725,8,662.0,0,0,0,0
Baseline,Morning,Published Reference,1015,3662741725,9,663.6333333333333,0,0,0,2
Baseline,Morning,Published Reference,1015,3662741725,10,668.0,0,0,0,3
Baseline,Evening,Published Reference,1015,3662741725,6,1188.9,7,0,7,7
Baseline,Evening,Published Reference,1015,3662741725,7,1192.4166666666667,0,0,0,0
Baseline,Evening,Published Reference,1015,3662741725,8,1193.0,0,0,0,0
Baseline,Evening,Published Reference,1015,3662741725,9,1194.1,1,0,1,1
Baseline,Evening,Published Reference,1015,3662741725,10,1197.0,2,0,2,2
Baseline,Morning,Published Reference,1016,2936492253,6,653.8,3,0,3,3
Baseline,Morning,Published Reference,1016,2936492253,7,660.85,0,0,0,0
Baseline,Morning,Published Reference,1016,2936492253,8,662.0,0,0,0,0
Baseline,Morning,Published Reference,1016,2936492253,9,663.6333333333333,0,0,0,0
Baseline,Morning,Published Reference,1016,2936492253,10,668.0,0,0,0,1
Baseline,Evening,Published Reference,1016,2936492253,6,1188.9,2,0,2,2
Baseline,Evening,Published Reference,1016,2936492253,7,1192.4166666666667,0,0,0,0
Baseline,Evening,Published Reference,1016,2936492253,8,1193.0,0,0,0,0
Baseline,Evening,Published Reference,1016,2936492253,9,1194.1,0,0,0,0
Baseline,Evening,Published Reference,1016,2936492253,10,1197.0,1,0,1,1
Baseline,Morning,Published Reference,1017,129473399,6,653.8,4,0,4,4
Baseline,Morning,Published Reference,1017,129473399,7,660.85,0,0,0,0
Baseline,Morning,Published Reference,1017,129473399,8,662.0,0,0,0,0
Baseline,Morning,Published Reference,1017,129473399,9,663.6333333333333,0,0,0,1
Baseline,Morning,Published Reference,1017,129473399,10,668.0,0,0,0,2
Baseline,Evening,Published Reference,1017,129473399,6,1188.9,2,0,2,2
Baseline,Evening,Published Reference,1017,129473399,7,1192.4166666666667,1,0,1,1
Baseline,Evening,Published Reference,1017,129473399,8,1193.0,1,0,1,1
Baseline,Evening,Published Reference,1017,129473399,9,1194.1,1,0,1,1
Baseline,Evening,Published Reference,1017,129473399,10,1197.0,1,0,1,1
Baseline,Morning,Published Reference,1018,1866136011,6,653.8,0,0,0,0
Baseline,Morning,Published Reference,1018,1866136011,7,660.85,0,0,0,0
Baseline,Morning,Published Reference,1018,1866136011,8,662.0,0,0,0,0
Baseline,Morning,Published Reference,1018,1866136011,9,663.6333333333333,0,0,0,1
Baseline,Morning,Published Reference,1018,1866136011,10,668.0,0,0,0,2
Baseline,Evening,Published Reference,1018,1866136011,6,1188.9,2,0,2,2
Baseline,Evening,Published Reference,1018,1866136011,7,1192.4166666666667,0,0,0,0
Baseline,Evening,Published Reference,1018,1866136011,8,1193.0,0,0,0,0
Baseline,Evening,Published Reference,1018,1866136011,9,1194.1,0,0,0,0
Baseline,Evening,Published Reference,1018,1866136011,10,1197.0,1,0,1,1
Baseline,Morning,Published Reference,1019,4287566515,6,653.8,0,0,0,0
Baseline,Morning,Published Reference,1019,4287566515,7,660.85,0,0,0,2
Baseline,Morning,Published Reference,1019,4287566515,8,662.0,0,0,0,0
Baseline,Morning,Published Reference,1019,4287566515,9,663.6333333333333,0,0,0,0
Baseline,Morning,Published Reference,1019,4287566515,10,668.0,0,0,0,0
Baseline,Evening,Published Reference,1019,4287566515,6,1188.9,4,0,4,4
Baseline,Evening,Published Reference,1019,4287566515,7,1192.4166666666667,0,0,0,0
Baseline,Evening,Published Reference,1019,4287566515,8,1193.0,0,0,0,0
Baseline,Evening,Published Reference,1019,4287566515,9,1194.1,0,0,0,0
Baseline,Evening,Published Reference,1019,4287566515,10,1197.0,0,0,0,0
Baseline,Morning,Published Reference,1020,1395281472,6,653.8,4,0,4,4
Baseline,Morning,Published Reference,1020,1395281472,7,660.85,0,0,0,0
Baseline,Morning,Published Reference,1020,1395281472,8,662.0,0,0,0,0
Baseline,Morning,Published Reference,1020,1395281472,9,663.6333333333333,0,0,0,0
Baseline,Morning,Published Reference,1020,1395281472,10,668.0,0,0,0,1
Baseline,Evening,Published Reference,1020,1395281472,6,1188.9,0,0,0,0
Baseline,Evening,Published Reference,1020,1395281472,7,1192.4166666666667,0,0,0,0
Baseline,Evening,Published Reference,1020,1395281472,8,1193.0,0,0,0,0
Baseline,Evening,Published Reference,1020,1395281472,9,1194.1,0,0,0,0
Baseline,Evening,Published Reference,1020,1395281472,10,1197.0,0,0,0,0
Baseline,Morning,Published Reference,1021,3437867865,6,653.8,0,0,0,0
Baseline,Morning,Published Reference,1021,3437867865,7,660.85,0,0,0,0
Baseline,Morning,Published Reference,1021,3437867865,8,662.0,0,0,0,0
Baseline,Morning,Published Reference,1021,3437867865,9,663.6333333333333,0,0,0,0
Baseline,Morning,Published Reference,1021,3437867865,10,668.0,0,0,0,1
Baseline,Evening,Published Reference,1021,3437867865,6,1188.9,2,0,2,2
Baseline,Evening,Published Reference,1021,3437867865,7,1192.4166666666667,2,0,2,2
Baseline,Evening,Published Reference,1021,3437867865,8,1193.0,0,0,0,0
Baseline,Evening,Published Reference,1021,3437867865,9,1194.1,0,0,0,0
Baseline,Evening,Published Reference,1021,3437867865,10,1197.0,0,0,0,0
Baseline,Morning,Published Reference,1022,127113282,6,653.8,1,0,1,1
Baseline,Morning,Published Reference,1022,127113282,7,660.85,0,0,0,1
Baseline,Morning,Published Reference,1022,127113282,8,662.0,0,0,0,1
Baseline,Morning,Published Reference,1022,127113282,9,663.6333333333333,0,0,0,0
Baseline,Morning,Published Reference,1022,127113282,10,668.0,0,0,0,2
Baseline,Evening,Published Reference,1022,127113282,6,1188.9,1,0,1,1
Baseline,Evening,Published Reference,1022,127113282,7,1192.4166666666667,0,0,0,0
Baseline,Evening,Published Reference,1022,127113282,8,1193.0,1,0,1,1
Baseline,Evening,Published Reference,1022,127113282,9,1194.1,0,0,0,0
Baseline,Evening,Published Reference,1022,127113282,10,1197.0,0,0,0,0
Baseline,Morning,Published Reference,1023,3924048200,6,653.8,3,0,3,3
Baseline,Morning,Published Reference,1023,3924048200,7,660.85,0,0,0,0
Baseline,Morning,Published Reference,1023,3924048200,8,662.0,0,0,0,0
Baseline,Morning,Published Reference,1023,3924048200,9,663.6333333333333,0,0,0,0
Baseline,Morning,Published Reference,1023,3924048200,10,668.0,0,0,0,1
Baseline,Evening,Published Reference,1023,3924048200,6,1188.9,1,0,1,1
Baseline,Evening,Published Reference,1023,3924048200,7,1192.4166666666667,0,0,0,0
Baseline,Evening,Published Reference,1023,3924048200,8,1193.0,0,0,0,0
Baseline,Evening,Published Reference,1023,3924048200,9,1194.1,1,0,1,1
Baseline,Evening,Published Reference,1023,3924048200,10,1197.0,0,0,0,0
Baseline,Morning,Published Reference,1024,163537029,6,653.8,0,0,0,0
Baseline,Morning,Published Reference,1024,163537029,7,660.85,0,0,0,0
Baseline,Morning,Published Reference,1024,163537029,8,662.0,0,0,0,0
Baseline,Morning,Published Reference,1024,163537029,9,663.6333333333333,0,0,0,0
Baseline,Morning,Published Reference,1024,163537029,10,668.0,0,0,0,0
Baseline,Evening,Published Reference,1024,163537029,6,1188.9,1,0,1,1
Baseline,Evening,Published Reference,1024,163537029,7,1192.4166666666667,0,0,0,0
Baseline,Evening,Published Reference,1024,163537029,8,1193.0,0,0,0,0
Baseline,Evening,Published Reference,1024,163537029,9,1194.1,1,0,1,1
Baseline,Evening,Published Reference,1024,163537029,10,1197.0,0,0,0,0
Baseline,Morning,Published Reference,1025,1742720703,6,653.8,2,0,2,2
Baseline,Morning,Published Reference,1025,1742720703,7,660.85,0,0,0,0
Baseline,Morning,Published Reference,1025,1742720703,8,662.0,0,0,0,0
Baseline,Morning,Published Reference,1025,1742720703,9,663.6333333333333,0,0,0,0
Baseline,Morning,Published Reference,1025,1742720703,10,668.0,0,0,0,0
Baseline,Evening,Published Reference,1025,1742720703,6,1188.9,1,0,1,1
Baseline,Evening,Published Reference,1025,1742720703,7,1192.4166666666667,0,0,0,0
Baseline,Evening,Published Reference,1025,1742720703,8,1193.0,0,0,0,0
Baseline,Evening,Published Reference,1025,1742720703,9,1194.1,0,0,0,0
Baseline,Evening,Published Reference,1025,1742720703,10,1197.0,1,0,1,1
Baseline,Morning,Published Reference,1026,1522367500,6,653.8,3,0,3,3
Baseline,Morning,Published Reference,1026,1522367500,7,660.85,0,0,0,0
Baseline,Morning,Published Reference,1026,1522367500,8,662.0,0,0,0,1
Baseline,Morning,Published Reference,1026,1522367500,9,663.6333333333333,0,0,0,1
Baseline,Morning,Published Reference,1026,1522367500,10,668.0,0,0,0,1
Baseline,Evening,Published Reference,1026,1522367500,6,1188.9,5,0,5,5
Baseline,Evening,Published Reference,1026,1522367500,7,1192.4166666666667,1,0,1,1
Baseline,Evening,Published Reference,1026,1522367500,8,1193.0,1,0,1,1
Baseline,Evening,Published Reference,1026,1522367500,9,1194.1,0,0,0,0
Baseline,Evening,Published Reference,1026,1522367500,10,1197.0,0,0,0,0
Baseline,Morning,Published Reference,1027,403830989,6,653.8,1,0,1,1
Baseline,Morning,Published Reference,1027,403830989,7,660.85,0,0,0,0
Baseline,Morning,Published Reference,1027,403830989,8,662.0,0,0,0,0
Baseline,Morning,Published Reference,1027,403830989,9,663.6333333333333,0,0,0,0
Baseline,Morning,Published Reference,1027,403830989,10,668.0,0,0,0,1
Baseline,Evening,Published Reference,1027,403830989,6,1188.9,2,0,2,2
Baseline,Evening,Published Reference,1027,403830989,7,1192.4166666666667,0,0,0,0
Baseline,Evening,Published Reference,1027,403830989,8,1193.0,0,0,0,0
Baseline,Evening,Published Reference,1027,403830989,9,1194.1,0,0,0,0
Baseline,Evening,Published Reference,1027,403830989,10,1197.0,0,0,0,0
Baseline,Morning,Published Reference,1028,1967774211,6,653.8,2,0,2,2
Baseline,Morning,Published Reference,1028,1967774211,7,660.85,0,0,0,0
Baseline,Morning,Published Reference,1028,1967774211,8,662.0,0,0,0,1
Baseline,Morning,Published Reference,1028,1967774211,9,663.6333333333333,0,0,0,0
Baseline,Morning,Published Reference,1028,1967774211,10,668.0,0,0,0,0
Baseline,Evening,Published Reference,1028,1967774211,6,1188.9,2,0,2,2
Baseline,Evening,Published Reference,1028,1967774211,7,1192.4166666666667,1,0,1,1
Baseline,Evening,Published Reference,1028,1967774211,8,1193.0,0,0,0,0
Baseline,Evening,Published Reference,1028,1967774211,9,1194.1,0,0,0,0
Baseline,Evening,Published Reference,1028,1967774211,10,1197.0,0,0,0,0
Baseline,Morning,Published Reference,1029,215896334,6,653.8,1,0,1,1
Baseline,Morning,Published Reference,1029,215896334,7,660.85,0,0,0,0
Baseline,Morning,Published Reference,1029,215896334,8,662.0,0,0,0,1
Baseline,Morning,Published Reference,1029,215896334,9,663.6333333333333,0,0,0,0
Baseline,Morning,Published Reference,1029,215896334,10,668.0,0,0,0,1
Baseline,Evening,Published Reference,1029,215896334,6,1188.9,4,0,4,4
Baseline,Evening,Published Reference,1029,215896334,7,1192.4166666666667,0,0,0,0
Baseline,Evening,Published Reference,1029,215896334,8,1193.0,0,0,0,0
Baseline,Evening,Published Reference,1029,215896334,9,1194.1,0,0,0,0
Baseline,Evening,Published Reference,1029,215896334,10,1197.0,1,0,1,1
Baseline,Morning,Published Reference,1030,2449122539,6,653.8,2,0,2,2
Baseline,Morning,Published Reference,1030,2449122539,7,660.85,0,0,0,1
Baseline,Morning,Published Reference,1030,2449122539,8,662.0,0,0,0,0
Baseline,Morning,Published Reference,1030,2449122539,9,663.6333333333333,0,0,0,0
Baseline,Morning,Published Reference,1030,2449122539,10,668.0,0,0,0,1
Baseline,Evening,Published Reference,1030,2449122539,6,1188.9,2,0,2,2
Baseline,Evening,Published Reference,1030,2449122539,7,1192.4166666666667,0,0,0,0
Baseline,Evening,Published Reference,1030,2449122539,8,1193.0,0,0,0,0
Baseline,Evening,Published Reference,1030,2449122539,9,1194.1,0,0,0,0
Baseline,Evening,Published Reference,1030,2449122539,10,1197.0,1,0,1,1
High-Demand,Morning,Published Reference,1001,575107655,6,653.8,5,0,5,5
High-Demand,Morning,Published Reference,1001,575107655,7,660.85,0,0,0,0
High-Demand,Morning,Published Reference,1001,575107655,8,662.0,0,0,0,0
High-Demand,Morning,Published Reference,1001,575107655,9,663.6333333333333,0,0,0,0
High-Demand,Morning,Published Reference,1001,575107655,10,668.0,0,0,0,1
High-Demand,Evening,Published Reference,1001,575107655,6,1188.9,4,0,4,4
High-Demand,Evening,Published Reference,1001,575107655,7,1192.4166666666667,0,0,0,0
High-Demand,Evening,Published Reference,1001,575107655,8,1193.0,1,0,1,1
High-Demand,Evening,Published Reference,1001,575107655,9,1194.1,0,0,0,0
High-Demand,Evening,Published Reference,1001,575107655,10,1197.0,0,0,0,0
High-Demand,Morning,Published Reference,1002,868506165,6,653.8,3,0,3,3
High-Demand,Morning,Published Reference,1002,868506165,7,660.85,0,0,0,1
High-Demand,Morning,Published Reference,1002,868506165,8,662.0,0,0,0,1
High-Demand,Morning,Published Reference,1002,868506165,9,663.6333333333333,0,0,0,0
High-Demand,Morning,Published Reference,1002,868506165,10,668.0,0,0,0,0
High-Demand,Evening,Published Reference,1002,868506165,6,1188.9,3,0,3,3
High-Demand,Evening,Published Reference,1002,868506165,7,1192.4166666666667,0,0,0,0
High-Demand,Evening,Published Reference,1002,868506165,8,1193.0,0,0,0,0
High-Demand,Evening,Published Reference,1002,868506165,9,1194.1,0,0,0,0
High-Demand,Evening,Published Reference,1002,868506165,10,1197.0,1,0,1,1
High-Demand,Morning,Published Reference,1003,64261288,6,653.8,1,0,1,1
High-Demand,Morning,Published Reference,1003,64261288,7,660.85,0,0,0,1
High-Demand,Morning,Published Reference,1003,64261288,8,662.0,0,0,0,0
High-Demand,Morning,Published Reference,1003,64261288,9,663.6333333333333,0,0,0,0
High-Demand,Morning,Published Reference,1003,64261288,10,668.0,0,0,0,0
High-Demand,Evening,Published Reference,1003,64261288,6,1188.9,3,0,3,3
High-Demand,Evening,Published Reference,1003,64261288,7,1192.4166666666667,0,0,0,0
High-Demand,Evening,Published Reference,1003,64261288,8,1193.0,1,0,1,1
High-Demand,Evening,Published Reference,1003,64261288,9,1194.1,0,0,0,0
High-Demand,Evening,Published Reference,1003,64261288,10,1197.0,1,0,1,1
High-Demand,Morning,Published Reference,1004,897980844,6,653.8,2,0,2,2
High-Demand,Morning,Published Reference,1004,897980844,7,660.85,0,0,0,0
High-Demand,Morning,Published Reference,1004,897980844,8,662.0,0,0,0,0
High-Demand,Morning,Published Reference,1004,897980844,9,663.6333333333333,0,0,0,2
High-Demand,Morning,Published Reference,1004,897980844,10,668.0,0,0,0,1
High-Demand,Evening,Published Reference,1004,897980844,6,1188.9,3,0,3,3
High-Demand,Evening,Published Reference,1004,897980844,7,1192.4166666666667,0,0,0,0
High-Demand,Evening,Published Reference,1004,897980844,8,1193.0,1,0,1,1
High-Demand,Evening,Published Reference,1004,897980844,9,1194.1,1,0,1,1
High-Demand,Evening,Published Reference,1004,897980844,10,1197.0,1,0,1,1
High-Demand,Morning,Published Reference,1005,845940892,6,653.8,2,0,2,2
High-Demand,Morning,Published Reference,1005,845940892,7,660.85,0,0,0,3
High-Demand,Morning,Published Reference,1005,845940892,8,662.0,0,0,0,0
High-Demand,Morning,Published Reference,1005,845940892,9,663.6333333333333,0,0,0,1
High-Demand,Morning,Published Reference,1005,845940892,10,668.0,0,0,0,0
High-Demand,Evening,Published Reference,1005,845940892,6,1188.9,3,0,3,3
High-Demand,Evening,Published Reference,1005,845940892,7,1192.4166666666667,0,0,0,0
High-Demand,Evening,Published Reference,1005,845940892,8,1193.0,0,0,0,0
High-Demand,Evening,Published Reference,1005,845940892,9,1194.1,0,0,0,0
High-Demand,Evening,Published Reference,1005,845940892,10,1197.0,0,0,0,0
High-Demand,Morning,Published Reference,1006,66009406,6,653.8,2,0,2,2
High-Demand,Morning,Published Reference,1006,66009406,7,660.85,0,0,0,1
High-Demand,Morning,Published Reference,1006,66009406,8,662.0,0,0,0,0
High-Demand,Morning,Published Reference,1006,66009406,9,663.6333333333333,0,0,0,0
High-Demand,Morning,Published Reference,1006,66009406,10,668.0,0,0,0,1
High-Demand,Evening,Published Reference,1006,66009406,6,1188.9,3,0,3,3
High-Demand,Evening,Published Reference,1006,66009406,7,1192.4166666666667,0,0,0,0
High-Demand,Evening,Published Reference,1006,66009406,8,1193.0,0,0,0,0
High-Demand,Evening,Published Reference,1006,66009406,9,1194.1,0,0,0,0
High-Demand,Evening,Published Reference,1006,66009406,10,1197.0,2,0,2,2
High-Demand,Morning,Published Reference,1007,1241135382,6,653.8,2,0,2,2
High-Demand,Morning,Published Reference,1007,1241135382,7,660.85,0,0,0,0
High-Demand,Morning,Published Reference,1007,1241135382,8,662.0,0,0,0,1
High-Demand,Morning,Published Reference,1007,1241135382,9,663.6333333333333,0,0,0,0
High-Demand,Morning,Published Reference,1007,1241135382,10,668.0,0,0,0,0
High-Demand,Evening,Published Reference,1007,1241135382,6,1188.9,3,0,3,3
High-Demand,Evening,Published Reference,1007,1241135382,7,1192.4166666666667,1,0,1,1
High-Demand,Evening,Published Reference,1007,1241135382,8,1193.0,0,0,0,0
High-Demand,Evening,Published Reference,1007,1241135382,9,1194.1,2,0,2,2
High-Demand,Evening,Published Reference,1007,1241135382,10,1197.0,1,0,1,1
High-Demand,Morning,Published Reference,1008,2905494228,6,653.8,1,0,1,1
High-Demand,Morning,Published Reference,1008,2905494228,7,660.85,0,0,0,1
High-Demand,Morning,Published Reference,1008,2905494228,8,662.0,0,0,0,1
High-Demand,Morning,Published Reference,1008,2905494228,9,663.6333333333333,0,0,0,0
High-Demand,Morning,Published Reference,1008,2905494228,10,668.0,0,0,0,1
High-Demand,Evening,Published Reference,1008,2905494228,6,1188.9,4,0,4,4
High-Demand,Evening,Published Reference,1008,2905494228,7,1192.4166666666667,0,0,0,0
High-Demand,Evening,Published Reference,1008,2905494228,8,1193.0,0,0,0,0
High-Demand,Evening,Published Reference,1008,2905494228,9,1194.1,0,0,0,0
High-Demand,Evening,Published Reference,1008,2905494228,10,1197.0,1,0,1,1
High-Demand,Morning,Published Reference,1009,2526559800,6,653.8,3,0,3,3
High-Demand,Morning,Published Reference,1009,2526559800,7,660.85,0,0,0,1
High-Demand,Morning,Published Reference,1009,2526559800,8,662.0,0,0,0,1
High-Demand,Morning,Published Reference,1009,2526559800,9,663.6333333333333,0,0,0,0
High-Demand,Morning,Published Reference,1009,2526559800,10,668.0,0,0,0,1
High-Demand,Evening,Published Reference,1009,2526559800,6,1188.9,1,0,1,1
High-Demand,Evening,Published Reference,1009,2526559800,7,1192.4166666666667,0,0,0,0
High-Demand,Evening,Published Reference,1009,2526559800,8,1193.0,0,0,0,0
High-Demand,Evening,Published Reference,1009,2526559800,9,1194.1,1,0,1,1
High-Demand,Evening,Published Reference,1009,2526559800,10,1197.0,0,0,0,0
High-Demand,Morning,Published Reference,1010,1291834702,6,653.8,4,0,4,4
High-Demand,Morning,Published Reference,1010,1291834702,7,660.85,0,0,0,1
High-Demand,Morning,Published Reference,1010,1291834702,8,662.0,0,0,0,0
High-Demand,Morning,Published Reference,1010,1291834702,9,663.6333333333333,0,0,0,1
High-Demand,Morning,Published Reference,1010,1291834702,10,668.0,0,0,0,2
High-Demand,Evening,Published Reference,1010,1291834702,6,1188.9,2,0,2,2
High-Demand,Evening,Published Reference,1010,1291834702,7,1192.4166666666667,0,0,0,0
High-Demand,Evening,Published Reference,1010,1291834702,8,1193.0,0,0,0,0
High-Demand,Evening,Published Reference,1010,1291834702,9,1194.1,1,0,1,1
High-Demand,Evening,Published Reference,1010,1291834702,10,1197.0,0,0,0,0
High-Demand,Morning,Published Reference,1011,3581619815,6,653.8,2,0,2,2
High-Demand,Morning,Published Reference,1011,3581619815,7,660.85,0,0,0,1
High-Demand,Morning,Published Reference,1011,3581619815,8,662.0,0,0,0,0
High-Demand,Morning,Published Reference,1011,3581619815,9,663.6333333333333,0,0,0,0
High-Demand,Morning,Published Reference,1011,3581619815,10,668.0,0,0,0,1
High-Demand,Evening,Published Reference,1011,3581619815,6,1188.9,2,0,2,2
High-Demand,Evening,Published Reference,1011,3581619815,7,1192.4166666666667,0,0,0,0
High-Demand,Evening,Published Reference,1011,3581619815,8,1193.0,2,0,2,2
High-Demand,Evening,Published Reference,1011,3581619815,9,1194.1,1,0,1,1
High-Demand,Evening,Published Reference,1011,3581619815,10,1197.0,0,0,0,0
High-Demand,Morning,Published Reference,1012,3651533743,6,653.8,2,0,2,2
High-Demand,Morning,Published Reference,1012,3651533743,7,660.85,0,0,0,0
High-Demand,Morning,Published Reference,1012,3651533743,8,662.0,0,0,0,1
High-Demand,Morning,Published Reference,1012,3651533743,9,663.6333333333333,0,0,0,1
High-Demand,Morning,Published Reference,1012,3651533743,10,668.0,0,0,0,2
High-Demand,Evening,Published Reference,1012,3651533743,6,1188.9,1,0,1,1
High-Demand,Evening,Published Reference,1012,3651533743,7,1192.4166666666667,0,0,0,0
High-Demand,Evening,Published Reference,1012,3651533743,8,1193.0,0,0,0,0
High-Demand,Evening,Published Reference,1012,3651533743,9,1194.1,1,0,1,1
High-Demand,Evening,Published Reference,1012,3651533743,10,1197.0,2,0,2,2
High-Demand,Morning,Published Reference,1013,3932276593,6,653.8,1,0,1,1
High-Demand,Morning,Published Reference,1013,3932276593,7,660.85,0,0,0,0
High-Demand,Morning,Published Reference,1013,3932276593,8,662.0,0,0,0,0
High-Demand,Morning,Published Reference,1013,3932276593,9,663.6333333333333,0,0,0,2
High-Demand,Morning,Published Reference,1013,3932276593,10,668.0,0,0,0,3
High-Demand,Evening,Published Reference,1013,3932276593,6,1188.9,7,0,7,7
High-Demand,Evening,Published Reference,1013,3932276593,7,1192.4166666666667,1,0,1,1
High-Demand,Evening,Published Reference,1013,3932276593,8,1193.0,2,0,2,2
High-Demand,Evening,Published Reference,1013,3932276593,9,1194.1,0,0,0,0
High-Demand,Evening,Published Reference,1013,3932276593,10,1197.0,0,0,0,0
High-Demand,Morning,Published Reference,1014,3122121222,6,653.8,4,0,4,4
High-Demand,Morning,Published Reference,1014,3122121222,7,660.85,0,0,0,1
High-Demand,Morning,Published Reference,1014,3122121222,8,662.0,0,0,0,1
High-Demand,Morning,Published Reference,1014,3122121222,9,663.6333333333333,0,0,0,0
High-Demand,Morning,Published Reference,1014,3122121222,10,668.0,0,0,0,1
High-Demand,Evening,Published Reference,1014,3122121222,6,1188.9,4,0,4,4
High-Demand,Evening,Published Reference,1014,3122121222,7,1192.4166666666667,0,0,0,0
High-Demand,Evening,Published Reference,1014,3122121222,8,1193.0,1,0,1,1
High-Demand,Evening,Published Reference,1014,3122121222,9,1194.1,0,0,0,0
High-Demand,Evening,Published Reference,1014,3122121222,10,1197.0,0,0,0,0
High-Demand,Morning,Published Reference,1015,3662741725,6,653.8,4,0,4,4
High-Demand,Morning,Published Reference,1015,3662741725,7,660.85,0,0,0,0
High-Demand,Morning,Published Reference,1015,3662741725,8,662.0,0,0,0,0
High-Demand,Morning,Published Reference,1015,3662741725,9,663.6333333333333,0,0,0,2
High-Demand,Morning,Published Reference,1015,3662741725,10,668.0,0,0,0,3
High-Demand,Evening,Published Reference,1015,3662741725,6,1188.9,9,0,9,9
High-Demand,Evening,Published Reference,1015,3662741725,7,1192.4166666666667,0,0,0,0
High-Demand,Evening,Published Reference,1015,3662741725,8,1193.0,0,0,0,0
High-Demand,Evening,Published Reference,1015,3662741725,9,1194.1,1,0,1,1
High-Demand,Evening,Published Reference,1015,3662741725,10,1197.0,2,0,2,2
High-Demand,Morning,Published Reference,1016,2936492253,6,653.8,3,0,3,3
High-Demand,Morning,Published Reference,1016,2936492253,7,660.85,0,0,0,1
High-Demand,Morning,Published Reference,1016,2936492253,8,662.0,0,0,0,0
High-Demand,Morning,Published Reference,1016,2936492253,9,663.6333333333333,0,0,0,0
High-Demand,Morning,Published Reference,1016,2936492253,10,668.0,0,0,0,1
High-Demand,Evening,Published Reference,1016,2936492253,6,1188.9,2,0,2,2
High-Demand,Evening,Published Reference,1016,2936492253,7,1192.4166666666667,0,0,0,0
High-Demand,Evening,Published Reference,1016,2936492253,8,1193.0,0,0,0,0
High-Demand,Evening,Published Reference,1016,2936492253,9,1194.1,0,0,0,0
High-Demand,Evening,Published Reference,1016,2936492253,10,1197.0,1,0,1,1
High-Demand,Morning,Published Reference,1017,129473399,6,653.8,5,0,5,5
High-Demand,Morning,Published Reference,1017,129473399,7,660.85,0,0,0,0
High-Demand,Morning,Published Reference,1017,129473399,8,662.0,0,0,0,0
High-Demand,Morning,Published Reference,1017,129473399,9,663.6333333333333,0,0,0,1
High-Demand,Morning,Published Reference,1017,129473399,10,668.0,0,0,0,3
High-Demand,Evening,Published Reference,1017,129473399,6,1188.9,4,0,4,4
High-Demand,Evening,Published Reference,1017,129473399,7,1192.4166666666667,1,0,1,1
High-Demand,Evening,Published Reference,1017,129473399,8,1193.0,1,0,1,1
High-Demand,Evening,Published Reference,1017,129473399,9,1194.1,1,0,1,1
High-Demand,Evening,Published Reference,1017,129473399,10,1197.0,1,0,1,1
High-Demand,Morning,Published Reference,1018,1866136011,6,653.8,0,0,0,0
High-Demand,Morning,Published Reference,1018,1866136011,7,660.85,0,0,0,0
High-Demand,Morning,Published Reference,1018,1866136011,8,662.0,0,0,0,0
High-Demand,Morning,Published Reference,1018,1866136011,9,663.6333333333333,0,0,0,1
High-Demand,Morning,Published Reference,1018,1866136011,10,668.0,0,0,0,2
High-Demand,Evening,Published Reference,1018,1866136011,6,1188.9,4,0,4,4
High-Demand,Evening,Published Reference,1018,1866136011,7,1192.4166666666667,0,0,0,0
High-Demand,Evening,Published Reference,1018,1866136011,8,1193.0,0,0,0,0
High-Demand,Evening,Published Reference,1018,1866136011,9,1194.1,0,0,0,0
High-Demand,Evening,Published Reference,1018,1866136011,10,1197.0,2,0,2,2
High-Demand,Morning,Published Reference,1019,4287566515,6,653.8,0,0,0,0
High-Demand,Morning,Published Reference,1019,4287566515,7,660.85,0,0,0,2
High-Demand,Morning,Published Reference,1019,4287566515,8,662.0,0,0,0,0
High-Demand,Morning,Published Reference,1019,4287566515,9,663.6333333333333,0,0,0,0
High-Demand,Morning,Published Reference,1019,4287566515,10,668.0,0,0,0,0
High-Demand,Evening,Published Reference,1019,4287566515,6,1188.9,5,0,5,5
High-Demand,Evening,Published Reference,1019,4287566515,7,1192.4166666666667,0,0,0,0
High-Demand,Evening,Published Reference,1019,4287566515,8,1193.0,0,0,0,0
High-Demand,Evening,Published Reference,1019,4287566515,9,1194.1,0,0,0,0
High-Demand,Evening,Published Reference,1019,4287566515,10,1197.0,0,0,0,0
High-Demand,Morning,Published Reference,1020,1395281472,6,653.8,4,0,4,4
High-Demand,Morning,Published Reference,1020,1395281472,7,660.85,0,0,0,0
High-Demand,Morning,Published Reference,1020,1395281472,8,662.0,0,0,0,0
High-Demand,Morning,Published Reference,1020,1395281472,9,663.6333333333333,0,0,0,0
High-Demand,Morning,Published Reference,1020,1395281472,10,668.0,0,0,0,2
High-Demand,Evening,Published Reference,1020,1395281472,6,1188.9,3,0,3,3
High-Demand,Evening,Published Reference,1020,1395281472,7,1192.4166666666667,0,0,0,0
High-Demand,Evening,Published Reference,1020,1395281472,8,1193.0,0,0,0,0
High-Demand,Evening,Published Reference,1020,1395281472,9,1194.1,0,0,0,0
High-Demand,Evening,Published Reference,1020,1395281472,10,1197.0,0,0,0,0
High-Demand,Morning,Published Reference,1021,3437867865,6,653.8,2,0,2,2
High-Demand,Morning,Published Reference,1021,3437867865,7,660.85,0,0,0,0
High-Demand,Morning,Published Reference,1021,3437867865,8,662.0,0,0,0,0
High-Demand,Morning,Published Reference,1021,3437867865,9,663.6333333333333,0,0,0,0
High-Demand,Morning,Published Reference,1021,3437867865,10,668.0,0,0,0,2
High-Demand,Evening,Published Reference,1021,3437867865,6,1188.9,6,0,6,6
High-Demand,Evening,Published Reference,1021,3437867865,7,1192.4166666666667,2,0,2,2
High-Demand,Evening,Published Reference,1021,3437867865,8,1193.0,0,0,0,0
High-Demand,Evening,Published Reference,1021,3437867865,9,1194.1,0,0,0,0
High-Demand,Evening,Published Reference,1021,3437867865,10,1197.0,0,0,0,0
High-Demand,Morning,Published Reference,1022,127113282,6,653.8,4,0,4,4
High-Demand,Morning,Published Reference,1022,127113282,7,660.85,0,0,0,1
High-Demand,Morning,Published Reference,1022,127113282,8,662.0,0,0,0,2
High-Demand,Morning,Published Reference,1022,127113282,9,663.6333333333333,0,0,0,0
High-Demand,Morning,Published Reference,1022,127113282,10,668.0,0,0,0,2
High-Demand,Evening,Published Reference,1022,127113282,6,1188.9,1,0,1,1
High-Demand,Evening,Published Reference,1022,127113282,7,1192.4166666666667,0,0,0,0
High-Demand,Evening,Published Reference,1022,127113282,8,1193.0,1,0,1,1
High-Demand,Evening,Published Reference,1022,127113282,9,1194.1,0,0,0,0
High-Demand,Evening,Published Reference,1022,127113282,10,1197.0,1,0,1,1
High-Demand,Morning,Published Reference,1023,3924048200,6,653.8,4,0,4,4
High-Demand,Morning,Published Reference,1023,3924048200,7,660.85,0,0,0,0
High-Demand,Morning,Published Reference,1023,3924048200,8,662.0,0,0,0,0
High-Demand,Morning,Published Reference,1023,3924048200,9,663.6333333333333,0,0,0,0
High-Demand,Morning,Published Reference,1023,3924048200,10,668.0,0,0,0,1
High-Demand,Evening,Published Reference,1023,3924048200,6,1188.9,3,0,3,3
High-Demand,Evening,Published Reference,1023,3924048200,7,1192.4166666666667,0,0,0,0
High-Demand,Evening,Published Reference,1023,3924048200,8,1193.0,0,0,0,0
High-Demand,Evening,Published Reference,1023,3924048200,9,1194.1,1,0,1,1
High-Demand,Evening,Published Reference,1023,3924048200,10,1197.0,0,0,0,0
High-Demand,Morning,Published Reference,1024,163537029,6,653.8,1,0,1,1
High-Demand,Morning,Published Reference,1024,163537029,7,660.85,0,0,0,0
High-Demand,Morning,Published Reference,1024,163537029,8,662.0,0,0,0,0
High-Demand,Morning,Published Reference,1024,163537029,9,663.6333333333333,0,0,0,1
High-Demand,Morning,Published Reference,1024,163537029,10,668.0,0,0,0,0
High-Demand,Evening,Published Reference,1024,163537029,6,1188.9,2,0,2,2
High-Demand,Evening,Published Reference,1024,163537029,7,1192.4166666666667,0,0,0,0
High-Demand,Evening,Published Reference,1024,163537029,8,1193.0,0,0,0,0
High-Demand,Evening,Published Reference,1024,163537029,9,1194.1,1,0,1,1
High-Demand,Evening,Published Reference,1024,163537029,10,1197.0,1,0,1,1
High-Demand,Morning,Published Reference,1025,1742720703,6,653.8,3,0,3,3
High-Demand,Morning,Published Reference,1025,1742720703,7,660.85,0,0,0,0
High-Demand,Morning,Published Reference,1025,1742720703,8,662.0,0,0,0,0
High-Demand,Morning,Published Reference,1025,1742720703,9,663.6333333333333,0,0,0,0
High-Demand,Morning,Published Reference,1025,1742720703,10,668.0,0,0,0,0
High-Demand,Evening,Published Reference,1025,1742720703,6,1188.9,3,0,3,3
High-Demand,Evening,Published Reference,1025,1742720703,7,1192.4166666666667,0,0,0,0
High-Demand,Evening,Published Reference,1025,1742720703,8,1193.0,0,0,0,0
High-Demand,Evening,Published Reference,1025,1742720703,9,1194.1,0,0,0,0
High-Demand,Evening,Published Reference,1025,1742720703,10,1197.0,2,0,2,2
High-Demand,Morning,Published Reference,1026,1522367500,6,653.8,5,0,5,5
High-Demand,Morning,Published Reference,1026,1522367500,7,660.85,0,0,0,0
High-Demand,Morning,Published Reference,1026,1522367500,8,662.0,0,0,0,1
High-Demand,Morning,Published Reference,1026,1522367500,9,663.6333333333333,0,0,0,1
High-Demand,Morning,Published Reference,1026,1522367500,10,668.0,0,0,0,1
High-Demand,Evening,Published Reference,1026,1522367500,6,1188.9,6,0,6,6
High-Demand,Evening,Published Reference,1026,1522367500,7,1192.4166666666667,1,0,1,1
High-Demand,Evening,Published Reference,1026,1522367500,8,1193.0,1,0,1,1
High-Demand,Evening,Published Reference,1026,1522367500,9,1194.1,0,0,0,0
High-Demand,Evening,Published Reference,1026,1522367500,10,1197.0,1,0,1,1
High-Demand,Morning,Published Reference,1027,403830989,6,653.8,2,0,2,2
High-Demand,Morning,Published Reference,1027,403830989,7,660.85,0,0,0,1
High-Demand,Morning,Published Reference,1027,403830989,8,662.0,0,0,0,0
High-Demand,Morning,Published Reference,1027,403830989,9,663.6333333333333,0,0,0,0
High-Demand,Morning,Published Reference,1027,403830989,10,668.0,0,0,0,1
High-Demand,Evening,Published Reference,1027,403830989,6,1188.9,2,0,2,2
High-Demand,Evening,Published Reference,1027,403830989,7,1192.4166666666667,0,0,0,0
High-Demand,Evening,Published Reference,1027,403830989,8,1193.0,0,0,0,0
High-Demand,Evening,Published Reference,1027,403830989,9,1194.1,0,0,0,0
High-Demand,Evening,Published Reference,1027,403830989,10,1197.0,0,0,0,0
High-Demand,Morning,Published Reference,1028,1967774211,6,653.8,2,0,2,2
High-Demand,Morning,Published Reference,1028,1967774211,7,660.85,0,0,0,0
High-Demand,Morning,Published Reference,1028,1967774211,8,662.0,0,0,0,1
High-Demand,Morning,Published Reference,1028,1967774211,9,663.6333333333333,0,0,0,0
High-Demand,Morning,Published Reference,1028,1967774211,10,668.0,0,0,0,0
High-Demand,Evening,Published Reference,1028,1967774211,6,1188.9,3,0,3,3
High-Demand,Evening,Published Reference,1028,1967774211,7,1192.4166666666667,1,0,1,1
High-Demand,Evening,Published Reference,1028,1967774211,8,1193.0,0,0,0,0
High-Demand,Evening,Published Reference,1028,1967774211,9,1194.1,0,0,0,0
High-Demand,Evening,Published Reference,1028,1967774211,10,1197.0,1,0,1,1
High-Demand,Morning,Published Reference,1029,215896334,6,653.8,2,0,2,2
High-Demand,Morning,Published Reference,1029,215896334,7,660.85,0,0,0,0
High-Demand,Morning,Published Reference,1029,215896334,8,662.0,0,0,0,1
High-Demand,Morning,Published Reference,1029,215896334,9,663.6333333333333,0,0,0,0
High-Demand,Morning,Published Reference,1029,215896334,10,668.0,0,0,0,1
High-Demand,Evening,Published Reference,1029,215896334,6,1188.9,4,0,4,4
High-Demand,Evening,Published Reference,1029,215896334,7,1192.4166666666667,0,0,0,0
High-Demand,Evening,Published Reference,1029,215896334,8,1193.0,0,0,0,0
High-Demand,Evening,Published Reference,1029,215896334,9,1194.1,0,0,0,0
High-Demand,Evening,Published Reference,1029,215896334,10,1197.0,1,0,1,1
High-Demand,Morning,Published Reference,1030,2449122539,6,653.8,3,0,3,3
High-Demand,Morning,Published Reference,1030,2449122539,7,660.85,0,0,0,1
High-Demand,Morning,Published Reference,1030,2449122539,8,662.0,0,0,0,0
High-Demand,Morning,Published Reference,1030,2449122539,9,663.6333333333333,0,0,0,0
High-Demand,Morning,Published Reference,1030,2449122539,10,668.0,0,0,0,2
High-Demand,Evening,Published Reference,1030,2449122539,6,1188.9,5,0,5,5
High-Demand,Evening,Published Reference,1030,2449122539,7,1192.4166666666667,0,0,0,0
High-Demand,Evening,Published Reference,1030,2449122539,8,1193.0,0,0,0,0
High-Demand,Evening,Published Reference,1030,2449122539,9,1194.1,0,0,0,0
High-Demand,Evening,Published Reference,1030,2449122539,10,1197.0,1,0,1,1
Reduced-Service,Morning,Published Reference,1001,575107655,6,653.8,4,0,4,4
Reduced-Service,Morning,Published Reference,1001,575107655,7,660.85,0,0,0,0
Reduced-Service,Morning,Published Reference,1001,575107655,8,662.0,0,0,0,0
Reduced-Service,Morning,Published Reference,1001,575107655,9,663.6333333333333,0,0,0,0
Reduced-Service,Morning,Published Reference,1001,575107655,10,668.0,0,0,0,0
Reduced-Service,Evening,Published Reference,1001,575107655,6,1188.9,2,0,2,2
Reduced-Service,Evening,Published Reference,1001,575107655,7,1192.4166666666667,0,0,0,0
Reduced-Service,Evening,Published Reference,1001,575107655,8,1193.0,1,0,1,1
Reduced-Service,Evening,Published Reference,1001,575107655,9,1194.1,0,0,0,0
Reduced-Service,Evening,Published Reference,1001,575107655,10,1197.0,0,0,0,0
Reduced-Service,Morning,Published Reference,1002,868506165,6,653.8,1,0,1,1
Reduced-Service,Morning,Published Reference,1002,868506165,7,660.85,0,0,0,1
Reduced-Service,Morning,Published Reference,1002,868506165,8,662.0,0,0,0,0
Reduced-Service,Morning,Published Reference,1002,868506165,9,663.6333333333333,0,0,0,0
Reduced-Service,Morning,Published Reference,1002,868506165,10,668.0,0,0,0,0
Reduced-Service,Evening,Published Reference,1002,868506165,6,1188.9,2,0,2,2
Reduced-Service,Evening,Published Reference,1002,868506165,7,1192.4166666666667,0,0,0,0
Reduced-Service,Evening,Published Reference,1002,868506165,8,1193.0,0,0,0,0
Reduced-Service,Evening,Published Reference,1002,868506165,9,1194.1,0,0,0,0
Reduced-Service,Evening,Published Reference,1002,868506165,10,1197.0,0,0,0,0
Reduced-Service,Morning,Published Reference,1003,64261288,6,653.8,0,0,0,0
Reduced-Service,Morning,Published Reference,1003,64261288,7,660.85,0,0,0,1
Reduced-Service,Morning,Published Reference,1003,64261288,8,662.0,0,0,0,0
Reduced-Service,Morning,Published Reference,1003,64261288,9,663.6333333333333,0,0,0,0
Reduced-Service,Morning,Published Reference,1003,64261288,10,668.0,0,0,0,0
Reduced-Service,Evening,Published Reference,1003,64261288,6,1188.9,3,0,3,3
Reduced-Service,Evening,Published Reference,1003,64261288,7,1192.4166666666667,0,0,0,0
Reduced-Service,Evening,Published Reference,1003,64261288,8,1193.0,1,0,1,1
Reduced-Service,Evening,Published Reference,1003,64261288,9,1194.1,0,0,0,0
Reduced-Service,Evening,Published Reference,1003,64261288,10,1197.0,1,0,1,1
Reduced-Service,Morning,Published Reference,1004,897980844,6,653.8,2,0,2,2
Reduced-Service,Morning,Published Reference,1004,897980844,7,660.85,0,0,0,0
Reduced-Service,Morning,Published Reference,1004,897980844,8,662.0,0,0,0,0
Reduced-Service,Morning,Published Reference,1004,897980844,9,663.6333333333333,0,0,0,1
Reduced-Service,Morning,Published Reference,1004,897980844,10,668.0,0,0,0,0
Reduced-Service,Evening,Published Reference,1004,897980844,6,1188.9,2,0,2,2
Reduced-Service,Evening,Published Reference,1004,897980844,7,1192.4166666666667,0,0,0,0
Reduced-Service,Evening,Published Reference,1004,897980844,8,1193.0,1,0,1,1
Reduced-Service,Evening,Published Reference,1004,897980844,9,1194.1,0,0,0,0
Reduced-Service,Evening,Published Reference,1004,897980844,10,1197.0,1,0,1,1
Reduced-Service,Morning,Published Reference,1005,845940892,6,653.8,1,0,1,1
Reduced-Service,Morning,Published Reference,1005,845940892,7,660.85,0,0,0,2
Reduced-Service,Morning,Published Reference,1005,845940892,8,662.0,0,0,0,0
Reduced-Service,Morning,Published Reference,1005,845940892,9,663.6333333333333,0,0,0,0
Reduced-Service,Morning,Published Reference,1005,845940892,10,668.0,0,0,0,0
Reduced-Service,Evening,Published Reference,1005,845940892,6,1188.9,1,0,1,1
Reduced-Service,Evening,Published Reference,1005,845940892,7,1192.4166666666667,0,0,0,0
Reduced-Service,Evening,Published Reference,1005,845940892,8,1193.0,0,0,0,0
Reduced-Service,Evening,Published Reference,1005,845940892,9,1194.1,0,0,0,0
Reduced-Service,Evening,Published Reference,1005,845940892,10,1197.0,0,0,0,0
Reduced-Service,Morning,Published Reference,1006,66009406,6,653.8,2,0,2,2
Reduced-Service,Morning,Published Reference,1006,66009406,7,660.85,0,0,0,1
Reduced-Service,Morning,Published Reference,1006,66009406,8,662.0,0,0,0,0
Reduced-Service,Morning,Published Reference,1006,66009406,9,663.6333333333333,0,0,0,0
Reduced-Service,Morning,Published Reference,1006,66009406,10,668.0,0,0,0,1
Reduced-Service,Evening,Published Reference,1006,66009406,6,1188.9,2,0,2,2
Reduced-Service,Evening,Published Reference,1006,66009406,7,1192.4166666666667,0,0,0,0
Reduced-Service,Evening,Published Reference,1006,66009406,8,1193.0,0,0,0,0
Reduced-Service,Evening,Published Reference,1006,66009406,9,1194.1,0,0,0,0
Reduced-Service,Evening,Published Reference,1006,66009406,10,1197.0,2,0,2,2
Reduced-Service,Morning,Published Reference,1007,1241135382,6,653.8,1,0,1,1
Reduced-Service,Morning,Published Reference,1007,1241135382,7,660.85,0,0,0,0
Reduced-Service,Morning,Published Reference,1007,1241135382,8,662.0,0,0,0,1
Reduced-Service,Morning,Published Reference,1007,1241135382,9,663.6333333333333,0,0,0,0
Reduced-Service,Morning,Published Reference,1007,1241135382,10,668.0,0,0,0,0
Reduced-Service,Evening,Published Reference,1007,1241135382,6,1188.9,3,0,3,3
Reduced-Service,Evening,Published Reference,1007,1241135382,7,1192.4166666666667,1,0,1,1
Reduced-Service,Evening,Published Reference,1007,1241135382,8,1193.0,0,0,0,0
Reduced-Service,Evening,Published Reference,1007,1241135382,9,1194.1,2,0,2,2
Reduced-Service,Evening,Published Reference,1007,1241135382,10,1197.0,0,0,0,0
Reduced-Service,Morning,Published Reference,1008,2905494228,6,653.8,1,0,1,1
Reduced-Service,Morning,Published Reference,1008,2905494228,7,660.85,0,0,0,1
Reduced-Service,Morning,Published Reference,1008,2905494228,8,662.0,0,0,0,1
Reduced-Service,Morning,Published Reference,1008,2905494228,9,663.6333333333333,0,0,0,0
Reduced-Service,Morning,Published Reference,1008,2905494228,10,668.0,0,0,0,1
Reduced-Service,Evening,Published Reference,1008,2905494228,6,1188.9,2,0,2,2
Reduced-Service,Evening,Published Reference,1008,2905494228,7,1192.4166666666667,0,0,0,0
Reduced-Service,Evening,Published Reference,1008,2905494228,8,1193.0,0,0,0,0
Reduced-Service,Evening,Published Reference,1008,2905494228,9,1194.1,0,0,0,0
Reduced-Service,Evening,Published Reference,1008,2905494228,10,1197.0,1,0,1,1
Reduced-Service,Morning,Published Reference,1009,2526559800,6,653.8,0,0,0,0
Reduced-Service,Morning,Published Reference,1009,2526559800,7,660.85,0,0,0,0
Reduced-Service,Morning,Published Reference,1009,2526559800,8,662.0,0,0,0,1
Reduced-Service,Morning,Published Reference,1009,2526559800,9,663.6333333333333,0,0,0,0
Reduced-Service,Morning,Published Reference,1009,2526559800,10,668.0,0,0,0,1
Reduced-Service,Evening,Published Reference,1009,2526559800,6,1188.9,0,0,0,0
Reduced-Service,Evening,Published Reference,1009,2526559800,7,1192.4166666666667,0,0,0,0
Reduced-Service,Evening,Published Reference,1009,2526559800,8,1193.0,0,0,0,0
Reduced-Service,Evening,Published Reference,1009,2526559800,9,1194.1,0,0,0,0
Reduced-Service,Evening,Published Reference,1009,2526559800,10,1197.0,0,0,0,0
Reduced-Service,Morning,Published Reference,1010,1291834702,6,653.8,4,0,4,4
Reduced-Service,Morning,Published Reference,1010,1291834702,7,660.85,0,0,0,1
Reduced-Service,Morning,Published Reference,1010,1291834702,8,662.0,0,0,0,0
Reduced-Service,Morning,Published Reference,1010,1291834702,9,663.6333333333333,0,0,0,1
Reduced-Service,Morning,Published Reference,1010,1291834702,10,668.0,0,0,0,2
Reduced-Service,Evening,Published Reference,1010,1291834702,6,1188.9,2,0,2,2
Reduced-Service,Evening,Published Reference,1010,1291834702,7,1192.4166666666667,0,0,0,0
Reduced-Service,Evening,Published Reference,1010,1291834702,8,1193.0,0,0,0,0
Reduced-Service,Evening,Published Reference,1010,1291834702,9,1194.1,1,0,1,1
Reduced-Service,Evening,Published Reference,1010,1291834702,10,1197.0,0,0,0,0
Reduced-Service,Morning,Published Reference,1011,3581619815,6,653.8,1,0,1,1
Reduced-Service,Morning,Published Reference,1011,3581619815,7,660.85,0,0,0,0
Reduced-Service,Morning,Published Reference,1011,3581619815,8,662.0,0,0,0,0
Reduced-Service,Morning,Published Reference,1011,3581619815,9,663.6333333333333,0,0,0,0
Reduced-Service,Morning,Published Reference,1011,3581619815,10,668.0,0,0,0,1
Reduced-Service,Evening,Published Reference,1011,3581619815,6,1188.9,1,0,1,1
Reduced-Service,Evening,Published Reference,1011,3581619815,7,1192.4166666666667,0,0,0,0
Reduced-Service,Evening,Published Reference,1011,3581619815,8,1193.0,1,0,1,1
Reduced-Service,Evening,Published Reference,1011,3581619815,9,1194.1,1,0,1,1
Reduced-Service,Evening,Published Reference,1011,3581619815,10,1197.0,0,0,0,0
Reduced-Service,Morning,Published Reference,1012,3651533743,6,653.8,0,0,0,0
Reduced-Service,Morning,Published Reference,1012,3651533743,7,660.85,0,0,0,0
Reduced-Service,Morning,Published Reference,1012,3651533743,8,662.0,0,0,0,1
Reduced-Service,Morning,Published Reference,1012,3651533743,9,663.6333333333333,0,0,0,0
Reduced-Service,Morning,Published Reference,1012,3651533743,10,668.0,0,0,0,1
Reduced-Service,Evening,Published Reference,1012,3651533743,6,1188.9,1,0,1,1
Reduced-Service,Evening,Published Reference,1012,3651533743,7,1192.4166666666667,0,0,0,0
Reduced-Service,Evening,Published Reference,1012,3651533743,8,1193.0,0,0,0,0
Reduced-Service,Evening,Published Reference,1012,3651533743,9,1194.1,1,0,1,1
Reduced-Service,Evening,Published Reference,1012,3651533743,10,1197.0,2,0,2,2
Reduced-Service,Morning,Published Reference,1013,3932276593,6,653.8,0,0,0,0
Reduced-Service,Morning,Published Reference,1013,3932276593,7,660.85,0,0,0,0
Reduced-Service,Morning,Published Reference,1013,3932276593,8,662.0,0,0,0,0
Reduced-Service,Morning,Published Reference,1013,3932276593,9,663.6333333333333,0,0,0,1
Reduced-Service,Morning,Published Reference,1013,3932276593,10,668.0,0,0,0,2
Reduced-Service,Evening,Published Reference,1013,3932276593,6,1188.9,5,0,5,5
Reduced-Service,Evening,Published Reference,1013,3932276593,7,1192.4166666666667,1,0,1,1
Reduced-Service,Evening,Published Reference,1013,3932276593,8,1193.0,1,0,1,1
Reduced-Service,Evening,Published Reference,1013,3932276593,9,1194.1,0,0,0,0
Reduced-Service,Evening,Published Reference,1013,3932276593,10,1197.0,0,0,0,0
Reduced-Service,Morning,Published Reference,1014,3122121222,6,653.8,3,0,3,3
Reduced-Service,Morning,Published Reference,1014,3122121222,7,660.85,0,0,0,1
Reduced-Service,Morning,Published Reference,1014,3122121222,8,662.0,0,0,0,1
Reduced-Service,Morning,Published Reference,1014,3122121222,9,663.6333333333333,0,0,0,0
Reduced-Service,Morning,Published Reference,1014,3122121222,10,668.0,0,0,0,1
Reduced-Service,Evening,Published Reference,1014,3122121222,6,1188.9,3,0,3,3
Reduced-Service,Evening,Published Reference,1014,3122121222,7,1192.4166666666667,0,0,0,0
Reduced-Service,Evening,Published Reference,1014,3122121222,8,1193.0,1,0,1,1
Reduced-Service,Evening,Published Reference,1014,3122121222,9,1194.1,0,0,0,0
Reduced-Service,Evening,Published Reference,1014,3122121222,10,1197.0,0,0,0,0
Reduced-Service,Morning,Published Reference,1015,3662741725,6,653.8,3,0,3,3
Reduced-Service,Morning,Published Reference,1015,3662741725,7,660.85,0,0,0,0
Reduced-Service,Morning,Published Reference,1015,3662741725,8,662.0,0,0,0,0
Reduced-Service,Morning,Published Reference,1015,3662741725,9,663.6333333333333,0,0,0,2
Reduced-Service,Morning,Published Reference,1015,3662741725,10,668.0,0,0,0,3
Reduced-Service,Evening,Published Reference,1015,3662741725,6,1188.9,7,0,7,7
Reduced-Service,Evening,Published Reference,1015,3662741725,7,1192.4166666666667,0,0,0,0
Reduced-Service,Evening,Published Reference,1015,3662741725,8,1193.0,0,0,0,0
Reduced-Service,Evening,Published Reference,1015,3662741725,9,1194.1,1,0,1,1
Reduced-Service,Evening,Published Reference,1015,3662741725,10,1197.0,2,0,2,2
Reduced-Service,Morning,Published Reference,1016,2936492253,6,653.8,3,0,3,3
Reduced-Service,Morning,Published Reference,1016,2936492253,7,660.85,0,0,0,0
Reduced-Service,Morning,Published Reference,1016,2936492253,8,662.0,0,0,0,0
Reduced-Service,Morning,Published Reference,1016,2936492253,9,663.6333333333333,0,0,0,0
Reduced-Service,Morning,Published Reference,1016,2936492253,10,668.0,0,0,0,1
Reduced-Service,Evening,Published Reference,1016,2936492253,6,1188.9,2,0,2,2
Reduced-Service,Evening,Published Reference,1016,2936492253,7,1192.4166666666667,0,0,0,0
Reduced-Service,Evening,Published Reference,1016,2936492253,8,1193.0,0,0,0,0
Reduced-Service,Evening,Published Reference,1016,2936492253,9,1194.1,0,0,0,0
Reduced-Service,Evening,Published Reference,1016,2936492253,10,1197.0,1,0,1,1
Reduced-Service,Morning,Published Reference,1017,129473399,6,653.8,4,0,4,4
Reduced-Service,Morning,Published Reference,1017,129473399,7,660.85,0,0,0,0
Reduced-Service,Morning,Published Reference,1017,129473399,8,662.0,0,0,0,0
Reduced-Service,Morning,Published Reference,1017,129473399,9,663.6333333333333,0,0,0,1
Reduced-Service,Morning,Published Reference,1017,129473399,10,668.0,0,0,0,2
Reduced-Service,Evening,Published Reference,1017,129473399,6,1188.9,2,0,2,2
Reduced-Service,Evening,Published Reference,1017,129473399,7,1192.4166666666667,1,0,1,1
Reduced-Service,Evening,Published Reference,1017,129473399,8,1193.0,1,0,1,1
Reduced-Service,Evening,Published Reference,1017,129473399,9,1194.1,1,0,1,1
Reduced-Service,Evening,Published Reference,1017,129473399,10,1197.0,1,0,1,1
Reduced-Service,Morning,Published Reference,1018,1866136011,6,653.8,0,0,0,0
Reduced-Service,Morning,Published Reference,1018,1866136011,7,660.85,0,0,0,0
Reduced-Service,Morning,Published Reference,1018,1866136011,8,662.0,0,0,0,0
Reduced-Service,Morning,Published Reference,1018,1866136011,9,663.6333333333333,0,0,0,1
Reduced-Service,Morning,Published Reference,1018,1866136011,10,668.0,0,0,0,2
Reduced-Service,Evening,Published Reference,1018,1866136011,6,1188.9,2,0,2,2
Reduced-Service,Evening,Published Reference,1018,1866136011,7,1192.4166666666667,0,0,0,0
Reduced-Service,Evening,Published Reference,1018,1866136011,8,1193.0,0,0,0,0
Reduced-Service,Evening,Published Reference,1018,1866136011,9,1194.1,0,0,0,0
Reduced-Service,Evening,Published Reference,1018,1866136011,10,1197.0,1,0,1,1
Reduced-Service,Morning,Published Reference,1019,4287566515,6,653.8,0,0,0,0
Reduced-Service,Morning,Published Reference,1019,4287566515,7,660.85,0,0,0,2
Reduced-Service,Morning,Published Reference,1019,4287566515,8,662.0,0,0,0,0
Reduced-Service,Morning,Published Reference,1019,4287566515,9,663.6333333333333,0,0,0,0
Reduced-Service,Morning,Published Reference,1019,4287566515,10,668.0,0,0,0,0
Reduced-Service,Evening,Published Reference,1019,4287566515,6,1188.9,4,0,4,4
Reduced-Service,Evening,Published Reference,1019,4287566515,7,1192.4166666666667,0,0,0,0
Reduced-Service,Evening,Published Reference,1019,4287566515,8,1193.0,0,0,0,0
Reduced-Service,Evening,Published Reference,1019,4287566515,9,1194.1,0,0,0,0
Reduced-Service,Evening,Published Reference,1019,4287566515,10,1197.0,0,0,0,0
Reduced-Service,Morning,Published Reference,1020,1395281472,6,653.8,4,0,4,4
Reduced-Service,Morning,Published Reference,1020,1395281472,7,660.85,0,0,0,0
Reduced-Service,Morning,Published Reference,1020,1395281472,8,662.0,0,0,0,0
Reduced-Service,Morning,Published Reference,1020,1395281472,9,663.6333333333333,0,0,0,0
Reduced-Service,Morning,Published Reference,1020,1395281472,10,668.0,0,0,0,1
Reduced-Service,Evening,Published Reference,1020,1395281472,6,1188.9,0,0,0,0
Reduced-Service,Evening,Published Reference,1020,1395281472,7,1192.4166666666667,0,0,0,0
Reduced-Service,Evening,Published Reference,1020,1395281472,8,1193.0,0,0,0,0
Reduced-Service,Evening,Published Reference,1020,1395281472,9,1194.1,0,0,0,0
Reduced-Service,Evening,Published Reference,1020,1395281472,10,1197.0,0,0,0,0
Reduced-Service,Morning,Published Reference,1021,3437867865,6,653.8,0,0,0,0
Reduced-Service,Morning,Published Reference,1021,3437867865,7,660.85,0,0,0,0
Reduced-Service,Morning,Published Reference,1021,3437867865,8,662.0,0,0,0,0
Reduced-Service,Morning,Published Reference,1021,3437867865,9,663.6333333333333,0,0,0,0
Reduced-Service,Morning,Published Reference,1021,3437867865,10,668.0,0,0,0,1
Reduced-Service,Evening,Published Reference,1021,3437867865,6,1188.9,2,0,2,2
Reduced-Service,Evening,Published Reference,1021,3437867865,7,1192.4166666666667,2,0,2,2
Reduced-Service,Evening,Published Reference,1021,3437867865,8,1193.0,0,0,0,0
Reduced-Service,Evening,Published Reference,1021,3437867865,9,1194.1,0,0,0,0
Reduced-Service,Evening,Published Reference,1021,3437867865,10,1197.0,0,0,0,0
Reduced-Service,Morning,Published Reference,1022,127113282,6,653.8,1,0,1,1
Reduced-Service,Morning,Published Reference,1022,127113282,7,660.85,0,0,0,1
Reduced-Service,Morning,Published Reference,1022,127113282,8,662.0,0,0,0,1
Reduced-Service,Morning,Published Reference,1022,127113282,9,663.6333333333333,0,0,0,0
Reduced-Service,Morning,Published Reference,1022,127113282,10,668.0,0,0,0,2
Reduced-Service,Evening,Published Reference,1022,127113282,6,1188.9,1,0,1,1
Reduced-Service,Evening,Published Reference,1022,127113282,7,1192.4166666666667,0,0,0,0
Reduced-Service,Evening,Published Reference,1022,127113282,8,1193.0,1,0,1,1
Reduced-Service,Evening,Published Reference,1022,127113282,9,1194.1,0,0,0,0
Reduced-Service,Evening,Published Reference,1022,127113282,10,1197.0,0,0,0,0
Reduced-Service,Morning,Published Reference,1023,3924048200,6,653.8,3,0,3,3
Reduced-Service,Morning,Published Reference,1023,3924048200,7,660.85,0,0,0,0
Reduced-Service,Morning,Published Reference,1023,3924048200,8,662.0,0,0,0,0
Reduced-Service,Morning,Published Reference,1023,3924048200,9,663.6333333333333,0,0,0,0
Reduced-Service,Morning,Published Reference,1023,3924048200,10,668.0,0,0,0,1
Reduced-Service,Evening,Published Reference,1023,3924048200,6,1188.9,1,0,1,1
Reduced-Service,Evening,Published Reference,1023,3924048200,7,1192.4166666666667,0,0,0,0
Reduced-Service,Evening,Published Reference,1023,3924048200,8,1193.0,0,0,0,0
Reduced-Service,Evening,Published Reference,1023,3924048200,9,1194.1,1,0,1,1
Reduced-Service,Evening,Published Reference,1023,3924048200,10,1197.0,0,0,0,0
Reduced-Service,Morning,Published Reference,1024,163537029,6,653.8,0,0,0,0
Reduced-Service,Morning,Published Reference,1024,163537029,7,660.85,0,0,0,0
Reduced-Service,Morning,Published Reference,1024,163537029,8,662.0,0,0,0,0
Reduced-Service,Morning,Published Reference,1024,163537029,9,663.6333333333333,0,0,0,0
Reduced-Service,Morning,Published Reference,1024,163537029,10,668.0,0,0,0,0
Reduced-Service,Evening,Published Reference,1024,163537029,6,1188.9,1,0,1,1
Reduced-Service,Evening,Published Reference,1024,163537029,7,1192.4166666666667,0,0,0,0
Reduced-Service,Evening,Published Reference,1024,163537029,8,1193.0,0,0,0,0
Reduced-Service,Evening,Published Reference,1024,163537029,9,1194.1,1,0,1,1
Reduced-Service,Evening,Published Reference,1024,163537029,10,1197.0,0,0,0,0
Reduced-Service,Morning,Published Reference,1025,1742720703,6,653.8,2,0,2,2
Reduced-Service,Morning,Published Reference,1025,1742720703,7,660.85,0,0,0,0
Reduced-Service,Morning,Published Reference,1025,1742720703,8,662.0,0,0,0,0
Reduced-Service,Morning,Published Reference,1025,1742720703,9,663.6333333333333,0,0,0,0
Reduced-Service,Morning,Published Reference,1025,1742720703,10,668.0,0,0,0,0
Reduced-Service,Evening,Published Reference,1025,1742720703,6,1188.9,1,0,1,1
Reduced-Service,Evening,Published Reference,1025,1742720703,7,1192.4166666666667,0,0,0,0
Reduced-Service,Evening,Published Reference,1025,1742720703,8,1193.0,0,0,0,0
Reduced-Service,Evening,Published Reference,1025,1742720703,9,1194.1,0,0,0,0
Reduced-Service,Evening,Published Reference,1025,1742720703,10,1197.0,1,0,1,1
Reduced-Service,Morning,Published Reference,1026,1522367500,6,653.8,3,0,3,3
Reduced-Service,Morning,Published Reference,1026,1522367500,7,660.85,0,0,0,0
Reduced-Service,Morning,Published Reference,1026,1522367500,8,662.0,0,0,0,1
Reduced-Service,Morning,Published Reference,1026,1522367500,9,663.6333333333333,0,0,0,1
Reduced-Service,Morning,Published Reference,1026,1522367500,10,668.0,0,0,0,1
Reduced-Service,Evening,Published Reference,1026,1522367500,6,1188.9,5,0,5,5
Reduced-Service,Evening,Published Reference,1026,1522367500,7,1192.4166666666667,1,0,1,1
Reduced-Service,Evening,Published Reference,1026,1522367500,8,1193.0,1,0,1,1
Reduced-Service,Evening,Published Reference,1026,1522367500,9,1194.1,0,0,0,0
Reduced-Service,Evening,Published Reference,1026,1522367500,10,1197.0,0,0,0,0
Reduced-Service,Morning,Published Reference,1027,403830989,6,653.8,1,0,1,1
Reduced-Service,Morning,Published Reference,1027,403830989,7,660.85,0,0,0,0
Reduced-Service,Morning,Published Reference,1027,403830989,8,662.0,0,0,0,0
Reduced-Service,Morning,Published Reference,1027,403830989,9,663.6333333333333,0,0,0,0
Reduced-Service,Morning,Published Reference,1027,403830989,10,668.0,0,0,0,1
Reduced-Service,Evening,Published Reference,1027,403830989,6,1188.9,2,0,2,2
Reduced-Service,Evening,Published Reference,1027,403830989,7,1192.4166666666667,0,0,0,0
Reduced-Service,Evening,Published Reference,1027,403830989,8,1193.0,0,0,0,0
Reduced-Service,Evening,Published Reference,1027,403830989,9,1194.1,0,0,0,0
Reduced-Service,Evening,Published Reference,1027,403830989,10,1197.0,0,0,0,0
Reduced-Service,Morning,Published Reference,1028,1967774211,6,653.8,2,0,2,2
Reduced-Service,Morning,Published Reference,1028,1967774211,7,660.85,0,0,0,0
Reduced-Service,Morning,Published Reference,1028,1967774211,8,662.0,0,0,0,1
Reduced-Service,Morning,Published Reference,1028,1967774211,9,663.6333333333333,0,0,0,0
Reduced-Service,Morning,Published Reference,1028,1967774211,10,668.0,0,0,0,0
Reduced-Service,Evening,Published Reference,1028,1967774211,6,1188.9,2,0,2,2
Reduced-Service,Evening,Published Reference,1028,1967774211,7,1192.4166666666667,1,0,1,1
Reduced-Service,Evening,Published Reference,1028,1967774211,8,1193.0,0,0,0,0
Reduced-Service,Evening,Published Reference,1028,1967774211,9,1194.1,0,0,0,0
Reduced-Service,Evening,Published Reference,1028,1967774211,10,1197.0,0,0,0,0
Reduced-Service,Morning,Published Reference,1029,215896334,6,653.8,1,0,1,1
Reduced-Service,Morning,Published Reference,1029,215896334,7,660.85,0,0,0,0
Reduced-Service,Morning,Published Reference,1029,215896334,8,662.0,0,0,0,1
Reduced-Service,Morning,Published Reference,1029,215896334,9,663.6333333333333,0,0,0,0
Reduced-Service,Morning,Published Reference,1029,215896334,10,668.0,0,0,0,1
Reduced-Service,Evening,Published Reference,1029,215896334,6,1188.9,4,0,4,4
Reduced-Service,Evening,Published Reference,1029,215896334,7,1192.4166666666667,0,0,0,0
Reduced-Service,Evening,Published Reference,1029,215896334,8,1193.0,0,0,0,0
Reduced-Service,Evening,Published Reference,1029,215896334,9,1194.1,0,0,0,0
Reduced-Service,Evening,Published Reference,1029,215896334,10,1197.0,1,0,1,1
Reduced-Service,Morning,Published Reference,1030,2449122539,6,653.8,2,0,2,2
Reduced-Service,Morning,Published Reference,1030,2449122539,7,660.85,0,0,0,1
Reduced-Service,Morning,Published Reference,1030,2449122539,8,662.0,0,0,0,0
Reduced-Service,Morning,Published Reference,1030,2449122539,9,663.6333333333333,0,0,0,0
Reduced-Service,Morning,Published Reference,1030,2449122539,10,668.0,0,0,0,1
Reduced-Service,Evening,Published Reference,1030,2449122539,6,1188.9,2,0,2,2
Reduced-Service,Evening,Published Reference,1030,2449122539,7,1192.4166666666667,0,0,0,0
Reduced-Service,Evening,Published Reference,1030,2449122539,8,1193.0,0,0,0,0
Reduced-Service,Evening,Published Reference,1030,2449122539,9,1194.1,0,0,0,0
Reduced-Service,Evening,Published Reference,1030,2449122539,10,1197.0,1,0,1,1
Combined,Morning,Published Reference,1001,575107655,6,653.8,5,0,5,5
Combined,Morning,Published Reference,1001,575107655,7,660.85,0,0,0,0
Combined,Morning,Published Reference,1001,575107655,8,662.0,0,0,0,0
Combined,Morning,Published Reference,1001,575107655,9,663.6333333333333,0,0,0,0
Combined,Morning,Published Reference,1001,575107655,10,668.0,0,0,0,1
Combined,Evening,Published Reference,1001,575107655,6,1188.9,4,0,4,4
Combined,Evening,Published Reference,1001,575107655,7,1192.4166666666667,0,0,0,0
Combined,Evening,Published Reference,1001,575107655,8,1193.0,1,0,1,1
Combined,Evening,Published Reference,1001,575107655,9,1194.1,0,0,0,0
Combined,Evening,Published Reference,1001,575107655,10,1197.0,0,0,0,0
Combined,Morning,Published Reference,1002,868506165,6,653.8,3,0,3,3
Combined,Morning,Published Reference,1002,868506165,7,660.85,0,0,0,1
Combined,Morning,Published Reference,1002,868506165,8,662.0,0,0,0,1
Combined,Morning,Published Reference,1002,868506165,9,663.6333333333333,0,0,0,0
Combined,Morning,Published Reference,1002,868506165,10,668.0,0,0,0,0
Combined,Evening,Published Reference,1002,868506165,6,1188.9,3,0,3,3
Combined,Evening,Published Reference,1002,868506165,7,1192.4166666666667,0,0,0,0
Combined,Evening,Published Reference,1002,868506165,8,1193.0,0,0,0,0
Combined,Evening,Published Reference,1002,868506165,9,1194.1,0,0,0,0
Combined,Evening,Published Reference,1002,868506165,10,1197.0,1,0,1,1
Combined,Morning,Published Reference,1003,64261288,6,653.8,1,0,1,1
Combined,Morning,Published Reference,1003,64261288,7,660.85,0,0,0,1
Combined,Morning,Published Reference,1003,64261288,8,662.0,0,0,0,0
Combined,Morning,Published Reference,1003,64261288,9,663.6333333333333,0,0,0,0
Combined,Morning,Published Reference,1003,64261288,10,668.0,0,0,0,0
Combined,Evening,Published Reference,1003,64261288,6,1188.9,3,0,3,3
Combined,Evening,Published Reference,1003,64261288,7,1192.4166666666667,0,0,0,0
Combined,Evening,Published Reference,1003,64261288,8,1193.0,1,0,1,1
Combined,Evening,Published Reference,1003,64261288,9,1194.1,0,0,0,0
Combined,Evening,Published Reference,1003,64261288,10,1197.0,1,0,1,1
Combined,Morning,Published Reference,1004,897980844,6,653.8,2,0,2,2
Combined,Morning,Published Reference,1004,897980844,7,660.85,0,0,0,0
Combined,Morning,Published Reference,1004,897980844,8,662.0,0,0,0,0
Combined,Morning,Published Reference,1004,897980844,9,663.6333333333333,0,0,0,2
Combined,Morning,Published Reference,1004,897980844,10,668.0,0,0,0,1
Combined,Evening,Published Reference,1004,897980844,6,1188.9,3,0,3,3
Combined,Evening,Published Reference,1004,897980844,7,1192.4166666666667,0,0,0,0
Combined,Evening,Published Reference,1004,897980844,8,1193.0,1,0,1,1
Combined,Evening,Published Reference,1004,897980844,9,1194.1,1,0,1,1
Combined,Evening,Published Reference,1004,897980844,10,1197.0,1,0,1,1
Combined,Morning,Published Reference,1005,845940892,6,653.8,2,0,2,2
Combined,Morning,Published Reference,1005,845940892,7,660.85,0,0,0,3
Combined,Morning,Published Reference,1005,845940892,8,662.0,0,0,0,0
Combined,Morning,Published Reference,1005,845940892,9,663.6333333333333,0,0,0,1
Combined,Morning,Published Reference,1005,845940892,10,668.0,0,0,0,0
Combined,Evening,Published Reference,1005,845940892,6,1188.9,3,0,3,3
Combined,Evening,Published Reference,1005,845940892,7,1192.4166666666667,0,0,0,0
Combined,Evening,Published Reference,1005,845940892,8,1193.0,0,0,0,0
Combined,Evening,Published Reference,1005,845940892,9,1194.1,0,0,0,0
Combined,Evening,Published Reference,1005,845940892,10,1197.0,0,0,0,0
Combined,Morning,Published Reference,1006,66009406,6,653.8,2,0,2,2
Combined,Morning,Published Reference,1006,66009406,7,660.85,0,0,0,1
Combined,Morning,Published Reference,1006,66009406,8,662.0,0,0,0,0
Combined,Morning,Published Reference,1006,66009406,9,663.6333333333333,0,0,0,0
Combined,Morning,Published Reference,1006,66009406,10,668.0,0,0,0,1
Combined,Evening,Published Reference,1006,66009406,6,1188.9,3,0,3,3
Combined,Evening,Published Reference,1006,66009406,7,1192.4166666666667,0,0,0,0
Combined,Evening,Published Reference,1006,66009406,8,1193.0,0,0,0,0
Combined,Evening,Published Reference,1006,66009406,9,1194.1,0,0,0,0
Combined,Evening,Published Reference,1006,66009406,10,1197.0,2,0,2,2
Combined,Morning,Published Reference,1007,1241135382,6,653.8,2,0,2,2
Combined,Morning,Published Reference,1007,1241135382,7,660.85,0,0,0,0
Combined,Morning,Published Reference,1007,1241135382,8,662.0,0,0,0,1
Combined,Morning,Published Reference,1007,1241135382,9,663.6333333333333,0,0,0,0
Combined,Morning,Published Reference,1007,1241135382,10,668.0,0,0,0,0
Combined,Evening,Published Reference,1007,1241135382,6,1188.9,3,0,3,3
Combined,Evening,Published Reference,1007,1241135382,7,1192.4166666666667,1,0,1,1
Combined,Evening,Published Reference,1007,1241135382,8,1193.0,0,0,0,0
Combined,Evening,Published Reference,1007,1241135382,9,1194.1,2,0,2,2
Combined,Evening,Published Reference,1007,1241135382,10,1197.0,1,0,1,1
Combined,Morning,Published Reference,1008,2905494228,6,653.8,1,0,1,1
Combined,Morning,Published Reference,1008,2905494228,7,660.85,0,0,0,1
Combined,Morning,Published Reference,1008,2905494228,8,662.0,0,0,0,1
Combined,Morning,Published Reference,1008,2905494228,9,663.6333333333333,0,0,0,0
Combined,Morning,Published Reference,1008,2905494228,10,668.0,0,0,0,1
Combined,Evening,Published Reference,1008,2905494228,6,1188.9,4,0,4,4
Combined,Evening,Published Reference,1008,2905494228,7,1192.4166666666667,0,0,0,0
Combined,Evening,Published Reference,1008,2905494228,8,1193.0,0,0,0,0
Combined,Evening,Published Reference,1008,2905494228,9,1194.1,0,0,0,0
Combined,Evening,Published Reference,1008,2905494228,10,1197.0,1,0,1,1
Combined,Morning,Published Reference,1009,2526559800,6,653.8,3,0,3,3
Combined,Morning,Published Reference,1009,2526559800,7,660.85,0,0,0,1
Combined,Morning,Published Reference,1009,2526559800,8,662.0,0,0,0,1
Combined,Morning,Published Reference,1009,2526559800,9,663.6333333333333,0,0,0,0
Combined,Morning,Published Reference,1009,2526559800,10,668.0,0,0,0,1
Combined,Evening,Published Reference,1009,2526559800,6,1188.9,1,0,1,1
Combined,Evening,Published Reference,1009,2526559800,7,1192.4166666666667,0,0,0,0
Combined,Evening,Published Reference,1009,2526559800,8,1193.0,0,0,0,0
Combined,Evening,Published Reference,1009,2526559800,9,1194.1,1,0,1,1
Combined,Evening,Published Reference,1009,2526559800,10,1197.0,0,0,0,0
Combined,Morning,Published Reference,1010,1291834702,6,653.8,4,0,4,4
Combined,Morning,Published Reference,1010,1291834702,7,660.85,0,0,0,1
Combined,Morning,Published Reference,1010,1291834702,8,662.0,0,0,0,0
Combined,Morning,Published Reference,1010,1291834702,9,663.6333333333333,0,0,0,1
Combined,Morning,Published Reference,1010,1291834702,10,668.0,0,0,0,2
Combined,Evening,Published Reference,1010,1291834702,6,1188.9,2,0,2,2
Combined,Evening,Published Reference,1010,1291834702,7,1192.4166666666667,0,0,0,0
Combined,Evening,Published Reference,1010,1291834702,8,1193.0,0,0,0,0
Combined,Evening,Published Reference,1010,1291834702,9,1194.1,1,0,1,1
Combined,Evening,Published Reference,1010,1291834702,10,1197.0,0,0,0,0
Combined,Morning,Published Reference,1011,3581619815,6,653.8,2,0,2,2
Combined,Morning,Published Reference,1011,3581619815,7,660.85,0,0,0,1
Combined,Morning,Published Reference,1011,3581619815,8,662.0,0,0,0,0
Combined,Morning,Published Reference,1011,3581619815,9,663.6333333333333,0,0,0,0
Combined,Morning,Published Reference,1011,3581619815,10,668.0,0,0,0,1
Combined,Evening,Published Reference,1011,3581619815,6,1188.9,2,0,2,2
Combined,Evening,Published Reference,1011,3581619815,7,1192.4166666666667,0,0,0,0
Combined,Evening,Published Reference,1011,3581619815,8,1193.0,2,0,2,2
Combined,Evening,Published Reference,1011,3581619815,9,1194.1,1,0,1,1
Combined,Evening,Published Reference,1011,3581619815,10,1197.0,0,0,0,0
Combined,Morning,Published Reference,1012,3651533743,6,653.8,2,0,2,2
Combined,Morning,Published Reference,1012,3651533743,7,660.85,0,0,0,0
Combined,Morning,Published Reference,1012,3651533743,8,662.0,0,0,0,1
Combined,Morning,Published Reference,1012,3651533743,9,663.6333333333333,0,0,0,1
Combined,Morning,Published Reference,1012,3651533743,10,668.0,0,0,0,2
Combined,Evening,Published Reference,1012,3651533743,6,1188.9,1,0,1,1
Combined,Evening,Published Reference,1012,3651533743,7,1192.4166666666667,0,0,0,0
Combined,Evening,Published Reference,1012,3651533743,8,1193.0,0,0,0,0
Combined,Evening,Published Reference,1012,3651533743,9,1194.1,1,0,1,1
Combined,Evening,Published Reference,1012,3651533743,10,1197.0,2,0,2,2
Combined,Morning,Published Reference,1013,3932276593,6,653.8,1,0,1,1
Combined,Morning,Published Reference,1013,3932276593,7,660.85,0,0,0,0
Combined,Morning,Published Reference,1013,3932276593,8,662.0,0,0,0,0
Combined,Morning,Published Reference,1013,3932276593,9,663.6333333333333,0,0,0,2
Combined,Morning,Published Reference,1013,3932276593,10,668.0,0,0,0,3
Combined,Evening,Published Reference,1013,3932276593,6,1188.9,7,0,7,7
Combined,Evening,Published Reference,1013,3932276593,7,1192.4166666666667,1,0,1,1
Combined,Evening,Published Reference,1013,3932276593,8,1193.0,2,0,2,2
Combined,Evening,Published Reference,1013,3932276593,9,1194.1,0,0,0,0
Combined,Evening,Published Reference,1013,3932276593,10,1197.0,0,0,0,0
Combined,Morning,Published Reference,1014,3122121222,6,653.8,4,0,4,4
Combined,Morning,Published Reference,1014,3122121222,7,660.85,0,0,0,1
Combined,Morning,Published Reference,1014,3122121222,8,662.0,0,0,0,1
Combined,Morning,Published Reference,1014,3122121222,9,663.6333333333333,0,0,0,0
Combined,Morning,Published Reference,1014,3122121222,10,668.0,0,0,0,1
Combined,Evening,Published Reference,1014,3122121222,6,1188.9,4,0,4,4
Combined,Evening,Published Reference,1014,3122121222,7,1192.4166666666667,0,0,0,0
Combined,Evening,Published Reference,1014,3122121222,8,1193.0,1,0,1,1
Combined,Evening,Published Reference,1014,3122121222,9,1194.1,0,0,0,0
Combined,Evening,Published Reference,1014,3122121222,10,1197.0,0,0,0,0
Combined,Morning,Published Reference,1015,3662741725,6,653.8,4,0,4,4
Combined,Morning,Published Reference,1015,3662741725,7,660.85,0,0,0,0
Combined,Morning,Published Reference,1015,3662741725,8,662.0,0,0,0,0
Combined,Morning,Published Reference,1015,3662741725,9,663.6333333333333,0,0,0,2
Combined,Morning,Published Reference,1015,3662741725,10,668.0,0,0,0,3
Combined,Evening,Published Reference,1015,3662741725,6,1188.9,9,0,9,9
Combined,Evening,Published Reference,1015,3662741725,7,1192.4166666666667,0,0,0,0
Combined,Evening,Published Reference,1015,3662741725,8,1193.0,0,0,0,0
Combined,Evening,Published Reference,1015,3662741725,9,1194.1,1,0,1,1
Combined,Evening,Published Reference,1015,3662741725,10,1197.0,2,0,2,2
Combined,Morning,Published Reference,1016,2936492253,6,653.8,3,0,3,3
Combined,Morning,Published Reference,1016,2936492253,7,660.85,0,0,0,1
Combined,Morning,Published Reference,1016,2936492253,8,662.0,0,0,0,0
Combined,Morning,Published Reference,1016,2936492253,9,663.6333333333333,0,0,0,0
Combined,Morning,Published Reference,1016,2936492253,10,668.0,0,0,0,1
Combined,Evening,Published Reference,1016,2936492253,6,1188.9,2,0,2,2
Combined,Evening,Published Reference,1016,2936492253,7,1192.4166666666667,0,0,0,0
Combined,Evening,Published Reference,1016,2936492253,8,1193.0,0,0,0,0
Combined,Evening,Published Reference,1016,2936492253,9,1194.1,0,0,0,0
Combined,Evening,Published Reference,1016,2936492253,10,1197.0,1,0,1,1
Combined,Morning,Published Reference,1017,129473399,6,653.8,5,0,5,5
Combined,Morning,Published Reference,1017,129473399,7,660.85,0,0,0,0
Combined,Morning,Published Reference,1017,129473399,8,662.0,0,0,0,0
Combined,Morning,Published Reference,1017,129473399,9,663.6333333333333,0,0,0,1
Combined,Morning,Published Reference,1017,129473399,10,668.0,0,0,0,3
Combined,Evening,Published Reference,1017,129473399,6,1188.9,4,0,4,4
Combined,Evening,Published Reference,1017,129473399,7,1192.4166666666667,1,0,1,1
Combined,Evening,Published Reference,1017,129473399,8,1193.0,1,0,1,1
Combined,Evening,Published Reference,1017,129473399,9,1194.1,1,0,1,1
Combined,Evening,Published Reference,1017,129473399,10,1197.0,1,0,1,1
Combined,Morning,Published Reference,1018,1866136011,6,653.8,0,0,0,0
Combined,Morning,Published Reference,1018,1866136011,7,660.85,0,0,0,0
Combined,Morning,Published Reference,1018,1866136011,8,662.0,0,0,0,0
Combined,Morning,Published Reference,1018,1866136011,9,663.6333333333333,0,0,0,1
Combined,Morning,Published Reference,1018,1866136011,10,668.0,0,0,0,2
Combined,Evening,Published Reference,1018,1866136011,6,1188.9,4,0,4,4
Combined,Evening,Published Reference,1018,1866136011,7,1192.4166666666667,0,0,0,0
Combined,Evening,Published Reference,1018,1866136011,8,1193.0,0,0,0,0
Combined,Evening,Published Reference,1018,1866136011,9,1194.1,0,0,0,0
Combined,Evening,Published Reference,1018,1866136011,10,1197.0,2,0,2,2
Combined,Morning,Published Reference,1019,4287566515,6,653.8,0,0,0,0
Combined,Morning,Published Reference,1019,4287566515,7,660.85,0,0,0,2
Combined,Morning,Published Reference,1019,4287566515,8,662.0,0,0,0,0
Combined,Morning,Published Reference,1019,4287566515,9,663.6333333333333,0,0,0,0
Combined,Morning,Published Reference,1019,4287566515,10,668.0,0,0,0,0
Combined,Evening,Published Reference,1019,4287566515,6,1188.9,5,0,5,5
Combined,Evening,Published Reference,1019,4287566515,7,1192.4166666666667,0,0,0,0
Combined,Evening,Published Reference,1019,4287566515,8,1193.0,0,0,0,0
Combined,Evening,Published Reference,1019,4287566515,9,1194.1,0,0,0,0
Combined,Evening,Published Reference,1019,4287566515,10,1197.0,0,0,0,0
Combined,Morning,Published Reference,1020,1395281472,6,653.8,4,0,4,4
Combined,Morning,Published Reference,1020,1395281472,7,660.85,0,0,0,0
Combined,Morning,Published Reference,1020,1395281472,8,662.0,0,0,0,0
Combined,Morning,Published Reference,1020,1395281472,9,663.6333333333333,0,0,0,0
Combined,Morning,Published Reference,1020,1395281472,10,668.0,0,0,0,2
Combined,Evening,Published Reference,1020,1395281472,6,1188.9,3,0,3,3
Combined,Evening,Published Reference,1020,1395281472,7,1192.4166666666667,0,0,0,0
Combined,Evening,Published Reference,1020,1395281472,8,1193.0,0,0,0,0
Combined,Evening,Published Reference,1020,1395281472,9,1194.1,0,0,0,0
Combined,Evening,Published Reference,1020,1395281472,10,1197.0,0,0,0,0
Combined,Morning,Published Reference,1021,3437867865,6,653.8,2,0,2,2
Combined,Morning,Published Reference,1021,3437867865,7,660.85,0,0,0,0
Combined,Morning,Published Reference,1021,3437867865,8,662.0,0,0,0,0
Combined,Morning,Published Reference,1021,3437867865,9,663.6333333333333,0,0,0,0
Combined,Morning,Published Reference,1021,3437867865,10,668.0,0,0,0,2
Combined,Evening,Published Reference,1021,3437867865,6,1188.9,6,0,6,6
Combined,Evening,Published Reference,1021,3437867865,7,1192.4166666666667,2,0,2,2
Combined,Evening,Published Reference,1021,3437867865,8,1193.0,0,0,0,0
Combined,Evening,Published Reference,1021,3437867865,9,1194.1,0,0,0,0
Combined,Evening,Published Reference,1021,3437867865,10,1197.0,0,0,0,0
Combined,Morning,Published Reference,1022,127113282,6,653.8,4,0,4,4
Combined,Morning,Published Reference,1022,127113282,7,660.85,0,0,0,1
Combined,Morning,Published Reference,1022,127113282,8,662.0,0,0,0,2
Combined,Morning,Published Reference,1022,127113282,9,663.6333333333333,0,0,0,0
Combined,Morning,Published Reference,1022,127113282,10,668.0,0,0,0,2
Combined,Evening,Published Reference,1022,127113282,6,1188.9,1,0,1,1
Combined,Evening,Published Reference,1022,127113282,7,1192.4166666666667,0,0,0,0
Combined,Evening,Published Reference,1022,127113282,8,1193.0,1,0,1,1
Combined,Evening,Published Reference,1022,127113282,9,1194.1,0,0,0,0
Combined,Evening,Published Reference,1022,127113282,10,1197.0,1,0,1,1
Combined,Morning,Published Reference,1023,3924048200,6,653.8,4,0,4,4
Combined,Morning,Published Reference,1023,3924048200,7,660.85,0,0,0,0
Combined,Morning,Published Reference,1023,3924048200,8,662.0,0,0,0,0
Combined,Morning,Published Reference,1023,3924048200,9,663.6333333333333,0,0,0,0
Combined,Morning,Published Reference,1023,3924048200,10,668.0,0,0,0,1
Combined,Evening,Published Reference,1023,3924048200,6,1188.9,3,0,3,3
Combined,Evening,Published Reference,1023,3924048200,7,1192.4166666666667,0,0,0,0
Combined,Evening,Published Reference,1023,3924048200,8,1193.0,0,0,0,0
Combined,Evening,Published Reference,1023,3924048200,9,1194.1,1,0,1,1
Combined,Evening,Published Reference,1023,3924048200,10,1197.0,0,0,0,0
Combined,Morning,Published Reference,1024,163537029,6,653.8,1,0,1,1
Combined,Morning,Published Reference,1024,163537029,7,660.85,0,0,0,0
Combined,Morning,Published Reference,1024,163537029,8,662.0,0,0,0,0
Combined,Morning,Published Reference,1024,163537029,9,663.6333333333333,0,0,0,1
Combined,Morning,Published Reference,1024,163537029,10,668.0,0,0,0,0
Combined,Evening,Published Reference,1024,163537029,6,1188.9,2,0,2,2
Combined,Evening,Published Reference,1024,163537029,7,1192.4166666666667,0,0,0,0
Combined,Evening,Published Reference,1024,163537029,8,1193.0,0,0,0,0
Combined,Evening,Published Reference,1024,163537029,9,1194.1,1,0,1,1
Combined,Evening,Published Reference,1024,163537029,10,1197.0,1,0,1,1
Combined,Morning,Published Reference,1025,1742720703,6,653.8,3,0,3,3
Combined,Morning,Published Reference,1025,1742720703,7,660.85,0,0,0,0
Combined,Morning,Published Reference,1025,1742720703,8,662.0,0,0,0,0
Combined,Morning,Published Reference,1025,1742720703,9,663.6333333333333,0,0,0,0
Combined,Morning,Published Reference,1025,1742720703,10,668.0,0,0,0,0
Combined,Evening,Published Reference,1025,1742720703,6,1188.9,3,0,3,3
Combined,Evening,Published Reference,1025,1742720703,7,1192.4166666666667,0,0,0,0
Combined,Evening,Published Reference,1025,1742720703,8,1193.0,0,0,0,0
Combined,Evening,Published Reference,1025,1742720703,9,1194.1,0,0,0,0
Combined,Evening,Published Reference,1025,1742720703,10,1197.0,2,0,2,2
Combined,Morning,Published Reference,1026,1522367500,6,653.8,5,0,5,5
Combined,Morning,Published Reference,1026,1522367500,7,660.85,0,0,0,0
Combined,Morning,Published Reference,1026,1522367500,8,662.0,0,0,0,1
Combined,Morning,Published Reference,1026,1522367500,9,663.6333333333333,0,0,0,1
Combined,Morning,Published Reference,1026,1522367500,10,668.0,0,0,0,1
Combined,Evening,Published Reference,1026,1522367500,6,1188.9,6,0,6,6
Combined,Evening,Published Reference,1026,1522367500,7,1192.4166666666667,1,0,1,1
Combined,Evening,Published Reference,1026,1522367500,8,1193.0,1,0,1,1
Combined,Evening,Published Reference,1026,1522367500,9,1194.1,0,0,0,0
Combined,Evening,Published Reference,1026,1522367500,10,1197.0,1,0,1,1
Combined,Morning,Published Reference,1027,403830989,6,653.8,2,0,2,2
Combined,Morning,Published Reference,1027,403830989,7,660.85,0,0,0,1
Combined,Morning,Published Reference,1027,403830989,8,662.0,0,0,0,0
Combined,Morning,Published Reference,1027,403830989,9,663.6333333333333,0,0,0,0
Combined,Morning,Published Reference,1027,403830989,10,668.0,0,0,0,1
Combined,Evening,Published Reference,1027,403830989,6,1188.9,2,0,2,2
Combined,Evening,Published Reference,1027,403830989,7,1192.4166666666667,0,0,0,0
Combined,Evening,Published Reference,1027,403830989,8,1193.0,0,0,0,0
Combined,Evening,Published Reference,1027,403830989,9,1194.1,0,0,0,0
Combined,Evening,Published Reference,1027,403830989,10,1197.0,0,0,0,0
Combined,Morning,Published Reference,1028,1967774211,6,653.8,2,0,2,2
Combined,Morning,Published Reference,1028,1967774211,7,660.85,0,0,0,0
Combined,Morning,Published Reference,1028,1967774211,8,662.0,0,0,0,1
Combined,Morning,Published Reference,1028,1967774211,9,663.6333333333333,0,0,0,0
Combined,Morning,Published Reference,1028,1967774211,10,668.0,0,0,0,0
Combined,Evening,Published Reference,1028,1967774211,6,1188.9,3,0,3,3
Combined,Evening,Published Reference,1028,1967774211,7,1192.4166666666667,1,0,1,1
Combined,Evening,Published Reference,1028,1967774211,8,1193.0,0,0,0,0
Combined,Evening,Published Reference,1028,1967774211,9,1194.1,0,0,0,0
Combined,Evening,Published Reference,1028,1967774211,10,1197.0,1,0,1,1
Combined,Morning,Published Reference,1029,215896334,6,653.8,2,0,2,2
Combined,Morning,Published Reference,1029,215896334,7,660.85,0,0,0,0
Combined,Morning,Published Reference,1029,215896334,8,662.0,0,0,0,1
Combined,Morning,Published Reference,1029,215896334,9,663.6333333333333,0,0,0,0
Combined,Morning,Published Reference,1029,215896334,10,668.0,0,0,0,1
Combined,Evening,Published Reference,1029,215896334,6,1188.9,4,0,4,4
Combined,Evening,Published Reference,1029,215896334,7,1192.4166666666667,0,0,0,0
Combined,Evening,Published Reference,1029,215896334,8,1193.0,0,0,0,0
Combined,Evening,Published Reference,1029,215896334,9,1194.1,0,0,0,0
Combined,Evening,Published Reference,1029,215896334,10,1197.0,1,0,1,1
Combined,Morning,Published Reference,1030,2449122539,6,653.8,3,0,3,3
Combined,Morning,Published Reference,1030,2449122539,7,660.85,0,0,0,1
Combined,Morning,Published Reference,1030,2449122539,8,662.0,0,0,0,0
Combined,Morning,Published Reference,1030,2449122539,9,663.6333333333333,0,0,0,0
Combined,Morning,Published Reference,1030,2449122539,10,668.0,0,0,0,2
Combined,Evening,Published Reference,1030,2449122539,6,1188.9,5,0,5,5
Combined,Evening,Published Reference,1030,2449122539,7,1192.4166666666667,0,0,0,0
Combined,Evening,Published Reference,1030,2449122539,8,1193.0,0,0,0,0
Combined,Evening,Published Reference,1030,2449122539,9,1194.1,0,0,0,0
Combined,Evening,Published Reference,1030,2449122539,10,1197.0,1,0,1,1
Baseline,Morning,GA,1001,575107655,6,655.0,2,0,2,2
Baseline,Morning,GA,1001,575107655,7,661.7,0,0,0,0
Baseline,Morning,GA,1001,575107655,8,662.7916666666667,0,0,0,0
Baseline,Morning,GA,1001,575107655,9,664.425,0,0,0,0
Baseline,Morning,GA,1001,575107655,10,668.7916666666667,0,0,0,0
Baseline,Morning,GA,1002,868506165,6,655.0,1,0,1,1
Baseline,Morning,GA,1002,868506165,7,661.7,0,0,0,1
Baseline,Morning,GA,1002,868506165,8,662.7916666666667,0,0,0,0
Baseline,Morning,GA,1002,868506165,9,664.425,0,0,0,0
Baseline,Morning,GA,1002,868506165,10,668.7916666666667,0,0,0,0
Baseline,Morning,GA,1003,64261288,6,655.0,0,0,0,0
Baseline,Morning,GA,1003,64261288,7,661.7,0,0,0,1
Baseline,Morning,GA,1003,64261288,8,662.7916666666667,0,0,0,0
Baseline,Morning,GA,1003,64261288,9,664.425,0,0,0,0
Baseline,Morning,GA,1003,64261288,10,668.7916666666667,0,0,0,0
Baseline,Morning,GA,1004,897980844,6,655.0,2,0,2,2
Baseline,Morning,GA,1004,897980844,7,661.7,0,0,0,0
Baseline,Morning,GA,1004,897980844,8,662.7916666666667,0,0,0,0
Baseline,Morning,GA,1004,897980844,9,664.425,0,0,0,1
Baseline,Morning,GA,1004,897980844,10,668.7916666666667,0,0,0,0
Baseline,Morning,GA,1005,845940892,6,655.0,0,0,0,0
Baseline,Morning,GA,1005,845940892,7,661.7,0,0,0,2
Baseline,Morning,GA,1005,845940892,8,662.7916666666667,0,0,0,0
Baseline,Morning,GA,1005,845940892,9,664.425,0,0,0,0
Baseline,Morning,GA,1005,845940892,10,668.7916666666667,0,0,0,0
Baseline,Morning,GA,1006,66009406,6,655.0,2,0,2,2
Baseline,Morning,GA,1006,66009406,7,661.7,0,0,0,1
Baseline,Morning,GA,1006,66009406,8,662.7916666666667,0,0,0,0
Baseline,Morning,GA,1006,66009406,9,664.425,0,0,0,0
Baseline,Morning,GA,1006,66009406,10,668.7916666666667,0,0,0,0
Baseline,Morning,GA,1007,1241135382,6,655.0,1,0,1,1
Baseline,Morning,GA,1007,1241135382,7,661.7,0,0,0,0
Baseline,Morning,GA,1007,1241135382,8,662.7916666666667,0,0,0,1
Baseline,Morning,GA,1007,1241135382,9,664.425,0,0,0,0
Baseline,Morning,GA,1007,1241135382,10,668.7916666666667,0,0,0,0
Baseline,Morning,GA,1008,2905494228,6,655.0,1,0,1,1
Baseline,Morning,GA,1008,2905494228,7,661.7,0,0,0,1
Baseline,Morning,GA,1008,2905494228,8,662.7916666666667,0,0,0,1
Baseline,Morning,GA,1008,2905494228,9,664.425,0,0,0,0
Baseline,Morning,GA,1008,2905494228,10,668.7916666666667,0,0,0,1
Baseline,Morning,GA,1009,2526559800,6,655.0,0,0,0,0
Baseline,Morning,GA,1009,2526559800,7,661.7,0,0,0,0
Baseline,Morning,GA,1009,2526559800,8,662.7916666666667,0,0,0,1
Baseline,Morning,GA,1009,2526559800,9,664.425,0,0,0,0
Baseline,Morning,GA,1009,2526559800,10,668.7916666666667,0,0,0,1
Baseline,Morning,GA,1010,1291834702,6,655.0,3,0,3,3
Baseline,Morning,GA,1010,1291834702,7,661.7,0,0,0,1
Baseline,Morning,GA,1010,1291834702,8,662.7916666666667,0,0,0,0
Baseline,Morning,GA,1010,1291834702,9,664.425,0,0,0,1
Baseline,Morning,GA,1010,1291834702,10,668.7916666666667,0,0,0,0
Baseline,Morning,GA,1011,3581619815,6,655.0,1,0,1,1
Baseline,Morning,GA,1011,3581619815,7,661.7,0,0,0,0
Baseline,Morning,GA,1011,3581619815,8,662.7916666666667,0,0,0,0
Baseline,Morning,GA,1011,3581619815,9,664.425,0,0,0,0
Baseline,Morning,GA,1011,3581619815,10,668.7916666666667,0,0,0,1
Baseline,Morning,GA,1012,3651533743,6,655.0,0,0,0,0
Baseline,Morning,GA,1012,3651533743,7,661.7,0,0,0,0
Baseline,Morning,GA,1012,3651533743,8,662.7916666666667,0,0,0,1
Baseline,Morning,GA,1012,3651533743,9,664.425,0,0,0,0
Baseline,Morning,GA,1012,3651533743,10,668.7916666666667,0,0,0,0
Baseline,Morning,GA,1013,3932276593,6,655.0,0,0,0,0
Baseline,Morning,GA,1013,3932276593,7,661.7,0,0,0,0
Baseline,Morning,GA,1013,3932276593,8,662.7916666666667,0,0,0,0
Baseline,Morning,GA,1013,3932276593,9,664.425,0,0,0,1
Baseline,Morning,GA,1013,3932276593,10,668.7916666666667,0,0,0,1
Baseline,Morning,GA,1014,3122121222,6,655.0,2,0,2,2
Baseline,Morning,GA,1014,3122121222,7,661.7,0,0,0,1
Baseline,Morning,GA,1014,3122121222,8,662.7916666666667,0,0,0,1
Baseline,Morning,GA,1014,3122121222,9,664.425,0,0,0,0
Baseline,Morning,GA,1014,3122121222,10,668.7916666666667,0,0,0,0
Baseline,Morning,GA,1015,3662741725,6,655.0,2,0,2,2
Baseline,Morning,GA,1015,3662741725,7,661.7,0,0,0,0
Baseline,Morning,GA,1015,3662741725,8,662.7916666666667,0,0,0,0
Baseline,Morning,GA,1015,3662741725,9,664.425,0,0,0,2
Baseline,Morning,GA,1015,3662741725,10,668.7916666666667,0,0,0,2
Baseline,Morning,GA,1016,2936492253,6,655.0,3,0,3,3
Baseline,Morning,GA,1016,2936492253,7,661.7,0,0,0,0
Baseline,Morning,GA,1016,2936492253,8,662.7916666666667,0,0,0,0
Baseline,Morning,GA,1016,2936492253,9,664.425,0,0,0,0
Baseline,Morning,GA,1016,2936492253,10,668.7916666666667,0,0,0,1
Baseline,Morning,GA,1017,129473399,6,655.0,4,0,4,4
Baseline,Morning,GA,1017,129473399,7,661.7,0,0,0,0
Baseline,Morning,GA,1017,129473399,8,662.7916666666667,0,0,0,0
Baseline,Morning,GA,1017,129473399,9,664.425,0,0,0,1
Baseline,Morning,GA,1017,129473399,10,668.7916666666667,0,0,0,1
Baseline,Morning,GA,1018,1866136011,6,655.0,0,0,0,0
Baseline,Morning,GA,1018,1866136011,7,661.7,0,0,0,0
Baseline,Morning,GA,1018,1866136011,8,662.7916666666667,0,0,0,0
Baseline,Morning,GA,1018,1866136011,9,664.425,0,0,0,1
Baseline,Morning,GA,1018,1866136011,10,668.7916666666667,0,0,0,1
Baseline,Morning,GA,1019,4287566515,6,655.0,0,0,0,0
Baseline,Morning,GA,1019,4287566515,7,661.7,0,0,0,2
Baseline,Morning,GA,1019,4287566515,8,662.7916666666667,0,0,0,0
Baseline,Morning,GA,1019,4287566515,9,664.425,0,0,0,0
Baseline,Morning,GA,1019,4287566515,10,668.7916666666667,0,0,0,0
Baseline,Morning,GA,1020,1395281472,6,655.0,2,0,2,2
Baseline,Morning,GA,1020,1395281472,7,661.7,0,0,0,0
Baseline,Morning,GA,1020,1395281472,8,662.7916666666667,0,0,0,0
Baseline,Morning,GA,1020,1395281472,9,664.425,0,0,0,0
Baseline,Morning,GA,1020,1395281472,10,668.7916666666667,0,0,0,0
Baseline,Morning,GA,1021,3437867865,6,655.0,0,0,0,0
Baseline,Morning,GA,1021,3437867865,7,661.7,0,0,0,0
Baseline,Morning,GA,1021,3437867865,8,662.7916666666667,0,0,0,0
Baseline,Morning,GA,1021,3437867865,9,664.425,0,0,0,0
Baseline,Morning,GA,1021,3437867865,10,668.7916666666667,0,0,0,1
Baseline,Morning,GA,1022,127113282,6,655.0,1,0,1,1
Baseline,Morning,GA,1022,127113282,7,661.7,0,0,0,1
Baseline,Morning,GA,1022,127113282,8,662.7916666666667,0,0,0,1
Baseline,Morning,GA,1022,127113282,9,664.425,0,0,0,0
Baseline,Morning,GA,1022,127113282,10,668.7916666666667,0,0,0,2
Baseline,Morning,GA,1023,3924048200,6,655.0,1,0,1,1
Baseline,Morning,GA,1023,3924048200,7,661.7,0,0,0,0
Baseline,Morning,GA,1023,3924048200,8,662.7916666666667,0,0,0,0
Baseline,Morning,GA,1023,3924048200,9,664.425,0,0,0,0
Baseline,Morning,GA,1023,3924048200,10,668.7916666666667,0,0,0,1
Baseline,Morning,GA,1024,163537029,6,655.0,0,0,0,0
Baseline,Morning,GA,1024,163537029,7,661.7,0,0,0,0
Baseline,Morning,GA,1024,163537029,8,662.7916666666667,0,0,0,0
Baseline,Morning,GA,1024,163537029,9,664.425,0,0,0,0
Baseline,Morning,GA,1024,163537029,10,668.7916666666667,0,0,0,0
Baseline,Morning,GA,1025,1742720703,6,655.0,2,0,2,2
Baseline,Morning,GA,1025,1742720703,7,661.7,0,0,0,0
Baseline,Morning,GA,1025,1742720703,8,662.7916666666667,0,0,0,0
Baseline,Morning,GA,1025,1742720703,9,664.425,0,0,0,0
Baseline,Morning,GA,1025,1742720703,10,668.7916666666667,0,0,0,0
Baseline,Morning,GA,1026,1522367500,6,655.0,3,0,3,3
Baseline,Morning,GA,1026,1522367500,7,661.7,0,0,0,0
Baseline,Morning,GA,1026,1522367500,8,662.7916666666667,0,0,0,1
Baseline,Morning,GA,1026,1522367500,9,664.425,0,0,0,0
Baseline,Morning,GA,1026,1522367500,10,668.7916666666667,0,0,0,0
Baseline,Morning,GA,1027,403830989,6,655.0,0,0,0,0
Baseline,Morning,GA,1027,403830989,7,661.7,0,0,0,0
Baseline,Morning,GA,1027,403830989,8,662.7916666666667,0,0,0,0
Baseline,Morning,GA,1027,403830989,9,664.425,0,0,0,0
Baseline,Morning,GA,1027,403830989,10,668.7916666666667,0,0,0,1
Baseline,Morning,GA,1028,1967774211,6,655.0,1,0,1,1
Baseline,Morning,GA,1028,1967774211,7,661.7,0,0,0,0
Baseline,Morning,GA,1028,1967774211,8,662.7916666666667,0,0,0,1
Baseline,Morning,GA,1028,1967774211,9,664.425,0,0,0,0
Baseline,Morning,GA,1028,1967774211,10,668.7916666666667,0,0,0,0
Baseline,Morning,GA,1029,215896334,6,655.0,1,0,1,1
Baseline,Morning,GA,1029,215896334,7,661.7,0,0,0,0
Baseline,Morning,GA,1029,215896334,8,662.7916666666667,0,0,0,1
Baseline,Morning,GA,1029,215896334,9,664.425,0,0,0,0
Baseline,Morning,GA,1029,215896334,10,668.7916666666667,0,0,0,1
Baseline,Morning,GA,1030,2449122539,6,655.0,1,0,1,1
Baseline,Morning,GA,1030,2449122539,7,661.7,0,0,0,1
Baseline,Morning,GA,1030,2449122539,8,662.7916666666667,0,0,0,0
Baseline,Morning,GA,1030,2449122539,9,664.425,0,0,0,0
Baseline,Morning,GA,1030,2449122539,10,668.7916666666667,0,0,0,0
Baseline,Morning,Regularized Reference,1001,575107655,6,655.0,2,0,2,2
Baseline,Morning,Regularized Reference,1001,575107655,7,661.7,0,0,0,0
Baseline,Morning,Regularized Reference,1001,575107655,8,662.7916666666667,0,0,0,0
Baseline,Morning,Regularized Reference,1001,575107655,9,664.425,0,0,0,0
Baseline,Morning,Regularized Reference,1001,575107655,10,668.7916666666667,0,0,0,0
Baseline,Morning,Regularized Reference,1002,868506165,6,655.0,1,0,1,1
Baseline,Morning,Regularized Reference,1002,868506165,7,661.7,0,0,0,1
Baseline,Morning,Regularized Reference,1002,868506165,8,662.7916666666667,0,0,0,0
Baseline,Morning,Regularized Reference,1002,868506165,9,664.425,0,0,0,0
Baseline,Morning,Regularized Reference,1002,868506165,10,668.7916666666667,0,0,0,0
Baseline,Morning,Regularized Reference,1003,64261288,6,655.0,0,0,0,0
Baseline,Morning,Regularized Reference,1003,64261288,7,661.7,0,0,0,1
Baseline,Morning,Regularized Reference,1003,64261288,8,662.7916666666667,0,0,0,0
Baseline,Morning,Regularized Reference,1003,64261288,9,664.425,0,0,0,0
Baseline,Morning,Regularized Reference,1003,64261288,10,668.7916666666667,0,0,0,0
Baseline,Morning,Regularized Reference,1004,897980844,6,655.0,2,0,2,2
Baseline,Morning,Regularized Reference,1004,897980844,7,661.7,0,0,0,0
Baseline,Morning,Regularized Reference,1004,897980844,8,662.7916666666667,0,0,0,0
Baseline,Morning,Regularized Reference,1004,897980844,9,664.425,0,0,0,1
Baseline,Morning,Regularized Reference,1004,897980844,10,668.7916666666667,0,0,0,0
Baseline,Morning,Regularized Reference,1005,845940892,6,655.0,0,0,0,0
Baseline,Morning,Regularized Reference,1005,845940892,7,661.7,0,0,0,2
Baseline,Morning,Regularized Reference,1005,845940892,8,662.7916666666667,0,0,0,0
Baseline,Morning,Regularized Reference,1005,845940892,9,664.425,0,0,0,0
Baseline,Morning,Regularized Reference,1005,845940892,10,668.7916666666667,0,0,0,0
Baseline,Morning,Regularized Reference,1006,66009406,6,655.0,2,0,2,2
Baseline,Morning,Regularized Reference,1006,66009406,7,661.7,0,0,0,1
Baseline,Morning,Regularized Reference,1006,66009406,8,662.7916666666667,0,0,0,0
Baseline,Morning,Regularized Reference,1006,66009406,9,664.425,0,0,0,0
Baseline,Morning,Regularized Reference,1006,66009406,10,668.7916666666667,0,0,0,0
Baseline,Morning,Regularized Reference,1007,1241135382,6,655.0,1,0,1,1
Baseline,Morning,Regularized Reference,1007,1241135382,7,661.7,0,0,0,0
Baseline,Morning,Regularized Reference,1007,1241135382,8,662.7916666666667,0,0,0,1
Baseline,Morning,Regularized Reference,1007,1241135382,9,664.425,0,0,0,0
Baseline,Morning,Regularized Reference,1007,1241135382,10,668.7916666666667,0,0,0,0
Baseline,Morning,Regularized Reference,1008,2905494228,6,655.0,1,0,1,1
Baseline,Morning,Regularized Reference,1008,2905494228,7,661.7,0,0,0,1
Baseline,Morning,Regularized Reference,1008,2905494228,8,662.7916666666667,0,0,0,1
Baseline,Morning,Regularized Reference,1008,2905494228,9,664.425,0,0,0,0
Baseline,Morning,Regularized Reference,1008,2905494228,10,668.7916666666667,0,0,0,1
Baseline,Morning,Regularized Reference,1009,2526559800,6,655.0,0,0,0,0
Baseline,Morning,Regularized Reference,1009,2526559800,7,661.7,0,0,0,0
Baseline,Morning,Regularized Reference,1009,2526559800,8,662.7916666666667,0,0,0,1
Baseline,Morning,Regularized Reference,1009,2526559800,9,664.425,0,0,0,0
Baseline,Morning,Regularized Reference,1009,2526559800,10,668.7916666666667,0,0,0,1
Baseline,Morning,Regularized Reference,1010,1291834702,6,655.0,3,0,3,3
Baseline,Morning,Regularized Reference,1010,1291834702,7,661.7,0,0,0,1
Baseline,Morning,Regularized Reference,1010,1291834702,8,662.7916666666667,0,0,0,0
Baseline,Morning,Regularized Reference,1010,1291834702,9,664.425,0,0,0,1
Baseline,Morning,Regularized Reference,1010,1291834702,10,668.7916666666667,0,0,0,0
Baseline,Morning,Regularized Reference,1011,3581619815,6,655.0,1,0,1,1
Baseline,Morning,Regularized Reference,1011,3581619815,7,661.7,0,0,0,0
Baseline,Morning,Regularized Reference,1011,3581619815,8,662.7916666666667,0,0,0,0
Baseline,Morning,Regularized Reference,1011,3581619815,9,664.425,0,0,0,0
Baseline,Morning,Regularized Reference,1011,3581619815,10,668.7916666666667,0,0,0,1
Baseline,Morning,Regularized Reference,1012,3651533743,6,655.0,0,0,0,0
Baseline,Morning,Regularized Reference,1012,3651533743,7,661.7,0,0,0,0
Baseline,Morning,Regularized Reference,1012,3651533743,8,662.7916666666667,0,0,0,1
Baseline,Morning,Regularized Reference,1012,3651533743,9,664.425,0,0,0,0
Baseline,Morning,Regularized Reference,1012,3651533743,10,668.7916666666667,0,0,0,0
Baseline,Morning,Regularized Reference,1013,3932276593,6,655.0,0,0,0,0
Baseline,Morning,Regularized Reference,1013,3932276593,7,661.7,0,0,0,0
Baseline,Morning,Regularized Reference,1013,3932276593,8,662.7916666666667,0,0,0,0
Baseline,Morning,Regularized Reference,1013,3932276593,9,664.425,0,0,0,1
Baseline,Morning,Regularized Reference,1013,3932276593,10,668.7916666666667,0,0,0,1
Baseline,Morning,Regularized Reference,1014,3122121222,6,655.0,2,0,2,2
Baseline,Morning,Regularized Reference,1014,3122121222,7,661.7,0,0,0,1
Baseline,Morning,Regularized Reference,1014,3122121222,8,662.7916666666667,0,0,0,1
Baseline,Morning,Regularized Reference,1014,3122121222,9,664.425,0,0,0,0
Baseline,Morning,Regularized Reference,1014,3122121222,10,668.7916666666667,0,0,0,0
Baseline,Morning,Regularized Reference,1015,3662741725,6,655.0,2,0,2,2
Baseline,Morning,Regularized Reference,1015,3662741725,7,661.7,0,0,0,0
Baseline,Morning,Regularized Reference,1015,3662741725,8,662.7916666666667,0,0,0,0
Baseline,Morning,Regularized Reference,1015,3662741725,9,664.425,0,0,0,2
Baseline,Morning,Regularized Reference,1015,3662741725,10,668.7916666666667,0,0,0,2
Baseline,Morning,Regularized Reference,1016,2936492253,6,655.0,3,0,3,3
Baseline,Morning,Regularized Reference,1016,2936492253,7,661.7,0,0,0,0
Baseline,Morning,Regularized Reference,1016,2936492253,8,662.7916666666667,0,0,0,0
Baseline,Morning,Regularized Reference,1016,2936492253,9,664.425,0,0,0,0
Baseline,Morning,Regularized Reference,1016,2936492253,10,668.7916666666667,0,0,0,1
Baseline,Morning,Regularized Reference,1017,129473399,6,655.0,4,0,4,4
Baseline,Morning,Regularized Reference,1017,129473399,7,661.7,0,0,0,0
Baseline,Morning,Regularized Reference,1017,129473399,8,662.7916666666667,0,0,0,0
Baseline,Morning,Regularized Reference,1017,129473399,9,664.425,0,0,0,1
Baseline,Morning,Regularized Reference,1017,129473399,10,668.7916666666667,0,0,0,1
Baseline,Morning,Regularized Reference,1018,1866136011,6,655.0,0,0,0,0
Baseline,Morning,Regularized Reference,1018,1866136011,7,661.7,0,0,0,0
Baseline,Morning,Regularized Reference,1018,1866136011,8,662.7916666666667,0,0,0,0
Baseline,Morning,Regularized Reference,1018,1866136011,9,664.425,0,0,0,1
Baseline,Morning,Regularized Reference,1018,1866136011,10,668.7916666666667,0,0,0,1
Baseline,Morning,Regularized Reference,1019,4287566515,6,655.0,0,0,0,0
Baseline,Morning,Regularized Reference,1019,4287566515,7,661.7,0,0,0,2
Baseline,Morning,Regularized Reference,1019,4287566515,8,662.7916666666667,0,0,0,0
Baseline,Morning,Regularized Reference,1019,4287566515,9,664.425,0,0,0,0
Baseline,Morning,Regularized Reference,1019,4287566515,10,668.7916666666667,0,0,0,0
Baseline,Morning,Regularized Reference,1020,1395281472,6,655.0,2,0,2,2
Baseline,Morning,Regularized Reference,1020,1395281472,7,661.7,0,0,0,0
Baseline,Morning,Regularized Reference,1020,1395281472,8,662.7916666666667,0,0,0,0
Baseline,Morning,Regularized Reference,1020,1395281472,9,664.425,0,0,0,0
Baseline,Morning,Regularized Reference,1020,1395281472,10,668.7916666666667,0,0,0,0
Baseline,Morning,Regularized Reference,1021,3437867865,6,655.0,0,0,0,0
Baseline,Morning,Regularized Reference,1021,3437867865,7,661.7,0,0,0,0
Baseline,Morning,Regularized Reference,1021,3437867865,8,662.7916666666667,0,0,0,0
Baseline,Morning,Regularized Reference,1021,3437867865,9,664.425,0,0,0,0
Baseline,Morning,Regularized Reference,1021,3437867865,10,668.7916666666667,0,0,0,1
Baseline,Morning,Regularized Reference,1022,127113282,6,655.0,1,0,1,1
Baseline,Morning,Regularized Reference,1022,127113282,7,661.7,0,0,0,1
Baseline,Morning,Regularized Reference,1022,127113282,8,662.7916666666667,0,0,0,1
Baseline,Morning,Regularized Reference,1022,127113282,9,664.425,0,0,0,0
Baseline,Morning,Regularized Reference,1022,127113282,10,668.7916666666667,0,0,0,2
Baseline,Morning,Regularized Reference,1023,3924048200,6,655.0,1,0,1,1
Baseline,Morning,Regularized Reference,1023,3924048200,7,661.7,0,0,0,0
Baseline,Morning,Regularized Reference,1023,3924048200,8,662.7916666666667,0,0,0,0
Baseline,Morning,Regularized Reference,1023,3924048200,9,664.425,0,0,0,0
Baseline,Morning,Regularized Reference,1023,3924048200,10,668.7916666666667,0,0,0,1
Baseline,Morning,Regularized Reference,1024,163537029,6,655.0,0,0,0,0
Baseline,Morning,Regularized Reference,1024,163537029,7,661.7,0,0,0,0
Baseline,Morning,Regularized Reference,1024,163537029,8,662.7916666666667,0,0,0,0
Baseline,Morning,Regularized Reference,1024,163537029,9,664.425,0,0,0,0
Baseline,Morning,Regularized Reference,1024,163537029,10,668.7916666666667,0,0,0,0
Baseline,Morning,Regularized Reference,1025,1742720703,6,655.0,2,0,2,2
Baseline,Morning,Regularized Reference,1025,1742720703,7,661.7,0,0,0,0
Baseline,Morning,Regularized Reference,1025,1742720703,8,662.7916666666667,0,0,0,0
Baseline,Morning,Regularized Reference,1025,1742720703,9,664.425,0,0,0,0
Baseline,Morning,Regularized Reference,1025,1742720703,10,668.7916666666667,0,0,0,0
Baseline,Morning,Regularized Reference,1026,1522367500,6,655.0,3,0,3,3
Baseline,Morning,Regularized Reference,1026,1522367500,7,661.7,0,0,0,0
Baseline,Morning,Regularized Reference,1026,1522367500,8,662.7916666666667,0,0,0,1
Baseline,Morning,Regularized Reference,1026,1522367500,9,664.425,0,0,0,0
Baseline,Morning,Regularized Reference,1026,1522367500,10,668.7916666666667,0,0,0,0
Baseline,Morning,Regularized Reference,1027,403830989,6,655.0,0,0,0,0
Baseline,Morning,Regularized Reference,1027,403830989,7,661.7,0,0,0,0
Baseline,Morning,Regularized Reference,1027,403830989,8,662.7916666666667,0,0,0,0
Baseline,Morning,Regularized Reference,1027,403830989,9,664.425,0,0,0,0
Baseline,Morning,Regularized Reference,1027,403830989,10,668.7916666666667,0,0,0,1
Baseline,Morning,Regularized Reference,1028,1967774211,6,655.0,1,0,1,1
Baseline,Morning,Regularized Reference,1028,1967774211,7,661.7,0,0,0,0
Baseline,Morning,Regularized Reference,1028,1967774211,8,662.7916666666667,0,0,0,1
Baseline,Morning,Regularized Reference,1028,1967774211,9,664.425,0,0,0,0
Baseline,Morning,Regularized Reference,1028,1967774211,10,668.7916666666667,0,0,0,0
Baseline,Morning,Regularized Reference,1029,215896334,6,655.0,1,0,1,1
Baseline,Morning,Regularized Reference,1029,215896334,7,661.7,0,0,0,0
Baseline,Morning,Regularized Reference,1029,215896334,8,662.7916666666667,0,0,0,1
Baseline,Morning,Regularized Reference,1029,215896334,9,664.425,0,0,0,0
Baseline,Morning,Regularized Reference,1029,215896334,10,668.7916666666667,0,0,0,1
Baseline,Morning,Regularized Reference,1030,2449122539,6,655.0,1,0,1,1
Baseline,Morning,Regularized Reference,1030,2449122539,7,661.7,0,0,0,1
Baseline,Morning,Regularized Reference,1030,2449122539,8,662.7916666666667,0,0,0,0
Baseline,Morning,Regularized Reference,1030,2449122539,9,664.425,0,0,0,0
Baseline,Morning,Regularized Reference,1030,2449122539,10,668.7916666666667,0,0,0,0
Baseline,Morning,Demand Rule,1001,575107655,6,654.0,4,0,4,4
Baseline,Morning,Demand Rule,1001,575107655,7,660.7,0,0,0,0
Baseline,Morning,Demand Rule,1001,575107655,8,661.7916666666667,0,0,0,0
Baseline,Morning,Demand Rule,1001,575107655,9,663.425,0,0,0,0
Baseline,Morning,Demand Rule,1001,575107655,10,667.7916666666667,0,0,0,1
Baseline,Morning,Demand Rule,1002,868506165,6,654.0,1,0,1,1
Baseline,Morning,Demand Rule,1002,868506165,7,660.7,0,0,0,1
Baseline,Morning,Demand Rule,1002,868506165,8,661.7916666666667,0,0,0,0
Baseline,Morning,Demand Rule,1002,868506165,9,663.425,0,0,0,0
Baseline,Morning,Demand Rule,1002,868506165,10,667.7916666666667,0,0,0,1
Baseline,Morning,Demand Rule,1003,64261288,6,654.0,0,0,0,0
Baseline,Morning,Demand Rule,1003,64261288,7,660.7,0,0,0,1
Baseline,Morning,Demand Rule,1003,64261288,8,661.7916666666667,0,0,0,0
Baseline,Morning,Demand Rule,1003,64261288,9,663.425,0,0,0,0
Baseline,Morning,Demand Rule,1003,64261288,10,667.7916666666667,0,0,0,0
Baseline,Morning,Demand Rule,1004,897980844,6,654.0,2,0,2,2
Baseline,Morning,Demand Rule,1004,897980844,7,660.7,0,0,0,0
Baseline,Morning,Demand Rule,1004,897980844,8,661.7916666666667,0,0,0,0
Baseline,Morning,Demand Rule,1004,897980844,9,663.425,0,0,0,1
Baseline,Morning,Demand Rule,1004,897980844,10,667.7916666666667,0,0,0,1
Baseline,Morning,Demand Rule,1005,845940892,6,654.0,1,0,1,1
Baseline,Morning,Demand Rule,1005,845940892,7,660.7,0,0,0,2
Baseline,Morning,Demand Rule,1005,845940892,8,661.7916666666667,0,0,0,0
Baseline,Morning,Demand Rule,1005,845940892,9,663.425,0,0,0,0
Baseline,Morning,Demand Rule,1005,845940892,10,667.7916666666667,0,0,0,2
Baseline,Morning,Demand Rule,1006,66009406,6,654.0,2,0,2,2
Baseline,Morning,Demand Rule,1006,66009406,7,660.7,0,0,0,1
Baseline,Morning,Demand Rule,1006,66009406,8,661.7916666666667,0,0,0,0
Baseline,Morning,Demand Rule,1006,66009406,9,663.425,0,0,0,0
Baseline,Morning,Demand Rule,1006,66009406,10,667.7916666666667,0,0,0,1
Baseline,Morning,Demand Rule,1007,1241135382,6,654.0,1,0,1,1
Baseline,Morning,Demand Rule,1007,1241135382,7,660.7,0,0,0,0
Baseline,Morning,Demand Rule,1007,1241135382,8,661.7916666666667,0,0,0,1
Baseline,Morning,Demand Rule,1007,1241135382,9,663.425,0,0,0,0
Baseline,Morning,Demand Rule,1007,1241135382,10,667.7916666666667,0,0,0,0
Baseline,Morning,Demand Rule,1008,2905494228,6,654.0,1,0,1,1
Baseline,Morning,Demand Rule,1008,2905494228,7,660.7,0,0,0,1
Baseline,Morning,Demand Rule,1008,2905494228,8,661.7916666666667,0,0,0,1
Baseline,Morning,Demand Rule,1008,2905494228,9,663.425,0,0,0,0
Baseline,Morning,Demand Rule,1008,2905494228,10,667.7916666666667,0,0,0,1
Baseline,Morning,Demand Rule,1009,2526559800,6,654.0,0,0,0,0
Baseline,Morning,Demand Rule,1009,2526559800,7,660.7,0,0,0,0
Baseline,Morning,Demand Rule,1009,2526559800,8,661.7916666666667,0,0,0,1
Baseline,Morning,Demand Rule,1009,2526559800,9,663.425,0,0,0,1
Baseline,Morning,Demand Rule,1009,2526559800,10,667.7916666666667,0,0,0,2
Baseline,Morning,Demand Rule,1010,1291834702,6,654.0,4,0,4,4
Baseline,Morning,Demand Rule,1010,1291834702,7,660.7,0,0,0,1
Baseline,Morning,Demand Rule,1010,1291834702,8,661.7916666666667,0,0,0,0
Baseline,Morning,Demand Rule,1010,1291834702,9,663.425,0,0,0,1
Baseline,Morning,Demand Rule,1010,1291834702,10,667.7916666666667,0,0,0,3
Baseline,Morning,Demand Rule,1011,3581619815,6,654.0,1,0,1,1
Baseline,Morning,Demand Rule,1011,3581619815,7,660.7,0,0,0,0
Baseline,Morning,Demand Rule,1011,3581619815,8,661.7916666666667,0,0,0,0
Baseline,Morning,Demand Rule,1011,3581619815,9,663.425,0,0,0,0
Baseline,Morning,Demand Rule,1011,3581619815,10,667.7916666666667,0,0,0,1
Baseline,Morning,Demand Rule,1012,3651533743,6,654.0,0,0,0,0
Baseline,Morning,Demand Rule,1012,3651533743,7,660.7,0,0,0,0
Baseline,Morning,Demand Rule,1012,3651533743,8,661.7916666666667,0,0,0,1
Baseline,Morning,Demand Rule,1012,3651533743,9,663.425,0,0,0,0
Baseline,Morning,Demand Rule,1012,3651533743,10,667.7916666666667,0,0,0,3
Baseline,Morning,Demand Rule,1013,3932276593,6,654.0,0,0,0,0
Baseline,Morning,Demand Rule,1013,3932276593,7,660.7,0,0,0,0
Baseline,Morning,Demand Rule,1013,3932276593,8,661.7916666666667,0,0,0,0
Baseline,Morning,Demand Rule,1013,3932276593,9,663.425,0,0,0,1
Baseline,Morning,Demand Rule,1013,3932276593,10,667.7916666666667,0,0,0,4
Baseline,Morning,Demand Rule,1014,3122121222,6,654.0,3,0,3,3
Baseline,Morning,Demand Rule,1014,3122121222,7,660.7,0,0,0,1
Baseline,Morning,Demand Rule,1014,3122121222,8,661.7916666666667,0,0,0,1
Baseline,Morning,Demand Rule,1014,3122121222,9,663.425,0,0,0,0
Baseline,Morning,Demand Rule,1014,3122121222,10,667.7916666666667,0,0,0,1
Baseline,Morning,Demand Rule,1015,3662741725,6,654.0,3,0,3,3
Baseline,Morning,Demand Rule,1015,3662741725,7,660.7,0,0,0,0
Baseline,Morning,Demand Rule,1015,3662741725,8,661.7916666666667,0,0,0,0
Baseline,Morning,Demand Rule,1015,3662741725,9,663.425,0,0,0,2
Baseline,Morning,Demand Rule,1015,3662741725,10,667.7916666666667,0,0,0,4
Baseline,Morning,Demand Rule,1016,2936492253,6,654.0,3,0,3,3
Baseline,Morning,Demand Rule,1016,2936492253,7,660.7,0,0,0,0
Baseline,Morning,Demand Rule,1016,2936492253,8,661.7916666666667,0,0,0,0
Baseline,Morning,Demand Rule,1016,2936492253,9,663.425,0,0,0,0
Baseline,Morning,Demand Rule,1016,2936492253,10,667.7916666666667,0,0,0,2
Baseline,Morning,Demand Rule,1017,129473399,6,654.0,4,0,4,4
Baseline,Morning,Demand Rule,1017,129473399,7,660.7,0,0,0,0
Baseline,Morning,Demand Rule,1017,129473399,8,661.7916666666667,0,0,0,0
Baseline,Morning,Demand Rule,1017,129473399,9,663.425,0,0,0,1
Baseline,Morning,Demand Rule,1017,129473399,10,667.7916666666667,0,0,0,2
Baseline,Morning,Demand Rule,1018,1866136011,6,654.0,0,0,0,0
Baseline,Morning,Demand Rule,1018,1866136011,7,660.7,0,0,0,0
Baseline,Morning,Demand Rule,1018,1866136011,8,661.7916666666667,0,0,0,0
Baseline,Morning,Demand Rule,1018,1866136011,9,663.425,0,0,0,1
Baseline,Morning,Demand Rule,1018,1866136011,10,667.7916666666667,0,0,0,3
Baseline,Morning,Demand Rule,1019,4287566515,6,654.0,0,0,0,0
Baseline,Morning,Demand Rule,1019,4287566515,7,660.7,0,0,0,2
Baseline,Morning,Demand Rule,1019,4287566515,8,661.7916666666667,0,0,0,0
Baseline,Morning,Demand Rule,1019,4287566515,9,663.425,0,0,0,0
Baseline,Morning,Demand Rule,1019,4287566515,10,667.7916666666667,0,0,0,0
Baseline,Morning,Demand Rule,1020,1395281472,6,654.0,4,0,4,4
Baseline,Morning,Demand Rule,1020,1395281472,7,660.7,0,0,0,1
Baseline,Morning,Demand Rule,1020,1395281472,8,661.7916666666667,0,0,0,0
Baseline,Morning,Demand Rule,1020,1395281472,9,663.425,0,0,0,0
Baseline,Morning,Demand Rule,1020,1395281472,10,667.7916666666667,0,0,0,2
Baseline,Morning,Demand Rule,1021,3437867865,6,654.0,0,0,0,0
Baseline,Morning,Demand Rule,1021,3437867865,7,660.7,0,0,0,0
Baseline,Morning,Demand Rule,1021,3437867865,8,661.7916666666667,0,0,0,0
Baseline,Morning,Demand Rule,1021,3437867865,9,663.425,0,0,0,0
Baseline,Morning,Demand Rule,1021,3437867865,10,667.7916666666667,0,0,0,3
Baseline,Morning,Demand Rule,1022,127113282,6,654.0,1,0,1,1
Baseline,Morning,Demand Rule,1022,127113282,7,660.7,0,0,0,1
Baseline,Morning,Demand Rule,1022,127113282,8,661.7916666666667,0,0,0,1
Baseline,Morning,Demand Rule,1022,127113282,9,663.425,0,0,0,0
Baseline,Morning,Demand Rule,1022,127113282,10,667.7916666666667,0,0,0,3
Baseline,Morning,Demand Rule,1023,3924048200,6,654.0,2,0,2,2
Baseline,Morning,Demand Rule,1023,3924048200,7,660.7,0,0,0,0
Baseline,Morning,Demand Rule,1023,3924048200,8,661.7916666666667,0,0,0,0
Baseline,Morning,Demand Rule,1023,3924048200,9,663.425,0,0,0,0
Baseline,Morning,Demand Rule,1023,3924048200,10,667.7916666666667,0,0,0,2
Baseline,Morning,Demand Rule,1024,163537029,6,654.0,0,0,0,0
Baseline,Morning,Demand Rule,1024,163537029,7,660.7,0,0,0,0
Baseline,Morning,Demand Rule,1024,163537029,8,661.7916666666667,0,0,0,0
Baseline,Morning,Demand Rule,1024,163537029,9,663.425,0,0,0,0
Baseline,Morning,Demand Rule,1024,163537029,10,667.7916666666667,0,0,0,0
Baseline,Morning,Demand Rule,1025,1742720703,6,654.0,2,0,2,2
Baseline,Morning,Demand Rule,1025,1742720703,7,660.7,0,0,0,0
Baseline,Morning,Demand Rule,1025,1742720703,8,661.7916666666667,0,0,0,0
Baseline,Morning,Demand Rule,1025,1742720703,9,663.425,0,0,0,0
Baseline,Morning,Demand Rule,1025,1742720703,10,667.7916666666667,0,0,0,1
Baseline,Morning,Demand Rule,1026,1522367500,6,654.0,3,0,3,3
Baseline,Morning,Demand Rule,1026,1522367500,7,660.7,0,0,0,0
Baseline,Morning,Demand Rule,1026,1522367500,8,661.7916666666667,0,0,0,1
Baseline,Morning,Demand Rule,1026,1522367500,9,663.425,0,0,0,1
Baseline,Morning,Demand Rule,1026,1522367500,10,667.7916666666667,0,0,0,2
Baseline,Morning,Demand Rule,1027,403830989,6,654.0,1,0,1,1
Baseline,Morning,Demand Rule,1027,403830989,7,660.7,0,0,0,0
Baseline,Morning,Demand Rule,1027,403830989,8,661.7916666666667,0,0,0,0
Baseline,Morning,Demand Rule,1027,403830989,9,663.425,0,0,0,0
Baseline,Morning,Demand Rule,1027,403830989,10,667.7916666666667,0,0,0,1
Baseline,Morning,Demand Rule,1028,1967774211,6,654.0,1,0,1,1
Baseline,Morning,Demand Rule,1028,1967774211,7,660.7,0,0,0,0
Baseline,Morning,Demand Rule,1028,1967774211,8,661.7916666666667,0,0,0,1
Baseline,Morning,Demand Rule,1028,1967774211,9,663.425,0,0,0,1
Baseline,Morning,Demand Rule,1028,1967774211,10,667.7916666666667,0,0,0,0
Baseline,Morning,Demand Rule,1029,215896334,6,654.0,1,0,1,1
Baseline,Morning,Demand Rule,1029,215896334,7,660.7,0,0,0,0
Baseline,Morning,Demand Rule,1029,215896334,8,661.7916666666667,0,0,0,1
Baseline,Morning,Demand Rule,1029,215896334,9,663.425,0,0,0,0
Baseline,Morning,Demand Rule,1029,215896334,10,667.7916666666667,0,0,0,2
Baseline,Morning,Demand Rule,1030,2449122539,6,654.0,2,0,2,2
Baseline,Morning,Demand Rule,1030,2449122539,7,660.7,0,0,0,1
Baseline,Morning,Demand Rule,1030,2449122539,8,661.7916666666667,0,0,0,0
Baseline,Morning,Demand Rule,1030,2449122539,9,663.425,0,0,0,0
Baseline,Morning,Demand Rule,1030,2449122539,10,667.7916666666667,0,0,0,2
Baseline,Evening,GA,1001,575107655,6,1195.0,1,0,1,1
Baseline,Evening,GA,1001,575107655,7,1199.9333333333334,0,0,0,0
Baseline,Evening,GA,1001,575107655,8,1200.7333333333333,0,0,0,1
Baseline,Evening,GA,1001,575107655,9,1201.8333333333333,0,0,0,1
Baseline,Evening,GA,1001,575107655,10,1204.7333333333333,0,0,0,0
Baseline,Evening,GA,1002,868506165,6,1195.0,1,0,1,1
Baseline,Evening,GA,1002,868506165,7,1199.9333333333334,0,0,0,0
Baseline,Evening,GA,1002,868506165,8,1200.7333333333333,0,0,0,1
Baseline,Evening,GA,1002,868506165,9,1201.8333333333333,0,0,0,1
Baseline,Evening,GA,1002,868506165,10,1204.7333333333333,0,0,0,0
Baseline,Evening,GA,1003,64261288,6,1195.0,2,0,2,2
Baseline,Evening,GA,1003,64261288,7,1199.9333333333334,0,0,0,0
Baseline,Evening,GA,1003,64261288,8,1200.7333333333333,0,0,0,1
Baseline,Evening,GA,1003,64261288,9,1201.8333333333333,0,0,0,0
Baseline,Evening,GA,1003,64261288,10,1204.7333333333333,0,0,0,1
Baseline,Evening,GA,1004,897980844,6,1195.0,0,0,0,0
Baseline,Evening,GA,1004,897980844,7,1199.9333333333334,0,0,0,0
Baseline,Evening,GA,1004,897980844,8,1200.7333333333333,0,0,0,1
Baseline,Evening,GA,1004,897980844,9,1201.8333333333333,0,0,0,0
Baseline,Evening,GA,1004,897980844,10,1204.7333333333333,0,0,0,2
Baseline,Evening,GA,1005,845940892,6,1195.0,1,0,1,1
Baseline,Evening,GA,1005,845940892,7,1199.9333333333334,0,0,0,0
Baseline,Evening,GA,1005,845940892,8,1200.7333333333333,0,0,0,0
Baseline,Evening,GA,1005,845940892,9,1201.8333333333333,0,0,0,1
Baseline,Evening,GA,1005,845940892,10,1204.7333333333333,0,0,0,1
Baseline,Evening,GA,1006,66009406,6,1195.0,1,0,1,1
Baseline,Evening,GA,1006,66009406,7,1199.9333333333334,0,0,0,0
Baseline,Evening,GA,1006,66009406,8,1200.7333333333333,0,0,0,0
Baseline,Evening,GA,1006,66009406,9,1201.8333333333333,0,0,0,0
Baseline,Evening,GA,1006,66009406,10,1204.7333333333333,0,0,0,2
Baseline,Evening,GA,1007,1241135382,6,1195.0,2,0,2,2
Baseline,Evening,GA,1007,1241135382,7,1199.9333333333334,1,0,1,1
Baseline,Evening,GA,1007,1241135382,8,1200.7333333333333,0,0,0,1
Baseline,Evening,GA,1007,1241135382,9,1201.8333333333333,0,0,0,2
Baseline,Evening,GA,1007,1241135382,10,1204.7333333333333,0,0,0,1
Baseline,Evening,GA,1008,2905494228,6,1195.0,0,0,0,0
Baseline,Evening,GA,1008,2905494228,7,1199.9333333333334,0,0,0,0
Baseline,Evening,GA,1008,2905494228,8,1200.7333333333333,0,0,0,0
Baseline,Evening,GA,1008,2905494228,9,1201.8333333333333,0,0,0,0
Baseline,Evening,GA,1008,2905494228,10,1204.7333333333333,0,0,0,1
Baseline,Evening,GA,1009,2526559800,6,1195.0,0,0,0,0
Baseline,Evening,GA,1009,2526559800,7,1199.9333333333334,0,0,0,0
Baseline,Evening,GA,1009,2526559800,8,1200.7333333333333,0,0,0,0
Baseline,Evening,GA,1009,2526559800,9,1201.8333333333333,0,0,0,0
Baseline,Evening,GA,1009,2526559800,10,1204.7333333333333,0,0,0,2
Baseline,Evening,GA,1010,1291834702,6,1195.0,1,0,1,1
Baseline,Evening,GA,1010,1291834702,7,1199.9333333333334,0,0,0,0
Baseline,Evening,GA,1010,1291834702,8,1200.7333333333333,0,0,0,0
Baseline,Evening,GA,1010,1291834702,9,1201.8333333333333,0,0,0,1
Baseline,Evening,GA,1010,1291834702,10,1204.7333333333333,0,0,0,1
Baseline,Evening,GA,1011,3581619815,6,1195.0,1,0,1,1
Baseline,Evening,GA,1011,3581619815,7,1199.9333333333334,0,0,0,0
Baseline,Evening,GA,1011,3581619815,8,1200.7333333333333,0,0,0,1
Baseline,Evening,GA,1011,3581619815,9,1201.8333333333333,0,0,0,1
Baseline,Evening,GA,1011,3581619815,10,1204.7333333333333,0,0,0,0
Baseline,Evening,GA,1012,3651533743,6,1195.0,1,0,1,1
Baseline,Evening,GA,1012,3651533743,7,1199.9333333333334,0,0,0,0
Baseline,Evening,GA,1012,3651533743,8,1200.7333333333333,0,0,0,0
Baseline,Evening,GA,1012,3651533743,9,1201.8333333333333,0,0,0,1
Baseline,Evening,GA,1012,3651533743,10,1204.7333333333333,0,0,0,2
Baseline,Evening,GA,1013,3932276593,6,1195.0,1,0,1,1
Baseline,Evening,GA,1013,3932276593,7,1199.9333333333334,0,0,0,0
Baseline,Evening,GA,1013,3932276593,8,1200.7333333333333,0,0,0,1
Baseline,Evening,GA,1013,3932276593,9,1201.8333333333333,0,0,0,0
Baseline,Evening,GA,1013,3932276593,10,1204.7333333333333,0,0,0,0
Baseline,Evening,GA,1014,3122121222,6,1195.0,0,0,0,0
Baseline,Evening,GA,1014,3122121222,7,1199.9333333333334,0,0,0,0
Baseline,Evening,GA,1014,3122121222,8,1200.7333333333333,0,0,0,1
Baseline,Evening,GA,1014,3122121222,9,1201.8333333333333,0,0,0,1
Baseline,Evening,GA,1014,3122121222,10,1204.7333333333333,0,0,0,1
Baseline,Evening,GA,1015,3662741725,6,1195.0,1,0,1,1
Baseline,Evening,GA,1015,3662741725,7,1199.9333333333334,0,0,0,0
Baseline,Evening,GA,1015,3662741725,8,1200.7333333333333,0,0,0,0
Baseline,Evening,GA,1015,3662741725,9,1201.8333333333333,0,0,0,1
Baseline,Evening,GA,1015,3662741725,10,1204.7333333333333,0,0,0,2
Baseline,Evening,GA,1016,2936492253,6,1195.0,2,0,2,2
Baseline,Evening,GA,1016,2936492253,7,1199.9333333333334,0,0,0,0
Baseline,Evening,GA,1016,2936492253,8,1200.7333333333333,0,0,0,0
Baseline,Evening,GA,1016,2936492253,9,1201.8333333333333,0,0,0,0
Baseline,Evening,GA,1016,2936492253,10,1204.7333333333333,0,0,0,2
Baseline,Evening,GA,1017,129473399,6,1195.0,1,0,1,1
Baseline,Evening,GA,1017,129473399,7,1199.9333333333334,0,0,0,0
Baseline,Evening,GA,1017,129473399,8,1200.7333333333333,0,0,0,1
Baseline,Evening,GA,1017,129473399,9,1201.8333333333333,0,0,0,1
Baseline,Evening,GA,1017,129473399,10,1204.7333333333333,0,0,0,2
Baseline,Evening,GA,1018,1866136011,6,1195.0,2,0,2,2
Baseline,Evening,GA,1018,1866136011,7,1199.9333333333334,0,0,0,0
Baseline,Evening,GA,1018,1866136011,8,1200.7333333333333,0,0,0,0
Baseline,Evening,GA,1018,1866136011,9,1201.8333333333333,0,0,0,0
Baseline,Evening,GA,1018,1866136011,10,1204.7333333333333,0,0,0,2
Baseline,Evening,GA,1019,4287566515,6,1195.0,1,0,1,1
Baseline,Evening,GA,1019,4287566515,7,1199.9333333333334,0,0,0,0
Baseline,Evening,GA,1019,4287566515,8,1200.7333333333333,0,0,0,0
Baseline,Evening,GA,1019,4287566515,9,1201.8333333333333,0,0,0,0
Baseline,Evening,GA,1019,4287566515,10,1204.7333333333333,0,0,0,0
Baseline,Evening,GA,1020,1395281472,6,1195.0,0,0,0,0
Baseline,Evening,GA,1020,1395281472,7,1199.9333333333334,0,0,0,0
Baseline,Evening,GA,1020,1395281472,8,1200.7333333333333,0,0,0,0
Baseline,Evening,GA,1020,1395281472,9,1201.8333333333333,0,0,0,0
Baseline,Evening,GA,1020,1395281472,10,1204.7333333333333,0,0,0,1
Baseline,Evening,GA,1021,3437867865,6,1195.0,0,0,0,0
Baseline,Evening,GA,1021,3437867865,7,1199.9333333333334,0,0,0,0
Baseline,Evening,GA,1021,3437867865,8,1200.7333333333333,0,0,0,0
Baseline,Evening,GA,1021,3437867865,9,1201.8333333333333,0,0,0,0
Baseline,Evening,GA,1021,3437867865,10,1204.7333333333333,0,0,0,0
Baseline,Evening,GA,1022,127113282,6,1195.0,0,0,0,0
Baseline,Evening,GA,1022,127113282,7,1199.9333333333334,0,0,0,0
Baseline,Evening,GA,1022,127113282,8,1200.7333333333333,0,0,0,1
Baseline,Evening,GA,1022,127113282,9,1201.8333333333333,0,0,0,0
Baseline,Evening,GA,1022,127113282,10,1204.7333333333333,0,0,0,1
Baseline,Evening,GA,1023,3924048200,6,1195.0,0,0,0,0
Baseline,Evening,GA,1023,3924048200,7,1199.9333333333334,0,0,0,0
Baseline,Evening,GA,1023,3924048200,8,1200.7333333333333,0,0,0,0
Baseline,Evening,GA,1023,3924048200,9,1201.8333333333333,0,0,0,1
Baseline,Evening,GA,1023,3924048200,10,1204.7333333333333,0,0,0,0
Baseline,Evening,GA,1024,163537029,6,1195.0,0,0,0,0
Baseline,Evening,GA,1024,163537029,7,1199.9333333333334,0,0,0,0
Baseline,Evening,GA,1024,163537029,8,1200.7333333333333,0,0,0,0
Baseline,Evening,GA,1024,163537029,9,1201.8333333333333,0,0,0,2
Baseline,Evening,GA,1024,163537029,10,1204.7333333333333,0,0,0,0
Baseline,Evening,GA,1025,1742720703,6,1195.0,0,0,0,0
Baseline,Evening,GA,1025,1742720703,7,1199.9333333333334,0,0,0,0
Baseline,Evening,GA,1025,1742720703,8,1200.7333333333333,0,0,0,0
Baseline,Evening,GA,1025,1742720703,9,1201.8333333333333,0,0,0,0
Baseline,Evening,GA,1025,1742720703,10,1204.7333333333333,0,0,0,1
Baseline,Evening,GA,1026,1522367500,6,1195.0,1,0,1,1
Baseline,Evening,GA,1026,1522367500,7,1199.9333333333334,0,0,0,0
Baseline,Evening,GA,1026,1522367500,8,1200.7333333333333,0,0,0,1
Baseline,Evening,GA,1026,1522367500,9,1201.8333333333333,0,0,0,0
Baseline,Evening,GA,1026,1522367500,10,1204.7333333333333,0,0,0,0
Baseline,Evening,GA,1027,403830989,6,1195.0,1,0,1,1
Baseline,Evening,GA,1027,403830989,7,1199.9333333333334,0,0,0,0
Baseline,Evening,GA,1027,403830989,8,1200.7333333333333,0,0,0,0
Baseline,Evening,GA,1027,403830989,9,1201.8333333333333,0,0,0,0
Baseline,Evening,GA,1027,403830989,10,1204.7333333333333,0,0,0,2
Baseline,Evening,GA,1028,1967774211,6,1195.0,0,0,0,0
Baseline,Evening,GA,1028,1967774211,7,1199.9333333333334,0,0,0,0
Baseline,Evening,GA,1028,1967774211,8,1200.7333333333333,0,0,0,0
Baseline,Evening,GA,1028,1967774211,9,1201.8333333333333,0,0,0,0
Baseline,Evening,GA,1028,1967774211,10,1204.7333333333333,0,0,0,1
Baseline,Evening,GA,1029,215896334,6,1195.0,0,0,0,0
Baseline,Evening,GA,1029,215896334,7,1199.9333333333334,0,0,0,0
Baseline,Evening,GA,1029,215896334,8,1200.7333333333333,0,0,0,0
Baseline,Evening,GA,1029,215896334,9,1201.8333333333333,0,0,0,0
Baseline,Evening,GA,1029,215896334,10,1204.7333333333333,0,0,0,1
Baseline,Evening,GA,1030,2449122539,6,1195.0,1,0,1,1
Baseline,Evening,GA,1030,2449122539,7,1199.9333333333334,0,0,0,0
Baseline,Evening,GA,1030,2449122539,8,1200.7333333333333,0,0,0,0
Baseline,Evening,GA,1030,2449122539,9,1201.8333333333333,0,0,0,1
Baseline,Evening,GA,1030,2449122539,10,1204.7333333333333,0,0,0,1
Baseline,Evening,Regularized Reference,1001,575107655,6,1194.0,1,0,1,1
Baseline,Evening,Regularized Reference,1001,575107655,7,1198.9333333333334,0,0,0,0
Baseline,Evening,Regularized Reference,1001,575107655,8,1199.7333333333333,0,0,0,0
Baseline,Evening,Regularized Reference,1001,575107655,9,1200.8333333333333,0,0,0,1
Baseline,Evening,Regularized Reference,1001,575107655,10,1203.7333333333333,0,0,0,1
Baseline,Evening,Regularized Reference,1002,868506165,6,1194.0,1,0,1,1
Baseline,Evening,Regularized Reference,1002,868506165,7,1198.9333333333334,0,0,0,0
Baseline,Evening,Regularized Reference,1002,868506165,8,1199.7333333333333,0,0,0,0
Baseline,Evening,Regularized Reference,1002,868506165,9,1200.8333333333333,0,0,0,1
Baseline,Evening,Regularized Reference,1002,868506165,10,1203.7333333333333,0,0,0,0
Baseline,Evening,Regularized Reference,1003,64261288,6,1194.0,2,0,2,2
Baseline,Evening,Regularized Reference,1003,64261288,7,1198.9333333333334,0,0,0,0
Baseline,Evening,Regularized Reference,1003,64261288,8,1199.7333333333333,0,0,0,0
Baseline,Evening,Regularized Reference,1003,64261288,9,1200.8333333333333,0,0,0,0
Baseline,Evening,Regularized Reference,1003,64261288,10,1203.7333333333333,0,0,0,3
Baseline,Evening,Regularized Reference,1004,897980844,6,1194.0,0,0,0,0
Baseline,Evening,Regularized Reference,1004,897980844,7,1198.9333333333334,0,0,0,0
Baseline,Evening,Regularized Reference,1004,897980844,8,1199.7333333333333,0,0,0,0
Baseline,Evening,Regularized Reference,1004,897980844,9,1200.8333333333333,0,0,0,0
Baseline,Evening,Regularized Reference,1004,897980844,10,1203.7333333333333,0,0,0,4
Baseline,Evening,Regularized Reference,1005,845940892,6,1194.0,1,0,1,1
Baseline,Evening,Regularized Reference,1005,845940892,7,1198.9333333333334,0,0,0,0
Baseline,Evening,Regularized Reference,1005,845940892,8,1199.7333333333333,0,0,0,0
Baseline,Evening,Regularized Reference,1005,845940892,9,1200.8333333333333,0,0,0,1
Baseline,Evening,Regularized Reference,1005,845940892,10,1203.7333333333333,0,0,0,3
Baseline,Evening,Regularized Reference,1006,66009406,6,1194.0,1,0,1,1
Baseline,Evening,Regularized Reference,1006,66009406,7,1198.9333333333334,0,0,0,0
Baseline,Evening,Regularized Reference,1006,66009406,8,1199.7333333333333,0,0,0,0
Baseline,Evening,Regularized Reference,1006,66009406,9,1200.8333333333333,0,0,0,0
Baseline,Evening,Regularized Reference,1006,66009406,10,1203.7333333333333,0,0,0,3
Baseline,Evening,Regularized Reference,1007,1241135382,6,1194.0,2,0,2,2
Baseline,Evening,Regularized Reference,1007,1241135382,7,1198.9333333333334,1,0,1,1
Baseline,Evening,Regularized Reference,1007,1241135382,8,1199.7333333333333,0,0,0,0
Baseline,Evening,Regularized Reference,1007,1241135382,9,1200.8333333333333,0,0,0,2
Baseline,Evening,Regularized Reference,1007,1241135382,10,1203.7333333333333,0,0,0,1
Baseline,Evening,Regularized Reference,1008,2905494228,6,1194.0,1,0,1,1
Baseline,Evening,Regularized Reference,1008,2905494228,7,1198.9333333333334,0,0,0,0
Baseline,Evening,Regularized Reference,1008,2905494228,8,1199.7333333333333,0,0,0,0
Baseline,Evening,Regularized Reference,1008,2905494228,9,1200.8333333333333,0,0,0,0
Baseline,Evening,Regularized Reference,1008,2905494228,10,1203.7333333333333,0,0,0,2
Baseline,Evening,Regularized Reference,1009,2526559800,6,1194.0,0,0,0,0
Baseline,Evening,Regularized Reference,1009,2526559800,7,1198.9333333333334,0,0,0,0
Baseline,Evening,Regularized Reference,1009,2526559800,8,1199.7333333333333,0,0,0,0
Baseline,Evening,Regularized Reference,1009,2526559800,9,1200.8333333333333,0,0,0,0
Baseline,Evening,Regularized Reference,1009,2526559800,10,1203.7333333333333,0,0,0,2
Baseline,Evening,Regularized Reference,1010,1291834702,6,1194.0,1,0,1,1
Baseline,Evening,Regularized Reference,1010,1291834702,7,1198.9333333333334,0,0,0,0
Baseline,Evening,Regularized Reference,1010,1291834702,8,1199.7333333333333,0,0,0,0
Baseline,Evening,Regularized Reference,1010,1291834702,9,1200.8333333333333,0,0,0,1
Baseline,Evening,Regularized Reference,1010,1291834702,10,1203.7333333333333,0,0,0,1
Baseline,Evening,Regularized Reference,1011,3581619815,6,1194.0,1,0,1,1
Baseline,Evening,Regularized Reference,1011,3581619815,7,1198.9333333333334,0,0,0,0
Baseline,Evening,Regularized Reference,1011,3581619815,8,1199.7333333333333,0,0,0,0
Baseline,Evening,Regularized Reference,1011,3581619815,9,1200.8333333333333,0,0,0,1
Baseline,Evening,Regularized Reference,1011,3581619815,10,1203.7333333333333,0,0,0,1
Baseline,Evening,Regularized Reference,1012,3651533743,6,1194.0,1,0,1,1
Baseline,Evening,Regularized Reference,1012,3651533743,7,1198.9333333333334,0,0,0,0
Baseline,Evening,Regularized Reference,1012,3651533743,8,1199.7333333333333,0,0,0,0
Baseline,Evening,Regularized Reference,1012,3651533743,9,1200.8333333333333,0,0,0,1
Baseline,Evening,Regularized Reference,1012,3651533743,10,1203.7333333333333,0,0,0,2
Baseline,Evening,Regularized Reference,1013,3932276593,6,1194.0,1,0,1,1
Baseline,Evening,Regularized Reference,1013,3932276593,7,1198.9333333333334,0,0,0,0
Baseline,Evening,Regularized Reference,1013,3932276593,8,1199.7333333333333,0,0,0,0
Baseline,Evening,Regularized Reference,1013,3932276593,9,1200.8333333333333,0,0,0,0
Baseline,Evening,Regularized Reference,1013,3932276593,10,1203.7333333333333,0,0,0,0
Baseline,Evening,Regularized Reference,1014,3122121222,6,1194.0,0,0,0,0
Baseline,Evening,Regularized Reference,1014,3122121222,7,1198.9333333333334,0,0,0,0
Baseline,Evening,Regularized Reference,1014,3122121222,8,1199.7333333333333,0,0,0,0
Baseline,Evening,Regularized Reference,1014,3122121222,9,1200.8333333333333,0,0,0,1
Baseline,Evening,Regularized Reference,1014,3122121222,10,1203.7333333333333,0,0,0,3
Baseline,Evening,Regularized Reference,1015,3662741725,6,1194.0,2,0,2,2
Baseline,Evening,Regularized Reference,1015,3662741725,7,1198.9333333333334,0,0,0,0
Baseline,Evening,Regularized Reference,1015,3662741725,8,1199.7333333333333,0,0,0,0
Baseline,Evening,Regularized Reference,1015,3662741725,9,1200.8333333333333,0,0,0,1
Baseline,Evening,Regularized Reference,1015,3662741725,10,1203.7333333333333,0,0,0,2
Baseline,Evening,Regularized Reference,1016,2936492253,6,1194.0,2,0,2,2
Baseline,Evening,Regularized Reference,1016,2936492253,7,1198.9333333333334,0,0,0,0
Baseline,Evening,Regularized Reference,1016,2936492253,8,1199.7333333333333,0,0,0,0
Baseline,Evening,Regularized Reference,1016,2936492253,9,1200.8333333333333,0,0,0,0
Baseline,Evening,Regularized Reference,1016,2936492253,10,1203.7333333333333,0,0,0,3
Baseline,Evening,Regularized Reference,1017,129473399,6,1194.0,1,0,1,1
Baseline,Evening,Regularized Reference,1017,129473399,7,1198.9333333333334,0,0,0,0
Baseline,Evening,Regularized Reference,1017,129473399,8,1199.7333333333333,0,0,0,0
Baseline,Evening,Regularized Reference,1017,129473399,9,1200.8333333333333,0,0,0,1
Baseline,Evening,Regularized Reference,1017,129473399,10,1203.7333333333333,0,0,0,3
Baseline,Evening,Regularized Reference,1018,1866136011,6,1194.0,2,0,2,2
Baseline,Evening,Regularized Reference,1018,1866136011,7,1198.9333333333334,0,0,0,0
Baseline,Evening,Regularized Reference,1018,1866136011,8,1199.7333333333333,0,0,0,0
Baseline,Evening,Regularized Reference,1018,1866136011,9,1200.8333333333333,0,0,0,0
Baseline,Evening,Regularized Reference,1018,1866136011,10,1203.7333333333333,0,0,0,2
Baseline,Evening,Regularized Reference,1019,4287566515,6,1194.0,2,0,2,2
Baseline,Evening,Regularized Reference,1019,4287566515,7,1198.9333333333334,0,0,0,0
Baseline,Evening,Regularized Reference,1019,4287566515,8,1199.7333333333333,0,0,0,0
Baseline,Evening,Regularized Reference,1019,4287566515,9,1200.8333333333333,0,0,0,0
Baseline,Evening,Regularized Reference,1019,4287566515,10,1203.7333333333333,0,0,0,0
Baseline,Evening,Regularized Reference,1020,1395281472,6,1194.0,0,0,0,0
Baseline,Evening,Regularized Reference,1020,1395281472,7,1198.9333333333334,0,0,0,0
Baseline,Evening,Regularized Reference,1020,1395281472,8,1199.7333333333333,0,0,0,0
Baseline,Evening,Regularized Reference,1020,1395281472,9,1200.8333333333333,0,0,0,1
Baseline,Evening,Regularized Reference,1020,1395281472,10,1203.7333333333333,0,0,0,1
Baseline,Evening,Regularized Reference,1021,3437867865,6,1194.0,0,0,0,0
Baseline,Evening,Regularized Reference,1021,3437867865,7,1198.9333333333334,1,0,1,1
Baseline,Evening,Regularized Reference,1021,3437867865,8,1199.7333333333333,0,0,0,0
Baseline,Evening,Regularized Reference,1021,3437867865,9,1200.8333333333333,0,0,0,0
Baseline,Evening,Regularized Reference,1021,3437867865,10,1203.7333333333333,0,0,0,0
Baseline,Evening,Regularized Reference,1022,127113282,6,1194.0,0,0,0,0
Baseline,Evening,Regularized Reference,1022,127113282,7,1198.9333333333334,0,0,0,0
Baseline,Evening,Regularized Reference,1022,127113282,8,1199.7333333333333,0,0,0,0
Baseline,Evening,Regularized Reference,1022,127113282,9,1200.8333333333333,0,0,0,0
Baseline,Evening,Regularized Reference,1022,127113282,10,1203.7333333333333,0,0,0,1
Baseline,Evening,Regularized Reference,1023,3924048200,6,1194.0,1,0,1,1
Baseline,Evening,Regularized Reference,1023,3924048200,7,1198.9333333333334,0,0,0,0
Baseline,Evening,Regularized Reference,1023,3924048200,8,1199.7333333333333,0,0,0,0
Baseline,Evening,Regularized Reference,1023,3924048200,9,1200.8333333333333,0,0,0,1
Baseline,Evening,Regularized Reference,1023,3924048200,10,1203.7333333333333,0,0,0,0
Baseline,Evening,Regularized Reference,1024,163537029,6,1194.0,0,0,0,0
Baseline,Evening,Regularized Reference,1024,163537029,7,1198.9333333333334,0,0,0,0
Baseline,Evening,Regularized Reference,1024,163537029,8,1199.7333333333333,0,0,0,0
Baseline,Evening,Regularized Reference,1024,163537029,9,1200.8333333333333,0,0,0,2
Baseline,Evening,Regularized Reference,1024,163537029,10,1203.7333333333333,0,0,0,0
Baseline,Evening,Regularized Reference,1025,1742720703,6,1194.0,0,0,0,0
Baseline,Evening,Regularized Reference,1025,1742720703,7,1198.9333333333334,0,0,0,0
Baseline,Evening,Regularized Reference,1025,1742720703,8,1199.7333333333333,0,0,0,0
Baseline,Evening,Regularized Reference,1025,1742720703,9,1200.8333333333333,0,0,0,0
Baseline,Evening,Regularized Reference,1025,1742720703,10,1203.7333333333333,0,0,0,2
Baseline,Evening,Regularized Reference,1026,1522367500,6,1194.0,1,0,1,1
Baseline,Evening,Regularized Reference,1026,1522367500,7,1198.9333333333334,0,0,0,0
Baseline,Evening,Regularized Reference,1026,1522367500,8,1199.7333333333333,0,0,0,0
Baseline,Evening,Regularized Reference,1026,1522367500,9,1200.8333333333333,0,0,0,0
Baseline,Evening,Regularized Reference,1026,1522367500,10,1203.7333333333333,0,0,0,1
Baseline,Evening,Regularized Reference,1027,403830989,6,1194.0,1,0,1,1
Baseline,Evening,Regularized Reference,1027,403830989,7,1198.9333333333334,0,0,0,0
Baseline,Evening,Regularized Reference,1027,403830989,8,1199.7333333333333,0,0,0,0
Baseline,Evening,Regularized Reference,1027,403830989,9,1200.8333333333333,0,0,0,0
Baseline,Evening,Regularized Reference,1027,403830989,10,1203.7333333333333,0,0,0,3
Baseline,Evening,Regularized Reference,1028,1967774211,6,1194.0,0,0,0,0
Baseline,Evening,Regularized Reference,1028,1967774211,7,1198.9333333333334,0,0,0,0
Baseline,Evening,Regularized Reference,1028,1967774211,8,1199.7333333333333,0,0,0,0
Baseline,Evening,Regularized Reference,1028,1967774211,9,1200.8333333333333,0,0,0,1
Baseline,Evening,Regularized Reference,1028,1967774211,10,1203.7333333333333,0,0,0,2
Baseline,Evening,Regularized Reference,1029,215896334,6,1194.0,0,0,0,0
Baseline,Evening,Regularized Reference,1029,215896334,7,1198.9333333333334,0,0,0,0
Baseline,Evening,Regularized Reference,1029,215896334,8,1199.7333333333333,0,0,0,0
Baseline,Evening,Regularized Reference,1029,215896334,9,1200.8333333333333,0,0,0,0
Baseline,Evening,Regularized Reference,1029,215896334,10,1203.7333333333333,0,0,0,1
Baseline,Evening,Regularized Reference,1030,2449122539,6,1194.0,1,0,1,1
Baseline,Evening,Regularized Reference,1030,2449122539,7,1198.9333333333334,0,0,0,0
Baseline,Evening,Regularized Reference,1030,2449122539,8,1199.7333333333333,0,0,0,0
Baseline,Evening,Regularized Reference,1030,2449122539,9,1200.8333333333333,0,0,0,1
Baseline,Evening,Regularized Reference,1030,2449122539,10,1203.7333333333333,0,0,0,2
Baseline,Evening,Demand Rule,1001,575107655,6,1194.0,1,0,1,1
Baseline,Evening,Demand Rule,1001,575107655,7,1198.9333333333334,0,0,0,0
Baseline,Evening,Demand Rule,1001,575107655,8,1199.7333333333333,0,0,0,0
Baseline,Evening,Demand Rule,1001,575107655,9,1200.8333333333333,0,0,0,1
Baseline,Evening,Demand Rule,1001,575107655,10,1203.7333333333333,0,0,0,1
Baseline,Evening,Demand Rule,1002,868506165,6,1194.0,1,0,1,1
Baseline,Evening,Demand Rule,1002,868506165,7,1198.9333333333334,0,0,0,0
Baseline,Evening,Demand Rule,1002,868506165,8,1199.7333333333333,0,0,0,0
Baseline,Evening,Demand Rule,1002,868506165,9,1200.8333333333333,0,0,0,1
Baseline,Evening,Demand Rule,1002,868506165,10,1203.7333333333333,0,0,0,0
Baseline,Evening,Demand Rule,1003,64261288,6,1194.0,2,0,2,2
Baseline,Evening,Demand Rule,1003,64261288,7,1198.9333333333334,0,0,0,0
Baseline,Evening,Demand Rule,1003,64261288,8,1199.7333333333333,0,0,0,0
Baseline,Evening,Demand Rule,1003,64261288,9,1200.8333333333333,0,0,0,0
Baseline,Evening,Demand Rule,1003,64261288,10,1203.7333333333333,0,0,0,3
Baseline,Evening,Demand Rule,1004,897980844,6,1194.0,0,0,0,0
Baseline,Evening,Demand Rule,1004,897980844,7,1198.9333333333334,0,0,0,0
Baseline,Evening,Demand Rule,1004,897980844,8,1199.7333333333333,0,0,0,0
Baseline,Evening,Demand Rule,1004,897980844,9,1200.8333333333333,0,0,0,0
Baseline,Evening,Demand Rule,1004,897980844,10,1203.7333333333333,0,0,0,4
Baseline,Evening,Demand Rule,1005,845940892,6,1194.0,1,0,1,1
Baseline,Evening,Demand Rule,1005,845940892,7,1198.9333333333334,0,0,0,0
Baseline,Evening,Demand Rule,1005,845940892,8,1199.7333333333333,0,0,0,0
Baseline,Evening,Demand Rule,1005,845940892,9,1200.8333333333333,0,0,0,1
Baseline,Evening,Demand Rule,1005,845940892,10,1203.7333333333333,0,0,0,3
Baseline,Evening,Demand Rule,1006,66009406,6,1194.0,1,0,1,1
Baseline,Evening,Demand Rule,1006,66009406,7,1198.9333333333334,0,0,0,0
Baseline,Evening,Demand Rule,1006,66009406,8,1199.7333333333333,0,0,0,0
Baseline,Evening,Demand Rule,1006,66009406,9,1200.8333333333333,0,0,0,0
Baseline,Evening,Demand Rule,1006,66009406,10,1203.7333333333333,0,0,0,3
Baseline,Evening,Demand Rule,1007,1241135382,6,1194.0,2,0,2,2
Baseline,Evening,Demand Rule,1007,1241135382,7,1198.9333333333334,1,0,1,1
Baseline,Evening,Demand Rule,1007,1241135382,8,1199.7333333333333,0,0,0,0
Baseline,Evening,Demand Rule,1007,1241135382,9,1200.8333333333333,0,0,0,2
Baseline,Evening,Demand Rule,1007,1241135382,10,1203.7333333333333,0,0,0,1
Baseline,Evening,Demand Rule,1008,2905494228,6,1194.0,1,0,1,1
Baseline,Evening,Demand Rule,1008,2905494228,7,1198.9333333333334,0,0,0,0
Baseline,Evening,Demand Rule,1008,2905494228,8,1199.7333333333333,0,0,0,0
Baseline,Evening,Demand Rule,1008,2905494228,9,1200.8333333333333,0,0,0,0
Baseline,Evening,Demand Rule,1008,2905494228,10,1203.7333333333333,0,0,0,2
Baseline,Evening,Demand Rule,1009,2526559800,6,1194.0,0,0,0,0
Baseline,Evening,Demand Rule,1009,2526559800,7,1198.9333333333334,0,0,0,0
Baseline,Evening,Demand Rule,1009,2526559800,8,1199.7333333333333,0,0,0,0
Baseline,Evening,Demand Rule,1009,2526559800,9,1200.8333333333333,0,0,0,0
Baseline,Evening,Demand Rule,1009,2526559800,10,1203.7333333333333,0,0,0,2
Baseline,Evening,Demand Rule,1010,1291834702,6,1194.0,1,0,1,1
Baseline,Evening,Demand Rule,1010,1291834702,7,1198.9333333333334,0,0,0,0
Baseline,Evening,Demand Rule,1010,1291834702,8,1199.7333333333333,0,0,0,0
Baseline,Evening,Demand Rule,1010,1291834702,9,1200.8333333333333,0,0,0,1
Baseline,Evening,Demand Rule,1010,1291834702,10,1203.7333333333333,0,0,0,1
Baseline,Evening,Demand Rule,1011,3581619815,6,1194.0,1,0,1,1
Baseline,Evening,Demand Rule,1011,3581619815,7,1198.9333333333334,0,0,0,0
Baseline,Evening,Demand Rule,1011,3581619815,8,1199.7333333333333,0,0,0,0
Baseline,Evening,Demand Rule,1011,3581619815,9,1200.8333333333333,0,0,0,1
Baseline,Evening,Demand Rule,1011,3581619815,10,1203.7333333333333,0,0,0,1
Baseline,Evening,Demand Rule,1012,3651533743,6,1194.0,1,0,1,1
Baseline,Evening,Demand Rule,1012,3651533743,7,1198.9333333333334,0,0,0,0
Baseline,Evening,Demand Rule,1012,3651533743,8,1199.7333333333333,0,0,0,0
Baseline,Evening,Demand Rule,1012,3651533743,9,1200.8333333333333,0,0,0,1
Baseline,Evening,Demand Rule,1012,3651533743,10,1203.7333333333333,0,0,0,2
Baseline,Evening,Demand Rule,1013,3932276593,6,1194.0,1,0,1,1
Baseline,Evening,Demand Rule,1013,3932276593,7,1198.9333333333334,0,0,0,0
Baseline,Evening,Demand Rule,1013,3932276593,8,1199.7333333333333,0,0,0,0
Baseline,Evening,Demand Rule,1013,3932276593,9,1200.8333333333333,0,0,0,0
Baseline,Evening,Demand Rule,1013,3932276593,10,1203.7333333333333,0,0,0,0
Baseline,Evening,Demand Rule,1014,3122121222,6,1194.0,0,0,0,0
Baseline,Evening,Demand Rule,1014,3122121222,7,1198.9333333333334,0,0,0,0
Baseline,Evening,Demand Rule,1014,3122121222,8,1199.7333333333333,0,0,0,0
Baseline,Evening,Demand Rule,1014,3122121222,9,1200.8333333333333,0,0,0,1
Baseline,Evening,Demand Rule,1014,3122121222,10,1203.7333333333333,0,0,0,3
Baseline,Evening,Demand Rule,1015,3662741725,6,1194.0,2,0,2,2
Baseline,Evening,Demand Rule,1015,3662741725,7,1198.9333333333334,0,0,0,0
Baseline,Evening,Demand Rule,1015,3662741725,8,1199.7333333333333,0,0,0,0
Baseline,Evening,Demand Rule,1015,3662741725,9,1200.8333333333333,0,0,0,1
Baseline,Evening,Demand Rule,1015,3662741725,10,1203.7333333333333,0,0,0,2
Baseline,Evening,Demand Rule,1016,2936492253,6,1194.0,2,0,2,2
Baseline,Evening,Demand Rule,1016,2936492253,7,1198.9333333333334,0,0,0,0
Baseline,Evening,Demand Rule,1016,2936492253,8,1199.7333333333333,0,0,0,0
Baseline,Evening,Demand Rule,1016,2936492253,9,1200.8333333333333,0,0,0,0
Baseline,Evening,Demand Rule,1016,2936492253,10,1203.7333333333333,0,0,0,3
Baseline,Evening,Demand Rule,1017,129473399,6,1194.0,1,0,1,1
Baseline,Evening,Demand Rule,1017,129473399,7,1198.9333333333334,0,0,0,0
Baseline,Evening,Demand Rule,1017,129473399,8,1199.7333333333333,0,0,0,0
Baseline,Evening,Demand Rule,1017,129473399,9,1200.8333333333333,0,0,0,1
Baseline,Evening,Demand Rule,1017,129473399,10,1203.7333333333333,0,0,0,3
Baseline,Evening,Demand Rule,1018,1866136011,6,1194.0,2,0,2,2
Baseline,Evening,Demand Rule,1018,1866136011,7,1198.9333333333334,0,0,0,0
Baseline,Evening,Demand Rule,1018,1866136011,8,1199.7333333333333,0,0,0,0
Baseline,Evening,Demand Rule,1018,1866136011,9,1200.8333333333333,0,0,0,0
Baseline,Evening,Demand Rule,1018,1866136011,10,1203.7333333333333,0,0,0,2
Baseline,Evening,Demand Rule,1019,4287566515,6,1194.0,2,0,2,2
Baseline,Evening,Demand Rule,1019,4287566515,7,1198.9333333333334,0,0,0,0
Baseline,Evening,Demand Rule,1019,4287566515,8,1199.7333333333333,0,0,0,0
Baseline,Evening,Demand Rule,1019,4287566515,9,1200.8333333333333,0,0,0,0
Baseline,Evening,Demand Rule,1019,4287566515,10,1203.7333333333333,0,0,0,0
Baseline,Evening,Demand Rule,1020,1395281472,6,1194.0,0,0,0,0
Baseline,Evening,Demand Rule,1020,1395281472,7,1198.9333333333334,0,0,0,0
Baseline,Evening,Demand Rule,1020,1395281472,8,1199.7333333333333,0,0,0,0
Baseline,Evening,Demand Rule,1020,1395281472,9,1200.8333333333333,0,0,0,1
Baseline,Evening,Demand Rule,1020,1395281472,10,1203.7333333333333,0,0,0,1
Baseline,Evening,Demand Rule,1021,3437867865,6,1194.0,0,0,0,0
Baseline,Evening,Demand Rule,1021,3437867865,7,1198.9333333333334,1,0,1,1
Baseline,Evening,Demand Rule,1021,3437867865,8,1199.7333333333333,0,0,0,0
Baseline,Evening,Demand Rule,1021,3437867865,9,1200.8333333333333,0,0,0,0
Baseline,Evening,Demand Rule,1021,3437867865,10,1203.7333333333333,0,0,0,0
Baseline,Evening,Demand Rule,1022,127113282,6,1194.0,0,0,0,0
Baseline,Evening,Demand Rule,1022,127113282,7,1198.9333333333334,0,0,0,0
Baseline,Evening,Demand Rule,1022,127113282,8,1199.7333333333333,0,0,0,0
Baseline,Evening,Demand Rule,1022,127113282,9,1200.8333333333333,0,0,0,0
Baseline,Evening,Demand Rule,1022,127113282,10,1203.7333333333333,0,0,0,1
Baseline,Evening,Demand Rule,1023,3924048200,6,1194.0,1,0,1,1
Baseline,Evening,Demand Rule,1023,3924048200,7,1198.9333333333334,0,0,0,0
Baseline,Evening,Demand Rule,1023,3924048200,8,1199.7333333333333,0,0,0,0
Baseline,Evening,Demand Rule,1023,3924048200,9,1200.8333333333333,0,0,0,1
Baseline,Evening,Demand Rule,1023,3924048200,10,1203.7333333333333,0,0,0,0
Baseline,Evening,Demand Rule,1024,163537029,6,1194.0,0,0,0,0
Baseline,Evening,Demand Rule,1024,163537029,7,1198.9333333333334,0,0,0,0
Baseline,Evening,Demand Rule,1024,163537029,8,1199.7333333333333,0,0,0,0
Baseline,Evening,Demand Rule,1024,163537029,9,1200.8333333333333,0,0,0,2
Baseline,Evening,Demand Rule,1024,163537029,10,1203.7333333333333,0,0,0,0
Baseline,Evening,Demand Rule,1025,1742720703,6,1194.0,0,0,0,0
Baseline,Evening,Demand Rule,1025,1742720703,7,1198.9333333333334,0,0,0,0
Baseline,Evening,Demand Rule,1025,1742720703,8,1199.7333333333333,0,0,0,0
Baseline,Evening,Demand Rule,1025,1742720703,9,1200.8333333333333,0,0,0,0
Baseline,Evening,Demand Rule,1025,1742720703,10,1203.7333333333333,0,0,0,2
Baseline,Evening,Demand Rule,1026,1522367500,6,1194.0,1,0,1,1
Baseline,Evening,Demand Rule,1026,1522367500,7,1198.9333333333334,0,0,0,0
Baseline,Evening,Demand Rule,1026,1522367500,8,1199.7333333333333,0,0,0,0
Baseline,Evening,Demand Rule,1026,1522367500,9,1200.8333333333333,0,0,0,0
Baseline,Evening,Demand Rule,1026,1522367500,10,1203.7333333333333,0,0,0,1
Baseline,Evening,Demand Rule,1027,403830989,6,1194.0,1,0,1,1
Baseline,Evening,Demand Rule,1027,403830989,7,1198.9333333333334,0,0,0,0
Baseline,Evening,Demand Rule,1027,403830989,8,1199.7333333333333,0,0,0,0
Baseline,Evening,Demand Rule,1027,403830989,9,1200.8333333333333,0,0,0,0
Baseline,Evening,Demand Rule,1027,403830989,10,1203.7333333333333,0,0,0,3
Baseline,Evening,Demand Rule,1028,1967774211,6,1194.0,0,0,0,0
Baseline,Evening,Demand Rule,1028,1967774211,7,1198.9333333333334,0,0,0,0
Baseline,Evening,Demand Rule,1028,1967774211,8,1199.7333333333333,0,0,0,0
Baseline,Evening,Demand Rule,1028,1967774211,9,1200.8333333333333,0,0,0,1
Baseline,Evening,Demand Rule,1028,1967774211,10,1203.7333333333333,0,0,0,2
Baseline,Evening,Demand Rule,1029,215896334,6,1194.0,0,0,0,0
Baseline,Evening,Demand Rule,1029,215896334,7,1198.9333333333334,0,0,0,0
Baseline,Evening,Demand Rule,1029,215896334,8,1199.7333333333333,0,0,0,0
Baseline,Evening,Demand Rule,1029,215896334,9,1200.8333333333333,0,0,0,0
Baseline,Evening,Demand Rule,1029,215896334,10,1203.7333333333333,0,0,0,1
Baseline,Evening,Demand Rule,1030,2449122539,6,1194.0,1,0,1,1
Baseline,Evening,Demand Rule,1030,2449122539,7,1198.9333333333334,0,0,0,0
Baseline,Evening,Demand Rule,1030,2449122539,8,1199.7333333333333,0,0,0,0
Baseline,Evening,Demand Rule,1030,2449122539,9,1200.8333333333333,0,0,0,1
Baseline,Evening,Demand Rule,1030,2449122539,10,1203.7333333333333,0,0,0,2
High-Demand,Morning,GA,1001,575107655,6,655.0,3,0,3,3
High-Demand,Morning,GA,1001,575107655,7,661.7,0,0,0,0
High-Demand,Morning,GA,1001,575107655,8,662.7916666666667,0,0,0,0
High-Demand,Morning,GA,1001,575107655,9,664.425,0,0,0,0
High-Demand,Morning,GA,1001,575107655,10,668.7916666666667,0,0,0,1
High-Demand,Morning,GA,1002,868506165,6,655.0,3,0,3,3
High-Demand,Morning,GA,1002,868506165,7,661.7,0,0,0,1
High-Demand,Morning,GA,1002,868506165,8,662.7916666666667,0,0,0,0
High-Demand,Morning,GA,1002,868506165,9,664.425,0,0,0,0
High-Demand,Morning,GA,1002,868506165,10,668.7916666666667,0,0,0,0
High-Demand,Morning,GA,1003,64261288,6,655.0,1,0,1,1
High-Demand,Morning,GA,1003,64261288,7,661.7,0,0,0,1
High-Demand,Morning,GA,1003,64261288,8,662.7916666666667,0,0,0,0
High-Demand,Morning,GA,1003,64261288,9,664.425,0,0,0,0
High-Demand,Morning,GA,1003,64261288,10,668.7916666666667,0,0,0,0
High-Demand,Morning,GA,1004,897980844,6,655.0,2,0,2,2
High-Demand,Morning,GA,1004,897980844,7,661.7,0,0,0,0
High-Demand,Morning,GA,1004,897980844,8,662.7916666666667,0,0,0,0
High-Demand,Morning,GA,1004,897980844,9,664.425,0,0,0,1
High-Demand,Morning,GA,1004,897980844,10,668.7916666666667,0,0,0,0
High-Demand,Morning,GA,1005,845940892,6,655.0,1,0,1,1
High-Demand,Morning,GA,1005,845940892,7,661.7,0,0,0,3
High-Demand,Morning,GA,1005,845940892,8,662.7916666666667,0,0,0,0
High-Demand,Morning,GA,1005,845940892,9,664.425,0,0,0,1
High-Demand,Morning,GA,1005,845940892,10,668.7916666666667,0,0,0,0
High-Demand,Morning,GA,1006,66009406,6,655.0,2,0,2,2
High-Demand,Morning,GA,1006,66009406,7,661.7,0,0,0,1
High-Demand,Morning,GA,1006,66009406,8,662.7916666666667,0,0,0,0
High-Demand,Morning,GA,1006,66009406,9,664.425,0,0,0,0
High-Demand,Morning,GA,1006,66009406,10,668.7916666666667,0,0,0,0
High-Demand,Morning,GA,1007,1241135382,6,655.0,2,0,2,2
High-Demand,Morning,GA,1007,1241135382,7,661.7,0,0,0,0
High-Demand,Morning,GA,1007,1241135382,8,662.7916666666667,0,0,0,1
High-Demand,Morning,GA,1007,1241135382,9,664.425,0,0,0,0
High-Demand,Morning,GA,1007,1241135382,10,668.7916666666667,0,0,0,0
High-Demand,Morning,GA,1008,2905494228,6,655.0,1,0,1,1
High-Demand,Morning,GA,1008,2905494228,7,661.7,0,0,0,1
High-Demand,Morning,GA,1008,2905494228,8,662.7916666666667,0,0,0,1
High-Demand,Morning,GA,1008,2905494228,9,664.425,0,0,0,0
High-Demand,Morning,GA,1008,2905494228,10,668.7916666666667,0,0,0,1
High-Demand,Morning,GA,1009,2526559800,6,655.0,2,0,2,2
High-Demand,Morning,GA,1009,2526559800,7,661.7,0,0,0,1
High-Demand,Morning,GA,1009,2526559800,8,662.7916666666667,0,0,0,1
High-Demand,Morning,GA,1009,2526559800,9,664.425,0,0,0,0
High-Demand,Morning,GA,1009,2526559800,10,668.7916666666667,0,0,0,1
High-Demand,Morning,GA,1010,1291834702,6,655.0,3,0,3,3
High-Demand,Morning,GA,1010,1291834702,7,661.7,0,0,0,1
High-Demand,Morning,GA,1010,1291834702,8,662.7916666666667,0,0,0,0
High-Demand,Morning,GA,1010,1291834702,9,664.425,0,0,0,1
High-Demand,Morning,GA,1010,1291834702,10,668.7916666666667,0,0,0,0
High-Demand,Morning,GA,1011,3581619815,6,655.0,1,0,1,1
High-Demand,Morning,GA,1011,3581619815,7,661.7,0,0,0,1
High-Demand,Morning,GA,1011,3581619815,8,662.7916666666667,0,0,0,0
High-Demand,Morning,GA,1011,3581619815,9,664.425,0,0,0,0
High-Demand,Morning,GA,1011,3581619815,10,668.7916666666667,0,0,0,1
High-Demand,Morning,GA,1012,3651533743,6,655.0,2,0,2,2
High-Demand,Morning,GA,1012,3651533743,7,661.7,0,0,0,0
High-Demand,Morning,GA,1012,3651533743,8,662.7916666666667,0,0,0,1
High-Demand,Morning,GA,1012,3651533743,9,664.425,0,0,0,1
High-Demand,Morning,GA,1012,3651533743,10,668.7916666666667,0,0,0,1
High-Demand,Morning,GA,1013,3932276593,6,655.0,1,0,1,1
High-Demand,Morning,GA,1013,3932276593,7,661.7,0,0,0,0
High-Demand,Morning,GA,1013,3932276593,8,662.7916666666667,0,0,0,0
High-Demand,Morning,GA,1013,3932276593,9,664.425,0,0,0,2
High-Demand,Morning,GA,1013,3932276593,10,668.7916666666667,0,0,0,1
High-Demand,Morning,GA,1014,3122121222,6,655.0,3,0,3,3
High-Demand,Morning,GA,1014,3122121222,7,661.7,0,0,0,1
High-Demand,Morning,GA,1014,3122121222,8,662.7916666666667,0,0,0,1
High-Demand,Morning,GA,1014,3122121222,9,664.425,0,0,0,0
High-Demand,Morning,GA,1014,3122121222,10,668.7916666666667,0,0,0,0
High-Demand,Morning,GA,1015,3662741725,6,655.0,3,0,3,3
High-Demand,Morning,GA,1015,3662741725,7,661.7,0,0,0,0
High-Demand,Morning,GA,1015,3662741725,8,662.7916666666667,0,0,0,0
High-Demand,Morning,GA,1015,3662741725,9,664.425,0,0,0,2
High-Demand,Morning,GA,1015,3662741725,10,668.7916666666667,0,0,0,2
High-Demand,Morning,GA,1016,2936492253,6,655.0,3,0,3,3
High-Demand,Morning,GA,1016,2936492253,7,661.7,0,0,0,1
High-Demand,Morning,GA,1016,2936492253,8,662.7916666666667,0,0,0,0
High-Demand,Morning,GA,1016,2936492253,9,664.425,0,0,0,0
High-Demand,Morning,GA,1016,2936492253,10,668.7916666666667,0,0,0,1
High-Demand,Morning,GA,1017,129473399,6,655.0,5,0,5,5
High-Demand,Morning,GA,1017,129473399,7,661.7,0,0,0,0
High-Demand,Morning,GA,1017,129473399,8,662.7916666666667,0,0,0,0
High-Demand,Morning,GA,1017,129473399,9,664.425,0,0,0,1
High-Demand,Morning,GA,1017,129473399,10,668.7916666666667,0,0,0,2
High-Demand,Morning,GA,1018,1866136011,6,655.0,0,0,0,0
High-Demand,Morning,GA,1018,1866136011,7,661.7,0,0,0,0
High-Demand,Morning,GA,1018,1866136011,8,662.7916666666667,0,0,0,0
High-Demand,Morning,GA,1018,1866136011,9,664.425,0,0,0,1
High-Demand,Morning,GA,1018,1866136011,10,668.7916666666667,0,0,0,1
High-Demand,Morning,GA,1019,4287566515,6,655.0,0,0,0,0
High-Demand,Morning,GA,1019,4287566515,7,661.7,0,0,0,2
High-Demand,Morning,GA,1019,4287566515,8,662.7916666666667,0,0,0,0
High-Demand,Morning,GA,1019,4287566515,9,664.425,0,0,0,0
High-Demand,Morning,GA,1019,4287566515,10,668.7916666666667,0,0,0,0
High-Demand,Morning,GA,1020,1395281472,6,655.0,2,0,2,2
High-Demand,Morning,GA,1020,1395281472,7,661.7,0,0,0,0
High-Demand,Morning,GA,1020,1395281472,8,662.7916666666667,0,0,0,0
High-Demand,Morning,GA,1020,1395281472,9,664.425,0,0,0,0
High-Demand,Morning,GA,1020,1395281472,10,668.7916666666667,0,0,0,1
High-Demand,Morning,GA,1021,3437867865,6,655.0,0,0,0,0
High-Demand,Morning,GA,1021,3437867865,7,661.7,0,0,0,0
High-Demand,Morning,GA,1021,3437867865,8,662.7916666666667,0,0,0,0
High-Demand,Morning,GA,1021,3437867865,9,664.425,0,0,0,0
High-Demand,Morning,GA,1021,3437867865,10,668.7916666666667,0,0,0,2
High-Demand,Morning,GA,1022,127113282,6,655.0,2,0,2,2
High-Demand,Morning,GA,1022,127113282,7,661.7,0,0,0,1
High-Demand,Morning,GA,1022,127113282,8,662.7916666666667,0,0,0,2
High-Demand,Morning,GA,1022,127113282,9,664.425,0,0,0,0
High-Demand,Morning,GA,1022,127113282,10,668.7916666666667,0,0,0,2
High-Demand,Morning,GA,1023,3924048200,6,655.0,2,0,2,2
High-Demand,Morning,GA,1023,3924048200,7,661.7,0,0,0,0
High-Demand,Morning,GA,1023,3924048200,8,662.7916666666667,0,0,0,0
High-Demand,Morning,GA,1023,3924048200,9,664.425,0,0,0,0
High-Demand,Morning,GA,1023,3924048200,10,668.7916666666667,0,0,0,1
High-Demand,Morning,GA,1024,163537029,6,655.0,1,0,1,1
High-Demand,Morning,GA,1024,163537029,7,661.7,0,0,0,0
High-Demand,Morning,GA,1024,163537029,8,662.7916666666667,0,0,0,0
High-Demand,Morning,GA,1024,163537029,9,664.425,0,0,0,1
High-Demand,Morning,GA,1024,163537029,10,668.7916666666667,0,0,0,0
High-Demand,Morning,GA,1025,1742720703,6,655.0,3,0,3,3
High-Demand,Morning,GA,1025,1742720703,7,661.7,0,0,0,0
High-Demand,Morning,GA,1025,1742720703,8,662.7916666666667,0,0,0,0
High-Demand,Morning,GA,1025,1742720703,9,664.425,0,0,0,0
High-Demand,Morning,GA,1025,1742720703,10,668.7916666666667,0,0,0,0
High-Demand,Morning,GA,1026,1522367500,6,655.0,5,0,5,5
High-Demand,Morning,GA,1026,1522367500,7,661.7,0,0,0,0
High-Demand,Morning,GA,1026,1522367500,8,662.7916666666667,0,0,0,1
High-Demand,Morning,GA,1026,1522367500,9,664.425,0,0,0,0
High-Demand,Morning,GA,1026,1522367500,10,668.7916666666667,0,0,0,0
High-Demand,Morning,GA,1027,403830989,6,655.0,1,0,1,1
High-Demand,Morning,GA,1027,403830989,7,661.7,0,0,0,1
High-Demand,Morning,GA,1027,403830989,8,662.7916666666667,0,0,0,0
High-Demand,Morning,GA,1027,403830989,9,664.425,0,0,0,0
High-Demand,Morning,GA,1027,403830989,10,668.7916666666667,0,0,0,1
High-Demand,Morning,GA,1028,1967774211,6,655.0,1,0,1,1
High-Demand,Morning,GA,1028,1967774211,7,661.7,0,0,0,0
High-Demand,Morning,GA,1028,1967774211,8,662.7916666666667,0,0,0,1
High-Demand,Morning,GA,1028,1967774211,9,664.425,0,0,0,0
High-Demand,Morning,GA,1028,1967774211,10,668.7916666666667,0,0,0,0
High-Demand,Morning,GA,1029,215896334,6,655.0,2,0,2,2
High-Demand,Morning,GA,1029,215896334,7,661.7,0,0,0,0
High-Demand,Morning,GA,1029,215896334,8,662.7916666666667,0,0,0,1
High-Demand,Morning,GA,1029,215896334,9,664.425,0,0,0,0
High-Demand,Morning,GA,1029,215896334,10,668.7916666666667,0,0,0,1
High-Demand,Morning,GA,1030,2449122539,6,655.0,2,0,2,2
High-Demand,Morning,GA,1030,2449122539,7,661.7,0,0,0,1
High-Demand,Morning,GA,1030,2449122539,8,662.7916666666667,0,0,0,0
High-Demand,Morning,GA,1030,2449122539,9,664.425,0,0,0,0
High-Demand,Morning,GA,1030,2449122539,10,668.7916666666667,0,0,0,1
High-Demand,Morning,Regularized Reference,1001,575107655,6,655.0,3,0,3,3
High-Demand,Morning,Regularized Reference,1001,575107655,7,661.7,0,0,0,0
High-Demand,Morning,Regularized Reference,1001,575107655,8,662.7916666666667,0,0,0,0
High-Demand,Morning,Regularized Reference,1001,575107655,9,664.425,0,0,0,0
High-Demand,Morning,Regularized Reference,1001,575107655,10,668.7916666666667,0,0,0,1
High-Demand,Morning,Regularized Reference,1002,868506165,6,655.0,3,0,3,3
High-Demand,Morning,Regularized Reference,1002,868506165,7,661.7,0,0,0,1
High-Demand,Morning,Regularized Reference,1002,868506165,8,662.7916666666667,0,0,0,0
High-Demand,Morning,Regularized Reference,1002,868506165,9,664.425,0,0,0,0
High-Demand,Morning,Regularized Reference,1002,868506165,10,668.7916666666667,0,0,0,0
High-Demand,Morning,Regularized Reference,1003,64261288,6,655.0,1,0,1,1
High-Demand,Morning,Regularized Reference,1003,64261288,7,661.7,0,0,0,1
High-Demand,Morning,Regularized Reference,1003,64261288,8,662.7916666666667,0,0,0,0
High-Demand,Morning,Regularized Reference,1003,64261288,9,664.425,0,0,0,0
High-Demand,Morning,Regularized Reference,1003,64261288,10,668.7916666666667,0,0,0,0
High-Demand,Morning,Regularized Reference,1004,897980844,6,655.0,2,0,2,2
High-Demand,Morning,Regularized Reference,1004,897980844,7,661.7,0,0,0,0
High-Demand,Morning,Regularized Reference,1004,897980844,8,662.7916666666667,0,0,0,0
High-Demand,Morning,Regularized Reference,1004,897980844,9,664.425,0,0,0,1
High-Demand,Morning,Regularized Reference,1004,897980844,10,668.7916666666667,0,0,0,0
High-Demand,Morning,Regularized Reference,1005,845940892,6,655.0,1,0,1,1
High-Demand,Morning,Regularized Reference,1005,845940892,7,661.7,0,0,0,3
High-Demand,Morning,Regularized Reference,1005,845940892,8,662.7916666666667,0,0,0,0
High-Demand,Morning,Regularized Reference,1005,845940892,9,664.425,0,0,0,1
High-Demand,Morning,Regularized Reference,1005,845940892,10,668.7916666666667,0,0,0,0
High-Demand,Morning,Regularized Reference,1006,66009406,6,655.0,2,0,2,2
High-Demand,Morning,Regularized Reference,1006,66009406,7,661.7,0,0,0,1
High-Demand,Morning,Regularized Reference,1006,66009406,8,662.7916666666667,0,0,0,0
High-Demand,Morning,Regularized Reference,1006,66009406,9,664.425,0,0,0,0
High-Demand,Morning,Regularized Reference,1006,66009406,10,668.7916666666667,0,0,0,0
High-Demand,Morning,Regularized Reference,1007,1241135382,6,655.0,2,0,2,2
High-Demand,Morning,Regularized Reference,1007,1241135382,7,661.7,0,0,0,0
High-Demand,Morning,Regularized Reference,1007,1241135382,8,662.7916666666667,0,0,0,1
High-Demand,Morning,Regularized Reference,1007,1241135382,9,664.425,0,0,0,0
High-Demand,Morning,Regularized Reference,1007,1241135382,10,668.7916666666667,0,0,0,0
High-Demand,Morning,Regularized Reference,1008,2905494228,6,655.0,1,0,1,1
High-Demand,Morning,Regularized Reference,1008,2905494228,7,661.7,0,0,0,1
High-Demand,Morning,Regularized Reference,1008,2905494228,8,662.7916666666667,0,0,0,1
High-Demand,Morning,Regularized Reference,1008,2905494228,9,664.425,0,0,0,0
High-Demand,Morning,Regularized Reference,1008,2905494228,10,668.7916666666667,0,0,0,1
High-Demand,Morning,Regularized Reference,1009,2526559800,6,655.0,2,0,2,2
High-Demand,Morning,Regularized Reference,1009,2526559800,7,661.7,0,0,0,1
High-Demand,Morning,Regularized Reference,1009,2526559800,8,662.7916666666667,0,0,0,1
High-Demand,Morning,Regularized Reference,1009,2526559800,9,664.425,0,0,0,0
High-Demand,Morning,Regularized Reference,1009,2526559800,10,668.7916666666667,0,0,0,1
High-Demand,Morning,Regularized Reference,1010,1291834702,6,655.0,3,0,3,3
High-Demand,Morning,Regularized Reference,1010,1291834702,7,661.7,0,0,0,1
High-Demand,Morning,Regularized Reference,1010,1291834702,8,662.7916666666667,0,0,0,0
High-Demand,Morning,Regularized Reference,1010,1291834702,9,664.425,0,0,0,1
High-Demand,Morning,Regularized Reference,1010,1291834702,10,668.7916666666667,0,0,0,0
High-Demand,Morning,Regularized Reference,1011,3581619815,6,655.0,1,0,1,1
High-Demand,Morning,Regularized Reference,1011,3581619815,7,661.7,0,0,0,1
High-Demand,Morning,Regularized Reference,1011,3581619815,8,662.7916666666667,0,0,0,0
High-Demand,Morning,Regularized Reference,1011,3581619815,9,664.425,0,0,0,0
High-Demand,Morning,Regularized Reference,1011,3581619815,10,668.7916666666667,0,0,0,1
High-Demand,Morning,Regularized Reference,1012,3651533743,6,655.0,2,0,2,2
High-Demand,Morning,Regularized Reference,1012,3651533743,7,661.7,0,0,0,0
High-Demand,Morning,Regularized Reference,1012,3651533743,8,662.7916666666667,0,0,0,1
High-Demand,Morning,Regularized Reference,1012,3651533743,9,664.425,0,0,0,1
High-Demand,Morning,Regularized Reference,1012,3651533743,10,668.7916666666667,0,0,0,1
High-Demand,Morning,Regularized Reference,1013,3932276593,6,655.0,1,0,1,1
High-Demand,Morning,Regularized Reference,1013,3932276593,7,661.7,0,0,0,0
High-Demand,Morning,Regularized Reference,1013,3932276593,8,662.7916666666667,0,0,0,0
High-Demand,Morning,Regularized Reference,1013,3932276593,9,664.425,0,0,0,2
High-Demand,Morning,Regularized Reference,1013,3932276593,10,668.7916666666667,0,0,0,1
High-Demand,Morning,Regularized Reference,1014,3122121222,6,655.0,3,0,3,3
High-Demand,Morning,Regularized Reference,1014,3122121222,7,661.7,0,0,0,1
High-Demand,Morning,Regularized Reference,1014,3122121222,8,662.7916666666667,0,0,0,1
High-Demand,Morning,Regularized Reference,1014,3122121222,9,664.425,0,0,0,0
High-Demand,Morning,Regularized Reference,1014,3122121222,10,668.7916666666667,0,0,0,0
High-Demand,Morning,Regularized Reference,1015,3662741725,6,655.0,3,0,3,3
High-Demand,Morning,Regularized Reference,1015,3662741725,7,661.7,0,0,0,0
High-Demand,Morning,Regularized Reference,1015,3662741725,8,662.7916666666667,0,0,0,0
High-Demand,Morning,Regularized Reference,1015,3662741725,9,664.425,0,0,0,2
High-Demand,Morning,Regularized Reference,1015,3662741725,10,668.7916666666667,0,0,0,2
High-Demand,Morning,Regularized Reference,1016,2936492253,6,655.0,3,0,3,3
High-Demand,Morning,Regularized Reference,1016,2936492253,7,661.7,0,0,0,1
High-Demand,Morning,Regularized Reference,1016,2936492253,8,662.7916666666667,0,0,0,0
High-Demand,Morning,Regularized Reference,1016,2936492253,9,664.425,0,0,0,0
High-Demand,Morning,Regularized Reference,1016,2936492253,10,668.7916666666667,0,0,0,1
High-Demand,Morning,Regularized Reference,1017,129473399,6,655.0,5,0,5,5
High-Demand,Morning,Regularized Reference,1017,129473399,7,661.7,0,0,0,0
High-Demand,Morning,Regularized Reference,1017,129473399,8,662.7916666666667,0,0,0,0
High-Demand,Morning,Regularized Reference,1017,129473399,9,664.425,0,0,0,1
High-Demand,Morning,Regularized Reference,1017,129473399,10,668.7916666666667,0,0,0,2
High-Demand,Morning,Regularized Reference,1018,1866136011,6,655.0,0,0,0,0
High-Demand,Morning,Regularized Reference,1018,1866136011,7,661.7,0,0,0,0
High-Demand,Morning,Regularized Reference,1018,1866136011,8,662.7916666666667,0,0,0,0
High-Demand,Morning,Regularized Reference,1018,1866136011,9,664.425,0,0,0,1
High-Demand,Morning,Regularized Reference,1018,1866136011,10,668.7916666666667,0,0,0,1
High-Demand,Morning,Regularized Reference,1019,4287566515,6,655.0,0,0,0,0
High-Demand,Morning,Regularized Reference,1019,4287566515,7,661.7,0,0,0,2
High-Demand,Morning,Regularized Reference,1019,4287566515,8,662.7916666666667,0,0,0,0
High-Demand,Morning,Regularized Reference,1019,4287566515,9,664.425,0,0,0,0
High-Demand,Morning,Regularized Reference,1019,4287566515,10,668.7916666666667,0,0,0,0
High-Demand,Morning,Regularized Reference,1020,1395281472,6,655.0,2,0,2,2
High-Demand,Morning,Regularized Reference,1020,1395281472,7,661.7,0,0,0,0
High-Demand,Morning,Regularized Reference,1020,1395281472,8,662.7916666666667,0,0,0,0
High-Demand,Morning,Regularized Reference,1020,1395281472,9,664.425,0,0,0,0
High-Demand,Morning,Regularized Reference,1020,1395281472,10,668.7916666666667,0,0,0,1
High-Demand,Morning,Regularized Reference,1021,3437867865,6,655.0,0,0,0,0
High-Demand,Morning,Regularized Reference,1021,3437867865,7,661.7,0,0,0,0
High-Demand,Morning,Regularized Reference,1021,3437867865,8,662.7916666666667,0,0,0,0
High-Demand,Morning,Regularized Reference,1021,3437867865,9,664.425,0,0,0,0
High-Demand,Morning,Regularized Reference,1021,3437867865,10,668.7916666666667,0,0,0,2
High-Demand,Morning,Regularized Reference,1022,127113282,6,655.0,2,0,2,2
High-Demand,Morning,Regularized Reference,1022,127113282,7,661.7,0,0,0,1
High-Demand,Morning,Regularized Reference,1022,127113282,8,662.7916666666667,0,0,0,2
High-Demand,Morning,Regularized Reference,1022,127113282,9,664.425,0,0,0,0
High-Demand,Morning,Regularized Reference,1022,127113282,10,668.7916666666667,0,0,0,2
High-Demand,Morning,Regularized Reference,1023,3924048200,6,655.0,2,0,2,2
High-Demand,Morning,Regularized Reference,1023,3924048200,7,661.7,0,0,0,0
High-Demand,Morning,Regularized Reference,1023,3924048200,8,662.7916666666667,0,0,0,0
High-Demand,Morning,Regularized Reference,1023,3924048200,9,664.425,0,0,0,0
High-Demand,Morning,Regularized Reference,1023,3924048200,10,668.7916666666667,0,0,0,1
High-Demand,Morning,Regularized Reference,1024,163537029,6,655.0,1,0,1,1
High-Demand,Morning,Regularized Reference,1024,163537029,7,661.7,0,0,0,0
High-Demand,Morning,Regularized Reference,1024,163537029,8,662.7916666666667,0,0,0,0
High-Demand,Morning,Regularized Reference,1024,163537029,9,664.425,0,0,0,1
High-Demand,Morning,Regularized Reference,1024,163537029,10,668.7916666666667,0,0,0,0
High-Demand,Morning,Regularized Reference,1025,1742720703,6,655.0,3,0,3,3
High-Demand,Morning,Regularized Reference,1025,1742720703,7,661.7,0,0,0,0
High-Demand,Morning,Regularized Reference,1025,1742720703,8,662.7916666666667,0,0,0,0
High-Demand,Morning,Regularized Reference,1025,1742720703,9,664.425,0,0,0,0
High-Demand,Morning,Regularized Reference,1025,1742720703,10,668.7916666666667,0,0,0,0
High-Demand,Morning,Regularized Reference,1026,1522367500,6,655.0,5,0,5,5
High-Demand,Morning,Regularized Reference,1026,1522367500,7,661.7,0,0,0,0
High-Demand,Morning,Regularized Reference,1026,1522367500,8,662.7916666666667,0,0,0,1
High-Demand,Morning,Regularized Reference,1026,1522367500,9,664.425,0,0,0,0
High-Demand,Morning,Regularized Reference,1026,1522367500,10,668.7916666666667,0,0,0,0
High-Demand,Morning,Regularized Reference,1027,403830989,6,655.0,1,0,1,1
High-Demand,Morning,Regularized Reference,1027,403830989,7,661.7,0,0,0,1
High-Demand,Morning,Regularized Reference,1027,403830989,8,662.7916666666667,0,0,0,0
High-Demand,Morning,Regularized Reference,1027,403830989,9,664.425,0,0,0,0
High-Demand,Morning,Regularized Reference,1027,403830989,10,668.7916666666667,0,0,0,1
High-Demand,Morning,Regularized Reference,1028,1967774211,6,655.0,1,0,1,1
High-Demand,Morning,Regularized Reference,1028,1967774211,7,661.7,0,0,0,0
High-Demand,Morning,Regularized Reference,1028,1967774211,8,662.7916666666667,0,0,0,1
High-Demand,Morning,Regularized Reference,1028,1967774211,9,664.425,0,0,0,0
High-Demand,Morning,Regularized Reference,1028,1967774211,10,668.7916666666667,0,0,0,0
High-Demand,Morning,Regularized Reference,1029,215896334,6,655.0,2,0,2,2
High-Demand,Morning,Regularized Reference,1029,215896334,7,661.7,0,0,0,0
High-Demand,Morning,Regularized Reference,1029,215896334,8,662.7916666666667,0,0,0,1
High-Demand,Morning,Regularized Reference,1029,215896334,9,664.425,0,0,0,0
High-Demand,Morning,Regularized Reference,1029,215896334,10,668.7916666666667,0,0,0,1
High-Demand,Morning,Regularized Reference,1030,2449122539,6,655.0,2,0,2,2
High-Demand,Morning,Regularized Reference,1030,2449122539,7,661.7,0,0,0,1
High-Demand,Morning,Regularized Reference,1030,2449122539,8,662.7916666666667,0,0,0,0
High-Demand,Morning,Regularized Reference,1030,2449122539,9,664.425,0,0,0,0
High-Demand,Morning,Regularized Reference,1030,2449122539,10,668.7916666666667,0,0,0,1
High-Demand,Morning,Demand Rule,1001,575107655,6,654.0,5,0,5,5
High-Demand,Morning,Demand Rule,1001,575107655,7,660.7,0,0,0,0
High-Demand,Morning,Demand Rule,1001,575107655,8,661.7916666666667,0,0,0,0
High-Demand,Morning,Demand Rule,1001,575107655,9,663.425,0,0,0,0
High-Demand,Morning,Demand Rule,1001,575107655,10,667.7916666666667,0,0,0,2
High-Demand,Morning,Demand Rule,1002,868506165,6,654.0,3,0,3,3
High-Demand,Morning,Demand Rule,1002,868506165,7,660.7,0,0,0,1
High-Demand,Morning,Demand Rule,1002,868506165,8,661.7916666666667,0,0,0,1
High-Demand,Morning,Demand Rule,1002,868506165,9,663.425,0,0,0,0
High-Demand,Morning,Demand Rule,1002,868506165,10,667.7916666666667,0,0,0,1
High-Demand,Morning,Demand Rule,1003,64261288,6,654.0,1,0,1,1
High-Demand,Morning,Demand Rule,1003,64261288,7,660.7,0,0,0,1
High-Demand,Morning,Demand Rule,1003,64261288,8,661.7916666666667,0,0,0,0
High-Demand,Morning,Demand Rule,1003,64261288,9,663.425,0,0,0,0
High-Demand,Morning,Demand Rule,1003,64261288,10,667.7916666666667,0,0,0,0
High-Demand,Morning,Demand Rule,1004,897980844,6,654.0,2,0,2,2
High-Demand,Morning,Demand Rule,1004,897980844,7,660.7,0,0,0,0
High-Demand,Morning,Demand Rule,1004,897980844,8,661.7916666666667,0,0,0,0
High-Demand,Morning,Demand Rule,1004,897980844,9,663.425,0,0,0,2
High-Demand,Morning,Demand Rule,1004,897980844,10,667.7916666666667,0,0,0,2
High-Demand,Morning,Demand Rule,1005,845940892,6,654.0,2,0,2,2
High-Demand,Morning,Demand Rule,1005,845940892,7,660.7,0,0,0,3
High-Demand,Morning,Demand Rule,1005,845940892,8,661.7916666666667,0,0,0,0
High-Demand,Morning,Demand Rule,1005,845940892,9,663.425,0,0,0,1
High-Demand,Morning,Demand Rule,1005,845940892,10,667.7916666666667,0,0,0,4
High-Demand,Morning,Demand Rule,1006,66009406,6,654.0,2,0,2,2
High-Demand,Morning,Demand Rule,1006,66009406,7,660.7,0,0,0,1
High-Demand,Morning,Demand Rule,1006,66009406,8,661.7916666666667,0,0,0,0
High-Demand,Morning,Demand Rule,1006,66009406,9,663.425,0,0,0,0
High-Demand,Morning,Demand Rule,1006,66009406,10,667.7916666666667,0,0,0,1
High-Demand,Morning,Demand Rule,1007,1241135382,6,654.0,2,0,2,2
High-Demand,Morning,Demand Rule,1007,1241135382,7,660.7,0,0,0,0
High-Demand,Morning,Demand Rule,1007,1241135382,8,661.7916666666667,0,0,0,1
High-Demand,Morning,Demand Rule,1007,1241135382,9,663.425,0,0,0,0
High-Demand,Morning,Demand Rule,1007,1241135382,10,667.7916666666667,0,0,0,0
High-Demand,Morning,Demand Rule,1008,2905494228,6,654.0,1,0,1,1
High-Demand,Morning,Demand Rule,1008,2905494228,7,660.7,0,0,0,1
High-Demand,Morning,Demand Rule,1008,2905494228,8,661.7916666666667,0,0,0,1
High-Demand,Morning,Demand Rule,1008,2905494228,9,663.425,0,0,0,0
High-Demand,Morning,Demand Rule,1008,2905494228,10,667.7916666666667,0,0,0,1
High-Demand,Morning,Demand Rule,1009,2526559800,6,654.0,3,0,3,3
High-Demand,Morning,Demand Rule,1009,2526559800,7,660.7,0,0,0,1
High-Demand,Morning,Demand Rule,1009,2526559800,8,661.7916666666667,0,0,0,1
High-Demand,Morning,Demand Rule,1009,2526559800,9,663.425,0,0,0,1
High-Demand,Morning,Demand Rule,1009,2526559800,10,667.7916666666667,0,0,0,3
High-Demand,Morning,Demand Rule,1010,1291834702,6,654.0,4,0,4,4
High-Demand,Morning,Demand Rule,1010,1291834702,7,660.7,0,0,0,1
High-Demand,Morning,Demand Rule,1010,1291834702,8,661.7916666666667,0,0,0,0
High-Demand,Morning,Demand Rule,1010,1291834702,9,663.425,0,0,0,1
High-Demand,Morning,Demand Rule,1010,1291834702,10,667.7916666666667,0,0,0,3
High-Demand,Morning,Demand Rule,1011,3581619815,6,654.0,2,0,2,2
High-Demand,Morning,Demand Rule,1011,3581619815,7,660.7,0,0,0,1
High-Demand,Morning,Demand Rule,1011,3581619815,8,661.7916666666667,0,0,0,0
High-Demand,Morning,Demand Rule,1011,3581619815,9,663.425,0,0,0,0
High-Demand,Morning,Demand Rule,1011,3581619815,10,667.7916666666667,0,0,0,2
High-Demand,Morning,Demand Rule,1012,3651533743,6,654.0,2,0,2,2
High-Demand,Morning,Demand Rule,1012,3651533743,7,660.7,0,0,0,0
High-Demand,Morning,Demand Rule,1012,3651533743,8,661.7916666666667,0,0,0,1
High-Demand,Morning,Demand Rule,1012,3651533743,9,663.425,0,0,0,1
High-Demand,Morning,Demand Rule,1012,3651533743,10,667.7916666666667,0,0,0,5
High-Demand,Morning,Demand Rule,1013,3932276593,6,654.0,1,0,1,1
High-Demand,Morning,Demand Rule,1013,3932276593,7,660.7,0,0,0,0
High-Demand,Morning,Demand Rule,1013,3932276593,8,661.7916666666667,0,0,0,0
High-Demand,Morning,Demand Rule,1013,3932276593,9,663.425,0,0,0,2
High-Demand,Morning,Demand Rule,1013,3932276593,10,667.7916666666667,0,0,0,5
High-Demand,Morning,Demand Rule,1014,3122121222,6,654.0,4,0,4,4
High-Demand,Morning,Demand Rule,1014,3122121222,7,660.7,0,0,0,1
High-Demand,Morning,Demand Rule,1014,3122121222,8,661.7916666666667,0,0,0,1
High-Demand,Morning,Demand Rule,1014,3122121222,9,663.425,0,0,0,1
High-Demand,Morning,Demand Rule,1014,3122121222,10,667.7916666666667,0,0,0,1
High-Demand,Morning,Demand Rule,1015,3662741725,6,654.0,4,0,4,4
High-Demand,Morning,Demand Rule,1015,3662741725,7,660.7,0,0,0,0
High-Demand,Morning,Demand Rule,1015,3662741725,8,661.7916666666667,0,0,0,0
High-Demand,Morning,Demand Rule,1015,3662741725,9,663.425,0,0,0,2
High-Demand,Morning,Demand Rule,1015,3662741725,10,667.7916666666667,0,0,0,4
High-Demand,Morning,Demand Rule,1016,2936492253,6,654.0,3,0,3,3
High-Demand,Morning,Demand Rule,1016,2936492253,7,660.7,0,0,0,1
High-Demand,Morning,Demand Rule,1016,2936492253,8,661.7916666666667,0,0,0,0
High-Demand,Morning,Demand Rule,1016,2936492253,9,663.425,0,0,0,0
High-Demand,Morning,Demand Rule,1016,2936492253,10,667.7916666666667,0,0,0,2
High-Demand,Morning,Demand Rule,1017,129473399,6,654.0,5,0,5,5
High-Demand,Morning,Demand Rule,1017,129473399,7,660.7,0,0,0,0
High-Demand,Morning,Demand Rule,1017,129473399,8,661.7916666666667,0,0,0,0
High-Demand,Morning,Demand Rule,1017,129473399,9,663.425,0,0,0,1
High-Demand,Morning,Demand Rule,1017,129473399,10,667.7916666666667,0,0,0,3
High-Demand,Morning,Demand Rule,1018,1866136011,6,654.0,0,0,0,0
High-Demand,Morning,Demand Rule,1018,1866136011,7,660.7,0,0,0,0
High-Demand,Morning,Demand Rule,1018,1866136011,8,661.7916666666667,0,0,0,0
High-Demand,Morning,Demand Rule,1018,1866136011,9,663.425,0,0,0,1
High-Demand,Morning,Demand Rule,1018,1866136011,10,667.7916666666667,0,0,0,3
High-Demand,Morning,Demand Rule,1019,4287566515,6,654.0,0,0,0,0
High-Demand,Morning,Demand Rule,1019,4287566515,7,660.7,0,0,0,2
High-Demand,Morning,Demand Rule,1019,4287566515,8,661.7916666666667,0,0,0,0
High-Demand,Morning,Demand Rule,1019,4287566515,9,663.425,0,0,0,0
High-Demand,Morning,Demand Rule,1019,4287566515,10,667.7916666666667,0,0,0,0
High-Demand,Morning,Demand Rule,1020,1395281472,6,654.0,4,0,4,4
High-Demand,Morning,Demand Rule,1020,1395281472,7,660.7,0,0,0,1
High-Demand,Morning,Demand Rule,1020,1395281472,8,661.7916666666667,0,0,0,0
High-Demand,Morning,Demand Rule,1020,1395281472,9,663.425,0,0,0,0
High-Demand,Morning,Demand Rule,1020,1395281472,10,667.7916666666667,0,0,0,3
High-Demand,Morning,Demand Rule,1021,3437867865,6,654.0,2,0,2,2
High-Demand,Morning,Demand Rule,1021,3437867865,7,660.7,0,0,0,0
High-Demand,Morning,Demand Rule,1021,3437867865,8,661.7916666666667,0,0,0,0
High-Demand,Morning,Demand Rule,1021,3437867865,9,663.425,0,0,0,0
High-Demand,Morning,Demand Rule,1021,3437867865,10,667.7916666666667,0,0,0,5
High-Demand,Morning,Demand Rule,1022,127113282,6,654.0,4,0,4,4
High-Demand,Morning,Demand Rule,1022,127113282,7,660.7,0,0,0,1
High-Demand,Morning,Demand Rule,1022,127113282,8,661.7916666666667,0,0,0,2
High-Demand,Morning,Demand Rule,1022,127113282,9,663.425,0,0,0,0
High-Demand,Morning,Demand Rule,1022,127113282,10,667.7916666666667,0,0,0,3
High-Demand,Morning,Demand Rule,1023,3924048200,6,654.0,3,0,3,3
High-Demand,Morning,Demand Rule,1023,3924048200,7,660.7,0,0,0,0
High-Demand,Morning,Demand Rule,1023,3924048200,8,661.7916666666667,0,0,0,0
High-Demand,Morning,Demand Rule,1023,3924048200,9,663.425,0,0,0,0
High-Demand,Morning,Demand Rule,1023,3924048200,10,667.7916666666667,0,0,0,3
High-Demand,Morning,Demand Rule,1024,163537029,6,654.0,1,0,1,1
High-Demand,Morning,Demand Rule,1024,163537029,7,660.7,0,0,0,0
High-Demand,Morning,Demand Rule,1024,163537029,8,661.7916666666667,0,0,0,0
High-Demand,Morning,Demand Rule,1024,163537029,9,663.425,0,0,0,1
High-Demand,Morning,Demand Rule,1024,163537029,10,667.7916666666667,0,0,0,0
High-Demand,Morning,Demand Rule,1025,1742720703,6,654.0,3,0,3,3
High-Demand,Morning,Demand Rule,1025,1742720703,7,660.7,0,0,0,0
High-Demand,Morning,Demand Rule,1025,1742720703,8,661.7916666666667,0,0,0,0
High-Demand,Morning,Demand Rule,1025,1742720703,9,663.425,0,0,0,0
High-Demand,Morning,Demand Rule,1025,1742720703,10,667.7916666666667,0,0,0,1
High-Demand,Morning,Demand Rule,1026,1522367500,6,654.0,5,0,5,5
High-Demand,Morning,Demand Rule,1026,1522367500,7,660.7,0,0,0,0
High-Demand,Morning,Demand Rule,1026,1522367500,8,661.7916666666667,0,0,0,1
High-Demand,Morning,Demand Rule,1026,1522367500,9,663.425,0,0,0,1
High-Demand,Morning,Demand Rule,1026,1522367500,10,667.7916666666667,0,0,0,2
High-Demand,Morning,Demand Rule,1027,403830989,6,654.0,2,0,2,2
High-Demand,Morning,Demand Rule,1027,403830989,7,660.7,0,0,0,1
High-Demand,Morning,Demand Rule,1027,403830989,8,661.7916666666667,0,0,0,0
High-Demand,Morning,Demand Rule,1027,403830989,9,663.425,0,0,0,0
High-Demand,Morning,Demand Rule,1027,403830989,10,667.7916666666667,0,0,0,1
High-Demand,Morning,Demand Rule,1028,1967774211,6,654.0,1,0,1,1
High-Demand,Morning,Demand Rule,1028,1967774211,7,660.7,0,0,0,0
High-Demand,Morning,Demand Rule,1028,1967774211,8,661.7916666666667,0,0,0,1
High-Demand,Morning,Demand Rule,1028,1967774211,9,663.425,0,0,0,1
High-Demand,Morning,Demand Rule,1028,1967774211,10,667.7916666666667,0,0,0,0
High-Demand,Morning,Demand Rule,1029,215896334,6,654.0,2,0,2,2
High-Demand,Morning,Demand Rule,1029,215896334,7,660.7,0,0,0,0
High-Demand,Morning,Demand Rule,1029,215896334,8,661.7916666666667,0,0,0,1
High-Demand,Morning,Demand Rule,1029,215896334,9,663.425,0,0,0,0
High-Demand,Morning,Demand Rule,1029,215896334,10,667.7916666666667,0,0,0,2
High-Demand,Morning,Demand Rule,1030,2449122539,6,654.0,3,0,3,3
High-Demand,Morning,Demand Rule,1030,2449122539,7,660.7,0,0,0,1
High-Demand,Morning,Demand Rule,1030,2449122539,8,661.7916666666667,0,0,0,0
High-Demand,Morning,Demand Rule,1030,2449122539,9,663.425,0,0,0,0
High-Demand,Morning,Demand Rule,1030,2449122539,10,667.7916666666667,0,0,0,3
High-Demand,Evening,GA,1001,575107655,6,1195.7142857142858,1,0,1,1
High-Demand,Evening,GA,1001,575107655,7,1200.6476190476192,0,0,0,0
High-Demand,Evening,GA,1001,575107655,8,1201.4476190476191,0,0,0,1
High-Demand,Evening,GA,1001,575107655,9,1202.547619047619,0,0,0,0
High-Demand,Evening,GA,1001,575107655,10,1205.4476190476191,0,0,0,0
High-Demand,Evening,GA,1002,868506165,6,1195.7142857142858,2,0,2,2
High-Demand,Evening,GA,1002,868506165,7,1200.6476190476192,0,0,0,0
High-Demand,Evening,GA,1002,868506165,8,1201.4476190476191,0,0,0,0
High-Demand,Evening,GA,1002,868506165,9,1202.547619047619,0,0,0,0
High-Demand,Evening,GA,1002,868506165,10,1205.4476190476191,0,0,0,1
High-Demand,Evening,GA,1003,64261288,6,1195.7142857142858,2,0,2,2
High-Demand,Evening,GA,1003,64261288,7,1200.6476190476192,0,0,0,0
High-Demand,Evening,GA,1003,64261288,8,1201.4476190476191,0,0,0,1
High-Demand,Evening,GA,1003,64261288,9,1202.547619047619,0,0,0,0
High-Demand,Evening,GA,1003,64261288,10,1205.4476190476191,0,0,0,1
High-Demand,Evening,GA,1004,897980844,6,1195.7142857142858,1,0,1,1
High-Demand,Evening,GA,1004,897980844,7,1200.6476190476192,0,0,0,0
High-Demand,Evening,GA,1004,897980844,8,1201.4476190476191,0,0,0,1
High-Demand,Evening,GA,1004,897980844,9,1202.547619047619,0,0,0,1
High-Demand,Evening,GA,1004,897980844,10,1205.4476190476191,0,0,0,1
High-Demand,Evening,GA,1005,845940892,6,1195.7142857142858,1,0,1,1
High-Demand,Evening,GA,1005,845940892,7,1200.6476190476192,0,0,0,0
High-Demand,Evening,GA,1005,845940892,8,1201.4476190476191,0,0,0,0
High-Demand,Evening,GA,1005,845940892,9,1202.547619047619,0,0,0,0
High-Demand,Evening,GA,1005,845940892,10,1205.4476190476191,0,0,0,0
High-Demand,Evening,GA,1006,66009406,6,1195.7142857142858,0,0,0,0
High-Demand,Evening,GA,1006,66009406,7,1200.6476190476192,0,0,0,0
High-Demand,Evening,GA,1006,66009406,8,1201.4476190476191,0,0,0,0
High-Demand,Evening,GA,1006,66009406,9,1202.547619047619,0,0,0,0
High-Demand,Evening,GA,1006,66009406,10,1205.4476190476191,0,0,0,2
High-Demand,Evening,GA,1007,1241135382,6,1195.7142857142858,1,0,1,1
High-Demand,Evening,GA,1007,1241135382,7,1200.6476190476192,0,0,0,1
High-Demand,Evening,GA,1007,1241135382,8,1201.4476190476191,0,0,0,0
High-Demand,Evening,GA,1007,1241135382,9,1202.547619047619,0,0,0,2
High-Demand,Evening,GA,1007,1241135382,10,1205.4476190476191,0,0,0,1
High-Demand,Evening,GA,1008,2905494228,6,1195.7142857142858,0,0,0,0
High-Demand,Evening,GA,1008,2905494228,7,1200.6476190476192,0,0,0,0
High-Demand,Evening,GA,1008,2905494228,8,1201.4476190476191,0,0,0,0
High-Demand,Evening,GA,1008,2905494228,9,1202.547619047619,0,0,0,0
High-Demand,Evening,GA,1008,2905494228,10,1205.4476190476191,0,0,0,1
High-Demand,Evening,GA,1009,2526559800,6,1195.7142857142858,1,0,1,1
High-Demand,Evening,GA,1009,2526559800,7,1200.6476190476192,0,0,0,0
High-Demand,Evening,GA,1009,2526559800,8,1201.4476190476191,0,0,0,0
High-Demand,Evening,GA,1009,2526559800,9,1202.547619047619,0,0,0,1
High-Demand,Evening,GA,1009,2526559800,10,1205.4476190476191,0,0,0,0
High-Demand,Evening,GA,1010,1291834702,6,1195.7142857142858,1,0,1,1
High-Demand,Evening,GA,1010,1291834702,7,1200.6476190476192,0,0,0,0
High-Demand,Evening,GA,1010,1291834702,8,1201.4476190476191,0,0,0,0
High-Demand,Evening,GA,1010,1291834702,9,1202.547619047619,0,0,0,1
High-Demand,Evening,GA,1010,1291834702,10,1205.4476190476191,0,0,0,0
High-Demand,Evening,GA,1011,3581619815,6,1195.7142857142858,1,0,1,1
High-Demand,Evening,GA,1011,3581619815,7,1200.6476190476192,0,0,0,0
High-Demand,Evening,GA,1011,3581619815,8,1201.4476190476191,0,0,0,2
High-Demand,Evening,GA,1011,3581619815,9,1202.547619047619,0,0,0,1
High-Demand,Evening,GA,1011,3581619815,10,1205.4476190476191,0,0,0,0
High-Demand,Evening,GA,1012,3651533743,6,1195.7142857142858,1,0,1,1
High-Demand,Evening,GA,1012,3651533743,7,1200.6476190476192,0,0,0,0
High-Demand,Evening,GA,1012,3651533743,8,1201.4476190476191,0,0,0,0
High-Demand,Evening,GA,1012,3651533743,9,1202.547619047619,0,0,0,1
High-Demand,Evening,GA,1012,3651533743,10,1205.4476190476191,0,0,0,2
High-Demand,Evening,GA,1013,3932276593,6,1195.7142857142858,2,0,2,2
High-Demand,Evening,GA,1013,3932276593,7,1200.6476190476192,0,0,0,1
High-Demand,Evening,GA,1013,3932276593,8,1201.4476190476191,0,0,0,2
High-Demand,Evening,GA,1013,3932276593,9,1202.547619047619,0,0,0,0
High-Demand,Evening,GA,1013,3932276593,10,1205.4476190476191,0,0,0,0
High-Demand,Evening,GA,1014,3122121222,6,1195.7142857142858,0,0,0,0
High-Demand,Evening,GA,1014,3122121222,7,1200.6476190476192,0,0,0,0
High-Demand,Evening,GA,1014,3122121222,8,1201.4476190476191,0,0,0,1
High-Demand,Evening,GA,1014,3122121222,9,1202.547619047619,0,0,0,0
High-Demand,Evening,GA,1014,3122121222,10,1205.4476190476191,0,0,0,0
High-Demand,Evening,GA,1015,3662741725,6,1195.7142857142858,3,0,3,3
High-Demand,Evening,GA,1015,3662741725,7,1200.6476190476192,0,0,0,0
High-Demand,Evening,GA,1015,3662741725,8,1201.4476190476191,0,0,0,0
High-Demand,Evening,GA,1015,3662741725,9,1202.547619047619,0,0,0,1
High-Demand,Evening,GA,1015,3662741725,10,1205.4476190476191,0,0,0,2
High-Demand,Evening,GA,1016,2936492253,6,1195.7142857142858,1,0,1,1
High-Demand,Evening,GA,1016,2936492253,7,1200.6476190476192,0,0,0,0
High-Demand,Evening,GA,1016,2936492253,8,1201.4476190476191,0,0,0,0
High-Demand,Evening,GA,1016,2936492253,9,1202.547619047619,0,0,0,0
High-Demand,Evening,GA,1016,2936492253,10,1205.4476190476191,0,0,0,1
High-Demand,Evening,GA,1017,129473399,6,1195.7142857142858,2,0,2,2
High-Demand,Evening,GA,1017,129473399,7,1200.6476190476192,0,0,0,1
High-Demand,Evening,GA,1017,129473399,8,1201.4476190476191,0,0,0,1
High-Demand,Evening,GA,1017,129473399,9,1202.547619047619,0,0,0,1
High-Demand,Evening,GA,1017,129473399,10,1205.4476190476191,0,0,0,1
High-Demand,Evening,GA,1018,1866136011,6,1195.7142857142858,2,0,2,2
High-Demand,Evening,GA,1018,1866136011,7,1200.6476190476192,0,0,0,0
High-Demand,Evening,GA,1018,1866136011,8,1201.4476190476191,0,0,0,0
High-Demand,Evening,GA,1018,1866136011,9,1202.547619047619,0,0,0,0
High-Demand,Evening,GA,1018,1866136011,10,1205.4476190476191,0,0,0,2
High-Demand,Evening,GA,1019,4287566515,6,1195.7142857142858,1,0,1,1
High-Demand,Evening,GA,1019,4287566515,7,1200.6476190476192,0,0,0,0
High-Demand,Evening,GA,1019,4287566515,8,1201.4476190476191,0,0,0,0
High-Demand,Evening,GA,1019,4287566515,9,1202.547619047619,0,0,0,0
High-Demand,Evening,GA,1019,4287566515,10,1205.4476190476191,0,0,0,0
High-Demand,Evening,GA,1020,1395281472,6,1195.7142857142858,2,0,2,2
High-Demand,Evening,GA,1020,1395281472,7,1200.6476190476192,0,0,0,0
High-Demand,Evening,GA,1020,1395281472,8,1201.4476190476191,0,0,0,0
High-Demand,Evening,GA,1020,1395281472,9,1202.547619047619,0,0,0,0
High-Demand,Evening,GA,1020,1395281472,10,1205.4476190476191,0,0,0,0
High-Demand,Evening,GA,1021,3437867865,6,1195.7142857142858,1,0,1,1
High-Demand,Evening,GA,1021,3437867865,7,1200.6476190476192,0,0,0,2
High-Demand,Evening,GA,1021,3437867865,8,1201.4476190476191,0,0,0,0
High-Demand,Evening,GA,1021,3437867865,9,1202.547619047619,0,0,0,0
High-Demand,Evening,GA,1021,3437867865,10,1205.4476190476191,0,0,0,0
High-Demand,Evening,GA,1022,127113282,6,1195.7142857142858,0,0,0,0
High-Demand,Evening,GA,1022,127113282,7,1200.6476190476192,0,0,0,0
High-Demand,Evening,GA,1022,127113282,8,1201.4476190476191,0,0,0,1
High-Demand,Evening,GA,1022,127113282,9,1202.547619047619,0,0,0,0
High-Demand,Evening,GA,1022,127113282,10,1205.4476190476191,0,0,0,2
High-Demand,Evening,GA,1023,3924048200,6,1195.7142857142858,0,0,0,0
High-Demand,Evening,GA,1023,3924048200,7,1200.6476190476192,0,0,0,0
High-Demand,Evening,GA,1023,3924048200,8,1201.4476190476191,0,0,0,0
High-Demand,Evening,GA,1023,3924048200,9,1202.547619047619,0,0,0,1
High-Demand,Evening,GA,1023,3924048200,10,1205.4476190476191,0,0,0,0
High-Demand,Evening,GA,1024,163537029,6,1195.7142857142858,0,0,0,0
High-Demand,Evening,GA,1024,163537029,7,1200.6476190476192,0,0,0,0
High-Demand,Evening,GA,1024,163537029,8,1201.4476190476191,0,0,0,0
High-Demand,Evening,GA,1024,163537029,9,1202.547619047619,0,0,0,1
High-Demand,Evening,GA,1024,163537029,10,1205.4476190476191,0,0,0,1
High-Demand,Evening,GA,1025,1742720703,6,1195.7142857142858,2,0,2,2
High-Demand,Evening,GA,1025,1742720703,7,1200.6476190476192,0,0,0,0
High-Demand,Evening,GA,1025,1742720703,8,1201.4476190476191,0,0,0,0
High-Demand,Evening,GA,1025,1742720703,9,1202.547619047619,0,0,0,0
High-Demand,Evening,GA,1025,1742720703,10,1205.4476190476191,0,0,0,2
High-Demand,Evening,GA,1026,1522367500,6,1195.7142857142858,1,0,1,1
High-Demand,Evening,GA,1026,1522367500,7,1200.6476190476192,0,0,0,1
High-Demand,Evening,GA,1026,1522367500,8,1201.4476190476191,0,0,0,1
High-Demand,Evening,GA,1026,1522367500,9,1202.547619047619,0,0,0,0
High-Demand,Evening,GA,1026,1522367500,10,1205.4476190476191,0,0,0,1
High-Demand,Evening,GA,1027,403830989,6,1195.7142857142858,0,0,0,0
High-Demand,Evening,GA,1027,403830989,7,1200.6476190476192,0,0,0,0
High-Demand,Evening,GA,1027,403830989,8,1201.4476190476191,0,0,0,0
High-Demand,Evening,GA,1027,403830989,9,1202.547619047619,0,0,0,0
High-Demand,Evening,GA,1027,403830989,10,1205.4476190476191,0,0,0,1
High-Demand,Evening,GA,1028,1967774211,6,1195.7142857142858,0,0,0,0
High-Demand,Evening,GA,1028,1967774211,7,1200.6476190476192,0,0,0,1
High-Demand,Evening,GA,1028,1967774211,8,1201.4476190476191,0,0,0,0
High-Demand,Evening,GA,1028,1967774211,9,1202.547619047619,0,0,0,0
High-Demand,Evening,GA,1028,1967774211,10,1205.4476190476191,0,0,0,1
High-Demand,Evening,GA,1029,215896334,6,1195.7142857142858,0,0,0,0
High-Demand,Evening,GA,1029,215896334,7,1200.6476190476192,0,0,0,0
High-Demand,Evening,GA,1029,215896334,8,1201.4476190476191,0,0,0,0
High-Demand,Evening,GA,1029,215896334,9,1202.547619047619,0,0,0,0
High-Demand,Evening,GA,1029,215896334,10,1205.4476190476191,0,0,0,1
High-Demand,Evening,GA,1030,2449122539,6,1195.7142857142858,3,0,3,3
High-Demand,Evening,GA,1030,2449122539,7,1200.6476190476192,0,0,0,0
High-Demand,Evening,GA,1030,2449122539,8,1201.4476190476191,0,0,0,0
High-Demand,Evening,GA,1030,2449122539,9,1202.547619047619,0,0,0,0
High-Demand,Evening,GA,1030,2449122539,10,1205.4476190476191,0,0,0,1
High-Demand,Evening,Regularized Reference,1001,575107655,6,1194.0,1,0,1,1
High-Demand,Evening,Regularized Reference,1001,575107655,7,1198.9333333333334,0,0,0,0
High-Demand,Evening,Regularized Reference,1001,575107655,8,1199.7333333333333,0,0,0,0
High-Demand,Evening,Regularized Reference,1001,575107655,9,1200.8333333333333,0,0,0,1
High-Demand,Evening,Regularized Reference,1001,575107655,10,1203.7333333333333,0,0,0,2
High-Demand,Evening,Regularized Reference,1002,868506165,6,1194.0,2,0,2,2
High-Demand,Evening,Regularized Reference,1002,868506165,7,1198.9333333333334,0,0,0,0
High-Demand,Evening,Regularized Reference,1002,868506165,8,1199.7333333333333,0,0,0,0
High-Demand,Evening,Regularized Reference,1002,868506165,9,1200.8333333333333,0,0,0,1
High-Demand,Evening,Regularized Reference,1002,868506165,10,1203.7333333333333,0,0,0,3
High-Demand,Evening,Regularized Reference,1003,64261288,6,1194.0,2,0,2,2
High-Demand,Evening,Regularized Reference,1003,64261288,7,1198.9333333333334,0,0,0,0
High-Demand,Evening,Regularized Reference,1003,64261288,8,1199.7333333333333,0,0,0,0
High-Demand,Evening,Regularized Reference,1003,64261288,9,1200.8333333333333,0,0,0,0
High-Demand,Evening,Regularized Reference,1003,64261288,10,1203.7333333333333,0,0,0,3
High-Demand,Evening,Regularized Reference,1004,897980844,6,1194.0,1,0,1,1
High-Demand,Evening,Regularized Reference,1004,897980844,7,1198.9333333333334,0,0,0,0
High-Demand,Evening,Regularized Reference,1004,897980844,8,1199.7333333333333,0,0,0,0
High-Demand,Evening,Regularized Reference,1004,897980844,9,1200.8333333333333,0,0,0,1
High-Demand,Evening,Regularized Reference,1004,897980844,10,1203.7333333333333,0,0,0,4
High-Demand,Evening,Regularized Reference,1005,845940892,6,1194.0,2,0,2,2
High-Demand,Evening,Regularized Reference,1005,845940892,7,1198.9333333333334,0,0,0,0
High-Demand,Evening,Regularized Reference,1005,845940892,8,1199.7333333333333,0,0,0,0
High-Demand,Evening,Regularized Reference,1005,845940892,9,1200.8333333333333,0,0,0,1
High-Demand,Evening,Regularized Reference,1005,845940892,10,1203.7333333333333,0,0,0,4
High-Demand,Evening,Regularized Reference,1006,66009406,6,1194.0,2,0,2,2
High-Demand,Evening,Regularized Reference,1006,66009406,7,1198.9333333333334,0,0,0,0
High-Demand,Evening,Regularized Reference,1006,66009406,8,1199.7333333333333,0,0,0,0
High-Demand,Evening,Regularized Reference,1006,66009406,9,1200.8333333333333,0,0,0,0
High-Demand,Evening,Regularized Reference,1006,66009406,10,1203.7333333333333,0,0,0,3
High-Demand,Evening,Regularized Reference,1007,1241135382,6,1194.0,2,0,2,2
High-Demand,Evening,Regularized Reference,1007,1241135382,7,1198.9333333333334,1,0,1,1
High-Demand,Evening,Regularized Reference,1007,1241135382,8,1199.7333333333333,0,0,0,0
High-Demand,Evening,Regularized Reference,1007,1241135382,9,1200.8333333333333,0,0,0,2
High-Demand,Evening,Regularized Reference,1007,1241135382,10,1203.7333333333333,0,0,0,2
High-Demand,Evening,Regularized Reference,1008,2905494228,6,1194.0,3,0,3,3
High-Demand,Evening,Regularized Reference,1008,2905494228,7,1198.9333333333334,0,0,0,0
High-Demand,Evening,Regularized Reference,1008,2905494228,8,1199.7333333333333,0,0,0,0
High-Demand,Evening,Regularized Reference,1008,2905494228,9,1200.8333333333333,0,0,0,0
High-Demand,Evening,Regularized Reference,1008,2905494228,10,1203.7333333333333,0,0,0,4
High-Demand,Evening,Regularized Reference,1009,2526559800,6,1194.0,1,0,1,1
High-Demand,Evening,Regularized Reference,1009,2526559800,7,1198.9333333333334,0,0,0,0
High-Demand,Evening,Regularized Reference,1009,2526559800,8,1199.7333333333333,0,0,0,0
High-Demand,Evening,Regularized Reference,1009,2526559800,9,1200.8333333333333,0,0,0,1
High-Demand,Evening,Regularized Reference,1009,2526559800,10,1203.7333333333333,0,0,0,3
High-Demand,Evening,Regularized Reference,1010,1291834702,6,1194.0,1,0,1,1
High-Demand,Evening,Regularized Reference,1010,1291834702,7,1198.9333333333334,0,0,0,0
High-Demand,Evening,Regularized Reference,1010,1291834702,8,1199.7333333333333,0,0,0,0
High-Demand,Evening,Regularized Reference,1010,1291834702,9,1200.8333333333333,0,0,0,1
High-Demand,Evening,Regularized Reference,1010,1291834702,10,1203.7333333333333,0,0,0,1
High-Demand,Evening,Regularized Reference,1011,3581619815,6,1194.0,1,0,1,1
High-Demand,Evening,Regularized Reference,1011,3581619815,7,1198.9333333333334,0,0,0,0
High-Demand,Evening,Regularized Reference,1011,3581619815,8,1199.7333333333333,0,0,0,0
High-Demand,Evening,Regularized Reference,1011,3581619815,9,1200.8333333333333,0,0,0,1
High-Demand,Evening,Regularized Reference,1011,3581619815,10,1203.7333333333333,0,0,0,1
High-Demand,Evening,Regularized Reference,1012,3651533743,6,1194.0,1,0,1,1
High-Demand,Evening,Regularized Reference,1012,3651533743,7,1198.9333333333334,0,0,0,0
High-Demand,Evening,Regularized Reference,1012,3651533743,8,1199.7333333333333,0,0,0,0
High-Demand,Evening,Regularized Reference,1012,3651533743,9,1200.8333333333333,0,0,0,2
High-Demand,Evening,Regularized Reference,1012,3651533743,10,1203.7333333333333,0,0,0,2
High-Demand,Evening,Regularized Reference,1013,3932276593,6,1194.0,3,0,3,3
High-Demand,Evening,Regularized Reference,1013,3932276593,7,1198.9333333333334,0,0,0,0
High-Demand,Evening,Regularized Reference,1013,3932276593,8,1199.7333333333333,0,0,0,0
High-Demand,Evening,Regularized Reference,1013,3932276593,9,1200.8333333333333,0,0,0,0
High-Demand,Evening,Regularized Reference,1013,3932276593,10,1203.7333333333333,0,0,0,0
High-Demand,Evening,Regularized Reference,1014,3122121222,6,1194.0,0,0,0,0
High-Demand,Evening,Regularized Reference,1014,3122121222,7,1198.9333333333334,0,0,0,0
High-Demand,Evening,Regularized Reference,1014,3122121222,8,1199.7333333333333,0,0,0,0
High-Demand,Evening,Regularized Reference,1014,3122121222,9,1200.8333333333333,0,0,0,1
High-Demand,Evening,Regularized Reference,1014,3122121222,10,1203.7333333333333,0,0,0,4
High-Demand,Evening,Regularized Reference,1015,3662741725,6,1194.0,4,0,4,4
High-Demand,Evening,Regularized Reference,1015,3662741725,7,1198.9333333333334,0,0,0,0
High-Demand,Evening,Regularized Reference,1015,3662741725,8,1199.7333333333333,0,0,0,0
High-Demand,Evening,Regularized Reference,1015,3662741725,9,1200.8333333333333,0,0,0,1
High-Demand,Evening,Regularized Reference,1015,3662741725,10,1203.7333333333333,0,0,0,2
High-Demand,Evening,Regularized Reference,1016,2936492253,6,1194.0,2,0,2,2
High-Demand,Evening,Regularized Reference,1016,2936492253,7,1198.9333333333334,0,0,0,0
High-Demand,Evening,Regularized Reference,1016,2936492253,8,1199.7333333333333,0,0,0,0
High-Demand,Evening,Regularized Reference,1016,2936492253,9,1200.8333333333333,0,0,0,0
High-Demand,Evening,Regularized Reference,1016,2936492253,10,1203.7333333333333,0,0,0,4
High-Demand,Evening,Regularized Reference,1017,129473399,6,1194.0,3,0,3,3
High-Demand,Evening,Regularized Reference,1017,129473399,7,1198.9333333333334,0,0,0,0
High-Demand,Evening,Regularized Reference,1017,129473399,8,1199.7333333333333,0,0,0,0
High-Demand,Evening,Regularized Reference,1017,129473399,9,1200.8333333333333,0,0,0,1
High-Demand,Evening,Regularized Reference,1017,129473399,10,1203.7333333333333,0,0,0,4
High-Demand,Evening,Regularized Reference,1018,1866136011,6,1194.0,3,0,3,3
High-Demand,Evening,Regularized Reference,1018,1866136011,7,1198.9333333333334,0,0,0,0
High-Demand,Evening,Regularized Reference,1018,1866136011,8,1199.7333333333333,0,0,0,0
High-Demand,Evening,Regularized Reference,1018,1866136011,9,1200.8333333333333,0,0,0,0
High-Demand,Evening,Regularized Reference,1018,1866136011,10,1203.7333333333333,0,0,0,3
High-Demand,Evening,Regularized Reference,1019,4287566515,6,1194.0,2,0,2,2
High-Demand,Evening,Regularized Reference,1019,4287566515,7,1198.9333333333334,0,0,0,0
High-Demand,Evening,Regularized Reference,1019,4287566515,8,1199.7333333333333,0,0,0,0
High-Demand,Evening,Regularized Reference,1019,4287566515,9,1200.8333333333333,0,0,0,0
High-Demand,Evening,Regularized Reference,1019,4287566515,10,1203.7333333333333,0,0,0,0
High-Demand,Evening,Regularized Reference,1020,1395281472,6,1194.0,2,0,2,2
High-Demand,Evening,Regularized Reference,1020,1395281472,7,1198.9333333333334,0,0,0,0
High-Demand,Evening,Regularized Reference,1020,1395281472,8,1199.7333333333333,0,0,0,0
High-Demand,Evening,Regularized Reference,1020,1395281472,9,1200.8333333333333,0,0,0,1
High-Demand,Evening,Regularized Reference,1020,1395281472,10,1203.7333333333333,0,0,0,2
High-Demand,Evening,Regularized Reference,1021,3437867865,6,1194.0,3,0,3,3
High-Demand,Evening,Regularized Reference,1021,3437867865,7,1198.9333333333334,1,0,1,1
High-Demand,Evening,Regularized Reference,1021,3437867865,8,1199.7333333333333,0,0,0,0
High-Demand,Evening,Regularized Reference,1021,3437867865,9,1200.8333333333333,0,0,0,0
High-Demand,Evening,Regularized Reference,1021,3437867865,10,1203.7333333333333,0,0,0,0
High-Demand,Evening,Regularized Reference,1022,127113282,6,1194.0,0,0,0,0
High-Demand,Evening,Regularized Reference,1022,127113282,7,1198.9333333333334,0,0,0,0
High-Demand,Evening,Regularized Reference,1022,127113282,8,1199.7333333333333,0,0,0,0
High-Demand,Evening,Regularized Reference,1022,127113282,9,1200.8333333333333,0,0,0,0
High-Demand,Evening,Regularized Reference,1022,127113282,10,1203.7333333333333,0,0,0,2
High-Demand,Evening,Regularized Reference,1023,3924048200,6,1194.0,2,0,2,2
High-Demand,Evening,Regularized Reference,1023,3924048200,7,1198.9333333333334,0,0,0,0
High-Demand,Evening,Regularized Reference,1023,3924048200,8,1199.7333333333333,0,0,0,0
High-Demand,Evening,Regularized Reference,1023,3924048200,9,1200.8333333333333,0,0,0,1
High-Demand,Evening,Regularized Reference,1023,3924048200,10,1203.7333333333333,0,0,0,1
High-Demand,Evening,Regularized Reference,1024,163537029,6,1194.0,0,0,0,0
High-Demand,Evening,Regularized Reference,1024,163537029,7,1198.9333333333334,0,0,0,0
High-Demand,Evening,Regularized Reference,1024,163537029,8,1199.7333333333333,0,0,0,0
High-Demand,Evening,Regularized Reference,1024,163537029,9,1200.8333333333333,0,0,0,2
High-Demand,Evening,Regularized Reference,1024,163537029,10,1203.7333333333333,0,0,0,1
High-Demand,Evening,Regularized Reference,1025,1742720703,6,1194.0,2,0,2,2
High-Demand,Evening,Regularized Reference,1025,1742720703,7,1198.9333333333334,0,0,0,0
High-Demand,Evening,Regularized Reference,1025,1742720703,8,1199.7333333333333,0,0,0,0
High-Demand,Evening,Regularized Reference,1025,1742720703,9,1200.8333333333333,0,0,0,0
High-Demand,Evening,Regularized Reference,1025,1742720703,10,1203.7333333333333,0,0,0,3
High-Demand,Evening,Regularized Reference,1026,1522367500,6,1194.0,1,0,1,1
High-Demand,Evening,Regularized Reference,1026,1522367500,7,1198.9333333333334,0,0,0,0
High-Demand,Evening,Regularized Reference,1026,1522367500,8,1199.7333333333333,0,0,0,0
High-Demand,Evening,Regularized Reference,1026,1522367500,9,1200.8333333333333,0,0,0,0
High-Demand,Evening,Regularized Reference,1026,1522367500,10,1203.7333333333333,0,0,0,2
High-Demand,Evening,Regularized Reference,1027,403830989,6,1194.0,1,0,1,1
High-Demand,Evening,Regularized Reference,1027,403830989,7,1198.9333333333334,0,0,0,0
High-Demand,Evening,Regularized Reference,1027,403830989,8,1199.7333333333333,0,0,0,0
High-Demand,Evening,Regularized Reference,1027,403830989,9,1200.8333333333333,0,0,0,0
High-Demand,Evening,Regularized Reference,1027,403830989,10,1203.7333333333333,0,0,0,6
High-Demand,Evening,Regularized Reference,1028,1967774211,6,1194.0,0,0,0,0
High-Demand,Evening,Regularized Reference,1028,1967774211,7,1198.9333333333334,0,0,0,0
High-Demand,Evening,Regularized Reference,1028,1967774211,8,1199.7333333333333,0,0,0,0
High-Demand,Evening,Regularized Reference,1028,1967774211,9,1200.8333333333333,0,0,0,1
High-Demand,Evening,Regularized Reference,1028,1967774211,10,1203.7333333333333,0,0,0,3
High-Demand,Evening,Regularized Reference,1029,215896334,6,1194.0,0,0,0,0
High-Demand,Evening,Regularized Reference,1029,215896334,7,1198.9333333333334,0,0,0,0
High-Demand,Evening,Regularized Reference,1029,215896334,8,1199.7333333333333,0,0,0,0
High-Demand,Evening,Regularized Reference,1029,215896334,9,1200.8333333333333,0,0,0,1
High-Demand,Evening,Regularized Reference,1029,215896334,10,1203.7333333333333,0,0,0,1
High-Demand,Evening,Regularized Reference,1030,2449122539,6,1194.0,3,0,3,3
High-Demand,Evening,Regularized Reference,1030,2449122539,7,1198.9333333333334,0,0,0,0
High-Demand,Evening,Regularized Reference,1030,2449122539,8,1199.7333333333333,0,0,0,0
High-Demand,Evening,Regularized Reference,1030,2449122539,9,1200.8333333333333,0,0,0,1
High-Demand,Evening,Regularized Reference,1030,2449122539,10,1203.7333333333333,0,0,0,3
High-Demand,Evening,Demand Rule,1001,575107655,6,1194.0,1,0,1,1
High-Demand,Evening,Demand Rule,1001,575107655,7,1198.9333333333334,0,0,0,0
High-Demand,Evening,Demand Rule,1001,575107655,8,1199.7333333333333,0,0,0,0
High-Demand,Evening,Demand Rule,1001,575107655,9,1200.8333333333333,0,0,0,1
High-Demand,Evening,Demand Rule,1001,575107655,10,1203.7333333333333,0,0,0,2
High-Demand,Evening,Demand Rule,1002,868506165,6,1194.0,2,0,2,2
High-Demand,Evening,Demand Rule,1002,868506165,7,1198.9333333333334,0,0,0,0
High-Demand,Evening,Demand Rule,1002,868506165,8,1199.7333333333333,0,0,0,0
High-Demand,Evening,Demand Rule,1002,868506165,9,1200.8333333333333,0,0,0,1
High-Demand,Evening,Demand Rule,1002,868506165,10,1203.7333333333333,0,0,0,3
High-Demand,Evening,Demand Rule,1003,64261288,6,1194.0,2,0,2,2
High-Demand,Evening,Demand Rule,1003,64261288,7,1198.9333333333334,0,0,0,0
High-Demand,Evening,Demand Rule,1003,64261288,8,1199.7333333333333,0,0,0,0
High-Demand,Evening,Demand Rule,1003,64261288,9,1200.8333333333333,0,0,0,0
High-Demand,Evening,Demand Rule,1003,64261288,10,1203.7333333333333,0,0,0,3
High-Demand,Evening,Demand Rule,1004,897980844,6,1194.0,1,0,1,1
High-Demand,Evening,Demand Rule,1004,897980844,7,1198.9333333333334,0,0,0,0
High-Demand,Evening,Demand Rule,1004,897980844,8,1199.7333333333333,0,0,0,0
High-Demand,Evening,Demand Rule,1004,897980844,9,1200.8333333333333,0,0,0,1
High-Demand,Evening,Demand Rule,1004,897980844,10,1203.7333333333333,0,0,0,4
High-Demand,Evening,Demand Rule,1005,845940892,6,1194.0,2,0,2,2
High-Demand,Evening,Demand Rule,1005,845940892,7,1198.9333333333334,0,0,0,0
High-Demand,Evening,Demand Rule,1005,845940892,8,1199.7333333333333,0,0,0,0
High-Demand,Evening,Demand Rule,1005,845940892,9,1200.8333333333333,0,0,0,1
High-Demand,Evening,Demand Rule,1005,845940892,10,1203.7333333333333,0,0,0,4
High-Demand,Evening,Demand Rule,1006,66009406,6,1194.0,2,0,2,2
High-Demand,Evening,Demand Rule,1006,66009406,7,1198.9333333333334,0,0,0,0
High-Demand,Evening,Demand Rule,1006,66009406,8,1199.7333333333333,0,0,0,0
High-Demand,Evening,Demand Rule,1006,66009406,9,1200.8333333333333,0,0,0,0
High-Demand,Evening,Demand Rule,1006,66009406,10,1203.7333333333333,0,0,0,3
High-Demand,Evening,Demand Rule,1007,1241135382,6,1194.0,2,0,2,2
High-Demand,Evening,Demand Rule,1007,1241135382,7,1198.9333333333334,1,0,1,1
High-Demand,Evening,Demand Rule,1007,1241135382,8,1199.7333333333333,0,0,0,0
High-Demand,Evening,Demand Rule,1007,1241135382,9,1200.8333333333333,0,0,0,2
High-Demand,Evening,Demand Rule,1007,1241135382,10,1203.7333333333333,0,0,0,2
High-Demand,Evening,Demand Rule,1008,2905494228,6,1194.0,3,0,3,3
High-Demand,Evening,Demand Rule,1008,2905494228,7,1198.9333333333334,0,0,0,0
High-Demand,Evening,Demand Rule,1008,2905494228,8,1199.7333333333333,0,0,0,0
High-Demand,Evening,Demand Rule,1008,2905494228,9,1200.8333333333333,0,0,0,0
High-Demand,Evening,Demand Rule,1008,2905494228,10,1203.7333333333333,0,0,0,4
High-Demand,Evening,Demand Rule,1009,2526559800,6,1194.0,1,0,1,1
High-Demand,Evening,Demand Rule,1009,2526559800,7,1198.9333333333334,0,0,0,0
High-Demand,Evening,Demand Rule,1009,2526559800,8,1199.7333333333333,0,0,0,0
High-Demand,Evening,Demand Rule,1009,2526559800,9,1200.8333333333333,0,0,0,1
High-Demand,Evening,Demand Rule,1009,2526559800,10,1203.7333333333333,0,0,0,3
High-Demand,Evening,Demand Rule,1010,1291834702,6,1194.0,1,0,1,1
High-Demand,Evening,Demand Rule,1010,1291834702,7,1198.9333333333334,0,0,0,0
High-Demand,Evening,Demand Rule,1010,1291834702,8,1199.7333333333333,0,0,0,0
High-Demand,Evening,Demand Rule,1010,1291834702,9,1200.8333333333333,0,0,0,1
High-Demand,Evening,Demand Rule,1010,1291834702,10,1203.7333333333333,0,0,0,1
High-Demand,Evening,Demand Rule,1011,3581619815,6,1194.0,1,0,1,1
High-Demand,Evening,Demand Rule,1011,3581619815,7,1198.9333333333334,0,0,0,0
High-Demand,Evening,Demand Rule,1011,3581619815,8,1199.7333333333333,0,0,0,0
High-Demand,Evening,Demand Rule,1011,3581619815,9,1200.8333333333333,0,0,0,1
High-Demand,Evening,Demand Rule,1011,3581619815,10,1203.7333333333333,0,0,0,1
High-Demand,Evening,Demand Rule,1012,3651533743,6,1194.0,1,0,1,1
High-Demand,Evening,Demand Rule,1012,3651533743,7,1198.9333333333334,0,0,0,0
High-Demand,Evening,Demand Rule,1012,3651533743,8,1199.7333333333333,0,0,0,0
High-Demand,Evening,Demand Rule,1012,3651533743,9,1200.8333333333333,0,0,0,2
High-Demand,Evening,Demand Rule,1012,3651533743,10,1203.7333333333333,0,0,0,2
High-Demand,Evening,Demand Rule,1013,3932276593,6,1194.0,3,0,3,3
High-Demand,Evening,Demand Rule,1013,3932276593,7,1198.9333333333334,0,0,0,0
High-Demand,Evening,Demand Rule,1013,3932276593,8,1199.7333333333333,0,0,0,0
High-Demand,Evening,Demand Rule,1013,3932276593,9,1200.8333333333333,0,0,0,0
High-Demand,Evening,Demand Rule,1013,3932276593,10,1203.7333333333333,0,0,0,0
High-Demand,Evening,Demand Rule,1014,3122121222,6,1194.0,0,0,0,0
High-Demand,Evening,Demand Rule,1014,3122121222,7,1198.9333333333334,0,0,0,0
High-Demand,Evening,Demand Rule,1014,3122121222,8,1199.7333333333333,0,0,0,0
High-Demand,Evening,Demand Rule,1014,3122121222,9,1200.8333333333333,0,0,0,1
High-Demand,Evening,Demand Rule,1014,3122121222,10,1203.7333333333333,0,0,0,4
High-Demand,Evening,Demand Rule,1015,3662741725,6,1194.0,4,0,4,4
High-Demand,Evening,Demand Rule,1015,3662741725,7,1198.9333333333334,0,0,0,0
High-Demand,Evening,Demand Rule,1015,3662741725,8,1199.7333333333333,0,0,0,0
High-Demand,Evening,Demand Rule,1015,3662741725,9,1200.8333333333333,0,0,0,1
High-Demand,Evening,Demand Rule,1015,3662741725,10,1203.7333333333333,0,0,0,2
High-Demand,Evening,Demand Rule,1016,2936492253,6,1194.0,2,0,2,2
High-Demand,Evening,Demand Rule,1016,2936492253,7,1198.9333333333334,0,0,0,0
High-Demand,Evening,Demand Rule,1016,2936492253,8,1199.7333333333333,0,0,0,0
High-Demand,Evening,Demand Rule,1016,2936492253,9,1200.8333333333333,0,0,0,0
High-Demand,Evening,Demand Rule,1016,2936492253,10,1203.7333333333333,0,0,0,4
High-Demand,Evening,Demand Rule,1017,129473399,6,1194.0,3,0,3,3
High-Demand,Evening,Demand Rule,1017,129473399,7,1198.9333333333334,0,0,0,0
High-Demand,Evening,Demand Rule,1017,129473399,8,1199.7333333333333,0,0,0,0
High-Demand,Evening,Demand Rule,1017,129473399,9,1200.8333333333333,0,0,0,1
High-Demand,Evening,Demand Rule,1017,129473399,10,1203.7333333333333,0,0,0,4
High-Demand,Evening,Demand Rule,1018,1866136011,6,1194.0,3,0,3,3
High-Demand,Evening,Demand Rule,1018,1866136011,7,1198.9333333333334,0,0,0,0
High-Demand,Evening,Demand Rule,1018,1866136011,8,1199.7333333333333,0,0,0,0
High-Demand,Evening,Demand Rule,1018,1866136011,9,1200.8333333333333,0,0,0,0
High-Demand,Evening,Demand Rule,1018,1866136011,10,1203.7333333333333,0,0,0,3
High-Demand,Evening,Demand Rule,1019,4287566515,6,1194.0,2,0,2,2
High-Demand,Evening,Demand Rule,1019,4287566515,7,1198.9333333333334,0,0,0,0
High-Demand,Evening,Demand Rule,1019,4287566515,8,1199.7333333333333,0,0,0,0
High-Demand,Evening,Demand Rule,1019,4287566515,9,1200.8333333333333,0,0,0,0
High-Demand,Evening,Demand Rule,1019,4287566515,10,1203.7333333333333,0,0,0,0
High-Demand,Evening,Demand Rule,1020,1395281472,6,1194.0,2,0,2,2
High-Demand,Evening,Demand Rule,1020,1395281472,7,1198.9333333333334,0,0,0,0
High-Demand,Evening,Demand Rule,1020,1395281472,8,1199.7333333333333,0,0,0,0
High-Demand,Evening,Demand Rule,1020,1395281472,9,1200.8333333333333,0,0,0,1
High-Demand,Evening,Demand Rule,1020,1395281472,10,1203.7333333333333,0,0,0,2
High-Demand,Evening,Demand Rule,1021,3437867865,6,1194.0,3,0,3,3
High-Demand,Evening,Demand Rule,1021,3437867865,7,1198.9333333333334,1,0,1,1
High-Demand,Evening,Demand Rule,1021,3437867865,8,1199.7333333333333,0,0,0,0
High-Demand,Evening,Demand Rule,1021,3437867865,9,1200.8333333333333,0,0,0,0
High-Demand,Evening,Demand Rule,1021,3437867865,10,1203.7333333333333,0,0,0,0
High-Demand,Evening,Demand Rule,1022,127113282,6,1194.0,0,0,0,0
High-Demand,Evening,Demand Rule,1022,127113282,7,1198.9333333333334,0,0,0,0
High-Demand,Evening,Demand Rule,1022,127113282,8,1199.7333333333333,0,0,0,0
High-Demand,Evening,Demand Rule,1022,127113282,9,1200.8333333333333,0,0,0,0
High-Demand,Evening,Demand Rule,1022,127113282,10,1203.7333333333333,0,0,0,2
High-Demand,Evening,Demand Rule,1023,3924048200,6,1194.0,2,0,2,2
High-Demand,Evening,Demand Rule,1023,3924048200,7,1198.9333333333334,0,0,0,0
High-Demand,Evening,Demand Rule,1023,3924048200,8,1199.7333333333333,0,0,0,0
High-Demand,Evening,Demand Rule,1023,3924048200,9,1200.8333333333333,0,0,0,1
High-Demand,Evening,Demand Rule,1023,3924048200,10,1203.7333333333333,0,0,0,1
High-Demand,Evening,Demand Rule,1024,163537029,6,1194.0,0,0,0,0
High-Demand,Evening,Demand Rule,1024,163537029,7,1198.9333333333334,0,0,0,0
High-Demand,Evening,Demand Rule,1024,163537029,8,1199.7333333333333,0,0,0,0
High-Demand,Evening,Demand Rule,1024,163537029,9,1200.8333333333333,0,0,0,2
High-Demand,Evening,Demand Rule,1024,163537029,10,1203.7333333333333,0,0,0,1
High-Demand,Evening,Demand Rule,1025,1742720703,6,1194.0,2,0,2,2
High-Demand,Evening,Demand Rule,1025,1742720703,7,1198.9333333333334,0,0,0,0
High-Demand,Evening,Demand Rule,1025,1742720703,8,1199.7333333333333,0,0,0,0
High-Demand,Evening,Demand Rule,1025,1742720703,9,1200.8333333333333,0,0,0,0
High-Demand,Evening,Demand Rule,1025,1742720703,10,1203.7333333333333,0,0,0,3
High-Demand,Evening,Demand Rule,1026,1522367500,6,1194.0,1,0,1,1
High-Demand,Evening,Demand Rule,1026,1522367500,7,1198.9333333333334,0,0,0,0
High-Demand,Evening,Demand Rule,1026,1522367500,8,1199.7333333333333,0,0,0,0
High-Demand,Evening,Demand Rule,1026,1522367500,9,1200.8333333333333,0,0,0,0
High-Demand,Evening,Demand Rule,1026,1522367500,10,1203.7333333333333,0,0,0,2
High-Demand,Evening,Demand Rule,1027,403830989,6,1194.0,1,0,1,1
High-Demand,Evening,Demand Rule,1027,403830989,7,1198.9333333333334,0,0,0,0
High-Demand,Evening,Demand Rule,1027,403830989,8,1199.7333333333333,0,0,0,0
High-Demand,Evening,Demand Rule,1027,403830989,9,1200.8333333333333,0,0,0,0
High-Demand,Evening,Demand Rule,1027,403830989,10,1203.7333333333333,0,0,0,6
High-Demand,Evening,Demand Rule,1028,1967774211,6,1194.0,0,0,0,0
High-Demand,Evening,Demand Rule,1028,1967774211,7,1198.9333333333334,0,0,0,0
High-Demand,Evening,Demand Rule,1028,1967774211,8,1199.7333333333333,0,0,0,0
High-Demand,Evening,Demand Rule,1028,1967774211,9,1200.8333333333333,0,0,0,1
High-Demand,Evening,Demand Rule,1028,1967774211,10,1203.7333333333333,0,0,0,3
High-Demand,Evening,Demand Rule,1029,215896334,6,1194.0,0,0,0,0
High-Demand,Evening,Demand Rule,1029,215896334,7,1198.9333333333334,0,0,0,0
High-Demand,Evening,Demand Rule,1029,215896334,8,1199.7333333333333,0,0,0,0
High-Demand,Evening,Demand Rule,1029,215896334,9,1200.8333333333333,0,0,0,1
High-Demand,Evening,Demand Rule,1029,215896334,10,1203.7333333333333,0,0,0,1
High-Demand,Evening,Demand Rule,1030,2449122539,6,1194.0,3,0,3,3
High-Demand,Evening,Demand Rule,1030,2449122539,7,1198.9333333333334,0,0,0,0
High-Demand,Evening,Demand Rule,1030,2449122539,8,1199.7333333333333,0,0,0,0
High-Demand,Evening,Demand Rule,1030,2449122539,9,1200.8333333333333,0,0,0,1
High-Demand,Evening,Demand Rule,1030,2449122539,10,1203.7333333333333,0,0,0,3
Reduced-Service,Morning,GA,1001,575107655,6,654.0,4,0,4,4
Reduced-Service,Morning,GA,1001,575107655,7,660.7,0,0,0,0
Reduced-Service,Morning,GA,1001,575107655,8,661.7916666666667,0,0,0,0
Reduced-Service,Morning,GA,1001,575107655,9,663.425,0,0,0,0
Reduced-Service,Morning,GA,1001,575107655,10,667.7916666666667,0,0,0,1
Reduced-Service,Morning,GA,1002,868506165,6,654.0,1,0,1,1
Reduced-Service,Morning,GA,1002,868506165,7,660.7,0,0,0,1
Reduced-Service,Morning,GA,1002,868506165,8,661.7916666666667,0,0,0,0
Reduced-Service,Morning,GA,1002,868506165,9,663.425,0,0,0,0
Reduced-Service,Morning,GA,1002,868506165,10,667.7916666666667,0,0,0,1
Reduced-Service,Morning,GA,1003,64261288,6,654.0,0,0,0,0
Reduced-Service,Morning,GA,1003,64261288,7,660.7,0,0,0,1
Reduced-Service,Morning,GA,1003,64261288,8,661.7916666666667,0,0,0,0
Reduced-Service,Morning,GA,1003,64261288,9,663.425,0,0,0,0
Reduced-Service,Morning,GA,1003,64261288,10,667.7916666666667,0,0,0,0
Reduced-Service,Morning,GA,1004,897980844,6,654.0,2,0,2,2
Reduced-Service,Morning,GA,1004,897980844,7,660.7,0,0,0,0
Reduced-Service,Morning,GA,1004,897980844,8,661.7916666666667,0,0,0,0
Reduced-Service,Morning,GA,1004,897980844,9,663.425,0,0,0,1
Reduced-Service,Morning,GA,1004,897980844,10,667.7916666666667,0,0,0,1
Reduced-Service,Morning,GA,1005,845940892,6,654.0,1,0,1,1
Reduced-Service,Morning,GA,1005,845940892,7,660.7,0,0,0,2
Reduced-Service,Morning,GA,1005,845940892,8,661.7916666666667,0,0,0,0
Reduced-Service,Morning,GA,1005,845940892,9,663.425,0,0,0,0
Reduced-Service,Morning,GA,1005,845940892,10,667.7916666666667,0,0,0,2
Reduced-Service,Morning,GA,1006,66009406,6,654.0,2,0,2,2
Reduced-Service,Morning,GA,1006,66009406,7,660.7,0,0,0,1
Reduced-Service,Morning,GA,1006,66009406,8,661.7916666666667,0,0,0,0
Reduced-Service,Morning,GA,1006,66009406,9,663.425,0,0,0,0
Reduced-Service,Morning,GA,1006,66009406,10,667.7916666666667,0,0,0,1
Reduced-Service,Morning,GA,1007,1241135382,6,654.0,1,0,1,1
Reduced-Service,Morning,GA,1007,1241135382,7,660.7,0,0,0,0
Reduced-Service,Morning,GA,1007,1241135382,8,661.7916666666667,0,0,0,1
Reduced-Service,Morning,GA,1007,1241135382,9,663.425,0,0,0,0
Reduced-Service,Morning,GA,1007,1241135382,10,667.7916666666667,0,0,0,0
Reduced-Service,Morning,GA,1008,2905494228,6,654.0,1,0,1,1
Reduced-Service,Morning,GA,1008,2905494228,7,660.7,0,0,0,1
Reduced-Service,Morning,GA,1008,2905494228,8,661.7916666666667,0,0,0,1
Reduced-Service,Morning,GA,1008,2905494228,9,663.425,0,0,0,0
Reduced-Service,Morning,GA,1008,2905494228,10,667.7916666666667,0,0,0,1
Reduced-Service,Morning,GA,1009,2526559800,6,654.0,0,0,0,0
Reduced-Service,Morning,GA,1009,2526559800,7,660.7,0,0,0,0
Reduced-Service,Morning,GA,1009,2526559800,8,661.7916666666667,0,0,0,1
Reduced-Service,Morning,GA,1009,2526559800,9,663.425,0,0,0,1
Reduced-Service,Morning,GA,1009,2526559800,10,667.7916666666667,0,0,0,2
Reduced-Service,Morning,GA,1010,1291834702,6,654.0,4,0,4,4
Reduced-Service,Morning,GA,1010,1291834702,7,660.7,0,0,0,1
Reduced-Service,Morning,GA,1010,1291834702,8,661.7916666666667,0,0,0,0
Reduced-Service,Morning,GA,1010,1291834702,9,663.425,0,0,0,1
Reduced-Service,Morning,GA,1010,1291834702,10,667.7916666666667,0,0,0,3
Reduced-Service,Morning,GA,1011,3581619815,6,654.0,1,0,1,1
Reduced-Service,Morning,GA,1011,3581619815,7,660.7,0,0,0,0
Reduced-Service,Morning,GA,1011,3581619815,8,661.7916666666667,0,0,0,0
Reduced-Service,Morning,GA,1011,3581619815,9,663.425,0,0,0,0
Reduced-Service,Morning,GA,1011,3581619815,10,667.7916666666667,0,0,0,1
Reduced-Service,Morning,GA,1012,3651533743,6,654.0,0,0,0,0
Reduced-Service,Morning,GA,1012,3651533743,7,660.7,0,0,0,0
Reduced-Service,Morning,GA,1012,3651533743,8,661.7916666666667,0,0,0,1
Reduced-Service,Morning,GA,1012,3651533743,9,663.425,0,0,0,0
Reduced-Service,Morning,GA,1012,3651533743,10,667.7916666666667,0,0,0,3
Reduced-Service,Morning,GA,1013,3932276593,6,654.0,0,0,0,0
Reduced-Service,Morning,GA,1013,3932276593,7,660.7,0,0,0,0
Reduced-Service,Morning,GA,1013,3932276593,8,661.7916666666667,0,0,0,0
Reduced-Service,Morning,GA,1013,3932276593,9,663.425,0,0,0,1
Reduced-Service,Morning,GA,1013,3932276593,10,667.7916666666667,0,0,0,4
Reduced-Service,Morning,GA,1014,3122121222,6,654.0,3,0,3,3
Reduced-Service,Morning,GA,1014,3122121222,7,660.7,0,0,0,1
Reduced-Service,Morning,GA,1014,3122121222,8,661.7916666666667,0,0,0,1
Reduced-Service,Morning,GA,1014,3122121222,9,663.425,0,0,0,0
Reduced-Service,Morning,GA,1014,3122121222,10,667.7916666666667,0,0,0,1
Reduced-Service,Morning,GA,1015,3662741725,6,654.0,3,0,3,3
Reduced-Service,Morning,GA,1015,3662741725,7,660.7,0,0,0,0
Reduced-Service,Morning,GA,1015,3662741725,8,661.7916666666667,0,0,0,0
Reduced-Service,Morning,GA,1015,3662741725,9,663.425,0,0,0,2
Reduced-Service,Morning,GA,1015,3662741725,10,667.7916666666667,0,0,0,4
Reduced-Service,Morning,GA,1016,2936492253,6,654.0,3,0,3,3
Reduced-Service,Morning,GA,1016,2936492253,7,660.7,0,0,0,0
Reduced-Service,Morning,GA,1016,2936492253,8,661.7916666666667,0,0,0,0
Reduced-Service,Morning,GA,1016,2936492253,9,663.425,0,0,0,0
Reduced-Service,Morning,GA,1016,2936492253,10,667.7916666666667,0,0,0,2
Reduced-Service,Morning,GA,1017,129473399,6,654.0,4,0,4,4
Reduced-Service,Morning,GA,1017,129473399,7,660.7,0,0,0,0
Reduced-Service,Morning,GA,1017,129473399,8,661.7916666666667,0,0,0,0
Reduced-Service,Morning,GA,1017,129473399,9,663.425,0,0,0,1
Reduced-Service,Morning,GA,1017,129473399,10,667.7916666666667,0,0,0,2
Reduced-Service,Morning,GA,1018,1866136011,6,654.0,0,0,0,0
Reduced-Service,Morning,GA,1018,1866136011,7,660.7,0,0,0,0
Reduced-Service,Morning,GA,1018,1866136011,8,661.7916666666667,0,0,0,0
Reduced-Service,Morning,GA,1018,1866136011,9,663.425,0,0,0,1
Reduced-Service,Morning,GA,1018,1866136011,10,667.7916666666667,0,0,0,3
Reduced-Service,Morning,GA,1019,4287566515,6,654.0,0,0,0,0
Reduced-Service,Morning,GA,1019,4287566515,7,660.7,0,0,0,2
Reduced-Service,Morning,GA,1019,4287566515,8,661.7916666666667,0,0,0,0
Reduced-Service,Morning,GA,1019,4287566515,9,663.425,0,0,0,0
Reduced-Service,Morning,GA,1019,4287566515,10,667.7916666666667,0,0,0,0
Reduced-Service,Morning,GA,1020,1395281472,6,654.0,4,0,4,4
Reduced-Service,Morning,GA,1020,1395281472,7,660.7,0,0,0,1
Reduced-Service,Morning,GA,1020,1395281472,8,661.7916666666667,0,0,0,0
Reduced-Service,Morning,GA,1020,1395281472,9,663.425,0,0,0,0
Reduced-Service,Morning,GA,1020,1395281472,10,667.7916666666667,0,0,0,2
Reduced-Service,Morning,GA,1021,3437867865,6,654.0,0,0,0,0
Reduced-Service,Morning,GA,1021,3437867865,7,660.7,0,0,0,0
Reduced-Service,Morning,GA,1021,3437867865,8,661.7916666666667,0,0,0,0
Reduced-Service,Morning,GA,1021,3437867865,9,663.425,0,0,0,0
Reduced-Service,Morning,GA,1021,3437867865,10,667.7916666666667,0,0,0,3
Reduced-Service,Morning,GA,1022,127113282,6,654.0,1,0,1,1
Reduced-Service,Morning,GA,1022,127113282,7,660.7,0,0,0,1
Reduced-Service,Morning,GA,1022,127113282,8,661.7916666666667,0,0,0,1
Reduced-Service,Morning,GA,1022,127113282,9,663.425,0,0,0,0
Reduced-Service,Morning,GA,1022,127113282,10,667.7916666666667,0,0,0,3
Reduced-Service,Morning,GA,1023,3924048200,6,654.0,2,0,2,2
Reduced-Service,Morning,GA,1023,3924048200,7,660.7,0,0,0,0
Reduced-Service,Morning,GA,1023,3924048200,8,661.7916666666667,0,0,0,0
Reduced-Service,Morning,GA,1023,3924048200,9,663.425,0,0,0,0
Reduced-Service,Morning,GA,1023,3924048200,10,667.7916666666667,0,0,0,2
Reduced-Service,Morning,GA,1024,163537029,6,654.0,0,0,0,0
Reduced-Service,Morning,GA,1024,163537029,7,660.7,0,0,0,0
Reduced-Service,Morning,GA,1024,163537029,8,661.7916666666667,0,0,0,0
Reduced-Service,Morning,GA,1024,163537029,9,663.425,0,0,0,0
Reduced-Service,Morning,GA,1024,163537029,10,667.7916666666667,0,0,0,0
Reduced-Service,Morning,GA,1025,1742720703,6,654.0,2,0,2,2
Reduced-Service,Morning,GA,1025,1742720703,7,660.7,0,0,0,0
Reduced-Service,Morning,GA,1025,1742720703,8,661.7916666666667,0,0,0,0
Reduced-Service,Morning,GA,1025,1742720703,9,663.425,0,0,0,0
Reduced-Service,Morning,GA,1025,1742720703,10,667.7916666666667,0,0,0,1
Reduced-Service,Morning,GA,1026,1522367500,6,654.0,3,0,3,3
Reduced-Service,Morning,GA,1026,1522367500,7,660.7,0,0,0,0
Reduced-Service,Morning,GA,1026,1522367500,8,661.7916666666667,0,0,0,1
Reduced-Service,Morning,GA,1026,1522367500,9,663.425,0,0,0,1
Reduced-Service,Morning,GA,1026,1522367500,10,667.7916666666667,0,0,0,2
Reduced-Service,Morning,GA,1027,403830989,6,654.0,1,0,1,1
Reduced-Service,Morning,GA,1027,403830989,7,660.7,0,0,0,0
Reduced-Service,Morning,GA,1027,403830989,8,661.7916666666667,0,0,0,0
Reduced-Service,Morning,GA,1027,403830989,9,663.425,0,0,0,0
Reduced-Service,Morning,GA,1027,403830989,10,667.7916666666667,0,0,0,1
Reduced-Service,Morning,GA,1028,1967774211,6,654.0,1,0,1,1
Reduced-Service,Morning,GA,1028,1967774211,7,660.7,0,0,0,0
Reduced-Service,Morning,GA,1028,1967774211,8,661.7916666666667,0,0,0,1
Reduced-Service,Morning,GA,1028,1967774211,9,663.425,0,0,0,1
Reduced-Service,Morning,GA,1028,1967774211,10,667.7916666666667,0,0,0,0
Reduced-Service,Morning,GA,1029,215896334,6,654.0,1,0,1,1
Reduced-Service,Morning,GA,1029,215896334,7,660.7,0,0,0,0
Reduced-Service,Morning,GA,1029,215896334,8,661.7916666666667,0,0,0,1
Reduced-Service,Morning,GA,1029,215896334,9,663.425,0,0,0,0
Reduced-Service,Morning,GA,1029,215896334,10,667.7916666666667,0,0,0,2
Reduced-Service,Morning,GA,1030,2449122539,6,654.0,2,0,2,2
Reduced-Service,Morning,GA,1030,2449122539,7,660.7,0,0,0,1
Reduced-Service,Morning,GA,1030,2449122539,8,661.7916666666667,0,0,0,0
Reduced-Service,Morning,GA,1030,2449122539,9,663.425,0,0,0,0
Reduced-Service,Morning,GA,1030,2449122539,10,667.7916666666667,0,0,0,2
Reduced-Service,Morning,Regularized Reference,1001,575107655,6,654.0,4,0,4,4
Reduced-Service,Morning,Regularized Reference,1001,575107655,7,660.7,0,0,0,0
Reduced-Service,Morning,Regularized Reference,1001,575107655,8,661.7916666666667,0,0,0,0
Reduced-Service,Morning,Regularized Reference,1001,575107655,9,663.425,0,0,0,0
Reduced-Service,Morning,Regularized Reference,1001,575107655,10,667.7916666666667,0,0,0,1
Reduced-Service,Morning,Regularized Reference,1002,868506165,6,654.0,1,0,1,1
Reduced-Service,Morning,Regularized Reference,1002,868506165,7,660.7,0,0,0,1
Reduced-Service,Morning,Regularized Reference,1002,868506165,8,661.7916666666667,0,0,0,0
Reduced-Service,Morning,Regularized Reference,1002,868506165,9,663.425,0,0,0,0
Reduced-Service,Morning,Regularized Reference,1002,868506165,10,667.7916666666667,0,0,0,1
Reduced-Service,Morning,Regularized Reference,1003,64261288,6,654.0,0,0,0,0
Reduced-Service,Morning,Regularized Reference,1003,64261288,7,660.7,0,0,0,1
Reduced-Service,Morning,Regularized Reference,1003,64261288,8,661.7916666666667,0,0,0,0
Reduced-Service,Morning,Regularized Reference,1003,64261288,9,663.425,0,0,0,0
Reduced-Service,Morning,Regularized Reference,1003,64261288,10,667.7916666666667,0,0,0,0
Reduced-Service,Morning,Regularized Reference,1004,897980844,6,654.0,2,0,2,2
Reduced-Service,Morning,Regularized Reference,1004,897980844,7,660.7,0,0,0,0
Reduced-Service,Morning,Regularized Reference,1004,897980844,8,661.7916666666667,0,0,0,0
Reduced-Service,Morning,Regularized Reference,1004,897980844,9,663.425,0,0,0,1
Reduced-Service,Morning,Regularized Reference,1004,897980844,10,667.7916666666667,0,0,0,1
Reduced-Service,Morning,Regularized Reference,1005,845940892,6,654.0,1,0,1,1
Reduced-Service,Morning,Regularized Reference,1005,845940892,7,660.7,0,0,0,2
Reduced-Service,Morning,Regularized Reference,1005,845940892,8,661.7916666666667,0,0,0,0
Reduced-Service,Morning,Regularized Reference,1005,845940892,9,663.425,0,0,0,0
Reduced-Service,Morning,Regularized Reference,1005,845940892,10,667.7916666666667,0,0,0,2
Reduced-Service,Morning,Regularized Reference,1006,66009406,6,654.0,2,0,2,2
Reduced-Service,Morning,Regularized Reference,1006,66009406,7,660.7,0,0,0,1
Reduced-Service,Morning,Regularized Reference,1006,66009406,8,661.7916666666667,0,0,0,0
Reduced-Service,Morning,Regularized Reference,1006,66009406,9,663.425,0,0,0,0
Reduced-Service,Morning,Regularized Reference,1006,66009406,10,667.7916666666667,0,0,0,1
Reduced-Service,Morning,Regularized Reference,1007,1241135382,6,654.0,1,0,1,1
Reduced-Service,Morning,Regularized Reference,1007,1241135382,7,660.7,0,0,0,0
Reduced-Service,Morning,Regularized Reference,1007,1241135382,8,661.7916666666667,0,0,0,1
Reduced-Service,Morning,Regularized Reference,1007,1241135382,9,663.425,0,0,0,0
Reduced-Service,Morning,Regularized Reference,1007,1241135382,10,667.7916666666667,0,0,0,0
Reduced-Service,Morning,Regularized Reference,1008,2905494228,6,654.0,1,0,1,1
Reduced-Service,Morning,Regularized Reference,1008,2905494228,7,660.7,0,0,0,1
Reduced-Service,Morning,Regularized Reference,1008,2905494228,8,661.7916666666667,0,0,0,1
Reduced-Service,Morning,Regularized Reference,1008,2905494228,9,663.425,0,0,0,0
Reduced-Service,Morning,Regularized Reference,1008,2905494228,10,667.7916666666667,0,0,0,1
Reduced-Service,Morning,Regularized Reference,1009,2526559800,6,654.0,0,0,0,0
Reduced-Service,Morning,Regularized Reference,1009,2526559800,7,660.7,0,0,0,0
Reduced-Service,Morning,Regularized Reference,1009,2526559800,8,661.7916666666667,0,0,0,1
Reduced-Service,Morning,Regularized Reference,1009,2526559800,9,663.425,0,0,0,1
Reduced-Service,Morning,Regularized Reference,1009,2526559800,10,667.7916666666667,0,0,0,2
Reduced-Service,Morning,Regularized Reference,1010,1291834702,6,654.0,4,0,4,4
Reduced-Service,Morning,Regularized Reference,1010,1291834702,7,660.7,0,0,0,1
Reduced-Service,Morning,Regularized Reference,1010,1291834702,8,661.7916666666667,0,0,0,0
Reduced-Service,Morning,Regularized Reference,1010,1291834702,9,663.425,0,0,0,1
Reduced-Service,Morning,Regularized Reference,1010,1291834702,10,667.7916666666667,0,0,0,3
Reduced-Service,Morning,Regularized Reference,1011,3581619815,6,654.0,1,0,1,1
Reduced-Service,Morning,Regularized Reference,1011,3581619815,7,660.7,0,0,0,0
Reduced-Service,Morning,Regularized Reference,1011,3581619815,8,661.7916666666667,0,0,0,0
Reduced-Service,Morning,Regularized Reference,1011,3581619815,9,663.425,0,0,0,0
Reduced-Service,Morning,Regularized Reference,1011,3581619815,10,667.7916666666667,0,0,0,1
Reduced-Service,Morning,Regularized Reference,1012,3651533743,6,654.0,0,0,0,0
Reduced-Service,Morning,Regularized Reference,1012,3651533743,7,660.7,0,0,0,0
Reduced-Service,Morning,Regularized Reference,1012,3651533743,8,661.7916666666667,0,0,0,1
Reduced-Service,Morning,Regularized Reference,1012,3651533743,9,663.425,0,0,0,0
Reduced-Service,Morning,Regularized Reference,1012,3651533743,10,667.7916666666667,0,0,0,3
Reduced-Service,Morning,Regularized Reference,1013,3932276593,6,654.0,0,0,0,0
Reduced-Service,Morning,Regularized Reference,1013,3932276593,7,660.7,0,0,0,0
Reduced-Service,Morning,Regularized Reference,1013,3932276593,8,661.7916666666667,0,0,0,0
Reduced-Service,Morning,Regularized Reference,1013,3932276593,9,663.425,0,0,0,1
Reduced-Service,Morning,Regularized Reference,1013,3932276593,10,667.7916666666667,0,0,0,4
Reduced-Service,Morning,Regularized Reference,1014,3122121222,6,654.0,3,0,3,3
Reduced-Service,Morning,Regularized Reference,1014,3122121222,7,660.7,0,0,0,1
Reduced-Service,Morning,Regularized Reference,1014,3122121222,8,661.7916666666667,0,0,0,1
Reduced-Service,Morning,Regularized Reference,1014,3122121222,9,663.425,0,0,0,0
Reduced-Service,Morning,Regularized Reference,1014,3122121222,10,667.7916666666667,0,0,0,1
Reduced-Service,Morning,Regularized Reference,1015,3662741725,6,654.0,3,0,3,3
Reduced-Service,Morning,Regularized Reference,1015,3662741725,7,660.7,0,0,0,0
Reduced-Service,Morning,Regularized Reference,1015,3662741725,8,661.7916666666667,0,0,0,0
Reduced-Service,Morning,Regularized Reference,1015,3662741725,9,663.425,0,0,0,2
Reduced-Service,Morning,Regularized Reference,1015,3662741725,10,667.7916666666667,0,0,0,4
Reduced-Service,Morning,Regularized Reference,1016,2936492253,6,654.0,3,0,3,3
Reduced-Service,Morning,Regularized Reference,1016,2936492253,7,660.7,0,0,0,0
Reduced-Service,Morning,Regularized Reference,1016,2936492253,8,661.7916666666667,0,0,0,0
Reduced-Service,Morning,Regularized Reference,1016,2936492253,9,663.425,0,0,0,0
Reduced-Service,Morning,Regularized Reference,1016,2936492253,10,667.7916666666667,0,0,0,2
Reduced-Service,Morning,Regularized Reference,1017,129473399,6,654.0,4,0,4,4
Reduced-Service,Morning,Regularized Reference,1017,129473399,7,660.7,0,0,0,0
Reduced-Service,Morning,Regularized Reference,1017,129473399,8,661.7916666666667,0,0,0,0
Reduced-Service,Morning,Regularized Reference,1017,129473399,9,663.425,0,0,0,1
Reduced-Service,Morning,Regularized Reference,1017,129473399,10,667.7916666666667,0,0,0,2
Reduced-Service,Morning,Regularized Reference,1018,1866136011,6,654.0,0,0,0,0
Reduced-Service,Morning,Regularized Reference,1018,1866136011,7,660.7,0,0,0,0
Reduced-Service,Morning,Regularized Reference,1018,1866136011,8,661.7916666666667,0,0,0,0
Reduced-Service,Morning,Regularized Reference,1018,1866136011,9,663.425,0,0,0,1
Reduced-Service,Morning,Regularized Reference,1018,1866136011,10,667.7916666666667,0,0,0,3
Reduced-Service,Morning,Regularized Reference,1019,4287566515,6,654.0,0,0,0,0
Reduced-Service,Morning,Regularized Reference,1019,4287566515,7,660.7,0,0,0,2
Reduced-Service,Morning,Regularized Reference,1019,4287566515,8,661.7916666666667,0,0,0,0
Reduced-Service,Morning,Regularized Reference,1019,4287566515,9,663.425,0,0,0,0
Reduced-Service,Morning,Regularized Reference,1019,4287566515,10,667.7916666666667,0,0,0,0
Reduced-Service,Morning,Regularized Reference,1020,1395281472,6,654.0,4,0,4,4
Reduced-Service,Morning,Regularized Reference,1020,1395281472,7,660.7,0,0,0,1
Reduced-Service,Morning,Regularized Reference,1020,1395281472,8,661.7916666666667,0,0,0,0
Reduced-Service,Morning,Regularized Reference,1020,1395281472,9,663.425,0,0,0,0
Reduced-Service,Morning,Regularized Reference,1020,1395281472,10,667.7916666666667,0,0,0,2
Reduced-Service,Morning,Regularized Reference,1021,3437867865,6,654.0,0,0,0,0
Reduced-Service,Morning,Regularized Reference,1021,3437867865,7,660.7,0,0,0,0
Reduced-Service,Morning,Regularized Reference,1021,3437867865,8,661.7916666666667,0,0,0,0
Reduced-Service,Morning,Regularized Reference,1021,3437867865,9,663.425,0,0,0,0
Reduced-Service,Morning,Regularized Reference,1021,3437867865,10,667.7916666666667,0,0,0,3
Reduced-Service,Morning,Regularized Reference,1022,127113282,6,654.0,1,0,1,1
Reduced-Service,Morning,Regularized Reference,1022,127113282,7,660.7,0,0,0,1
Reduced-Service,Morning,Regularized Reference,1022,127113282,8,661.7916666666667,0,0,0,1
Reduced-Service,Morning,Regularized Reference,1022,127113282,9,663.425,0,0,0,0
Reduced-Service,Morning,Regularized Reference,1022,127113282,10,667.7916666666667,0,0,0,3
Reduced-Service,Morning,Regularized Reference,1023,3924048200,6,654.0,2,0,2,2
Reduced-Service,Morning,Regularized Reference,1023,3924048200,7,660.7,0,0,0,0
Reduced-Service,Morning,Regularized Reference,1023,3924048200,8,661.7916666666667,0,0,0,0
Reduced-Service,Morning,Regularized Reference,1023,3924048200,9,663.425,0,0,0,0
Reduced-Service,Morning,Regularized Reference,1023,3924048200,10,667.7916666666667,0,0,0,2
Reduced-Service,Morning,Regularized Reference,1024,163537029,6,654.0,0,0,0,0
Reduced-Service,Morning,Regularized Reference,1024,163537029,7,660.7,0,0,0,0
Reduced-Service,Morning,Regularized Reference,1024,163537029,8,661.7916666666667,0,0,0,0
Reduced-Service,Morning,Regularized Reference,1024,163537029,9,663.425,0,0,0,0
Reduced-Service,Morning,Regularized Reference,1024,163537029,10,667.7916666666667,0,0,0,0
Reduced-Service,Morning,Regularized Reference,1025,1742720703,6,654.0,2,0,2,2
Reduced-Service,Morning,Regularized Reference,1025,1742720703,7,660.7,0,0,0,0
Reduced-Service,Morning,Regularized Reference,1025,1742720703,8,661.7916666666667,0,0,0,0
Reduced-Service,Morning,Regularized Reference,1025,1742720703,9,663.425,0,0,0,0
Reduced-Service,Morning,Regularized Reference,1025,1742720703,10,667.7916666666667,0,0,0,1
Reduced-Service,Morning,Regularized Reference,1026,1522367500,6,654.0,3,0,3,3
Reduced-Service,Morning,Regularized Reference,1026,1522367500,7,660.7,0,0,0,0
Reduced-Service,Morning,Regularized Reference,1026,1522367500,8,661.7916666666667,0,0,0,1
Reduced-Service,Morning,Regularized Reference,1026,1522367500,9,663.425,0,0,0,1
Reduced-Service,Morning,Regularized Reference,1026,1522367500,10,667.7916666666667,0,0,0,2
Reduced-Service,Morning,Regularized Reference,1027,403830989,6,654.0,1,0,1,1
Reduced-Service,Morning,Regularized Reference,1027,403830989,7,660.7,0,0,0,0
Reduced-Service,Morning,Regularized Reference,1027,403830989,8,661.7916666666667,0,0,0,0
Reduced-Service,Morning,Regularized Reference,1027,403830989,9,663.425,0,0,0,0
Reduced-Service,Morning,Regularized Reference,1027,403830989,10,667.7916666666667,0,0,0,1
Reduced-Service,Morning,Regularized Reference,1028,1967774211,6,654.0,1,0,1,1
Reduced-Service,Morning,Regularized Reference,1028,1967774211,7,660.7,0,0,0,0
Reduced-Service,Morning,Regularized Reference,1028,1967774211,8,661.7916666666667,0,0,0,1
Reduced-Service,Morning,Regularized Reference,1028,1967774211,9,663.425,0,0,0,1
Reduced-Service,Morning,Regularized Reference,1028,1967774211,10,667.7916666666667,0,0,0,0
Reduced-Service,Morning,Regularized Reference,1029,215896334,6,654.0,1,0,1,1
Reduced-Service,Morning,Regularized Reference,1029,215896334,7,660.7,0,0,0,0
Reduced-Service,Morning,Regularized Reference,1029,215896334,8,661.7916666666667,0,0,0,1
Reduced-Service,Morning,Regularized Reference,1029,215896334,9,663.425,0,0,0,0
Reduced-Service,Morning,Regularized Reference,1029,215896334,10,667.7916666666667,0,0,0,2
Reduced-Service,Morning,Regularized Reference,1030,2449122539,6,654.0,2,0,2,2
Reduced-Service,Morning,Regularized Reference,1030,2449122539,7,660.7,0,0,0,1
Reduced-Service,Morning,Regularized Reference,1030,2449122539,8,661.7916666666667,0,0,0,0
Reduced-Service,Morning,Regularized Reference,1030,2449122539,9,663.425,0,0,0,0
Reduced-Service,Morning,Regularized Reference,1030,2449122539,10,667.7916666666667,0,0,0,2
Reduced-Service,Morning,Demand Rule,1001,575107655,6,652.5,5,0,5,5
Reduced-Service,Morning,Demand Rule,1001,575107655,7,659.2,0,0,0,0
Reduced-Service,Morning,Demand Rule,1001,575107655,8,660.2916666666667,0,0,0,0
Reduced-Service,Morning,Demand Rule,1001,575107655,9,661.925,0,0,0,0
Reduced-Service,Morning,Demand Rule,1001,575107655,10,666.2916666666667,0,0,0,1
Reduced-Service,Morning,Demand Rule,1002,868506165,6,652.5,2,0,2,2
Reduced-Service,Morning,Demand Rule,1002,868506165,7,659.2,0,0,0,0
Reduced-Service,Morning,Demand Rule,1002,868506165,8,660.2916666666667,0,0,0,0
Reduced-Service,Morning,Demand Rule,1002,868506165,9,661.925,0,0,0,0
Reduced-Service,Morning,Demand Rule,1002,868506165,10,666.2916666666667,0,0,0,2
Reduced-Service,Morning,Demand Rule,1003,64261288,6,652.5,0,0,0,0
Reduced-Service,Morning,Demand Rule,1003,64261288,7,659.2,0,0,0,0
Reduced-Service,Morning,Demand Rule,1003,64261288,8,660.2916666666667,0,0,0,0
Reduced-Service,Morning,Demand Rule,1003,64261288,9,661.925,0,0,0,0
Reduced-Service,Morning,Demand Rule,1003,64261288,10,666.2916666666667,0,0,0,0
Reduced-Service,Morning,Demand Rule,1004,897980844,6,652.5,2,0,2,2
Reduced-Service,Morning,Demand Rule,1004,897980844,7,659.2,0,0,0,0
Reduced-Service,Morning,Demand Rule,1004,897980844,8,660.2916666666667,0,0,0,0
Reduced-Service,Morning,Demand Rule,1004,897980844,9,661.925,0,0,0,1
Reduced-Service,Morning,Demand Rule,1004,897980844,10,666.2916666666667,0,0,0,4
Reduced-Service,Morning,Demand Rule,1005,845940892,6,652.5,1,0,1,1
Reduced-Service,Morning,Demand Rule,1005,845940892,7,659.2,1,0,1,1
Reduced-Service,Morning,Demand Rule,1005,845940892,8,660.2916666666667,0,0,0,0
Reduced-Service,Morning,Demand Rule,1005,845940892,9,661.925,0,0,0,0
Reduced-Service,Morning,Demand Rule,1005,845940892,10,666.2916666666667,0,0,0,8
Reduced-Service,Morning,Demand Rule,1006,66009406,6,652.5,2,0,2,2
Reduced-Service,Morning,Demand Rule,1006,66009406,7,659.2,0,0,0,0
Reduced-Service,Morning,Demand Rule,1006,66009406,8,660.2916666666667,0,0,0,0
Reduced-Service,Morning,Demand Rule,1006,66009406,9,661.925,0,0,0,0
Reduced-Service,Morning,Demand Rule,1006,66009406,10,666.2916666666667,0,0,0,3
Reduced-Service,Morning,Demand Rule,1007,1241135382,6,652.5,1,0,1,1
Reduced-Service,Morning,Demand Rule,1007,1241135382,7,659.2,0,0,0,0
Reduced-Service,Morning,Demand Rule,1007,1241135382,8,660.2916666666667,0,0,0,1
Reduced-Service,Morning,Demand Rule,1007,1241135382,9,661.925,0,0,0,0
Reduced-Service,Morning,Demand Rule,1007,1241135382,10,666.2916666666667,0,0,0,3
Reduced-Service,Morning,Demand Rule,1008,2905494228,6,652.5,1,0,1,1
Reduced-Service,Morning,Demand Rule,1008,2905494228,7,659.2,0,0,0,0
Reduced-Service,Morning,Demand Rule,1008,2905494228,8,660.2916666666667,0,0,0,2
Reduced-Service,Morning,Demand Rule,1008,2905494228,9,661.925,0,0,0,0
Reduced-Service,Morning,Demand Rule,1008,2905494228,10,666.2916666666667,0,0,0,3
Reduced-Service,Morning,Demand Rule,1009,2526559800,6,652.5,1,0,1,1
Reduced-Service,Morning,Demand Rule,1009,2526559800,7,659.2,0,0,0,0
Reduced-Service,Morning,Demand Rule,1009,2526559800,8,660.2916666666667,0,0,0,1
Reduced-Service,Morning,Demand Rule,1009,2526559800,9,661.925,0,0,0,1
Reduced-Service,Morning,Demand Rule,1009,2526559800,10,666.2916666666667,0,0,0,5
Reduced-Service,Morning,Demand Rule,1010,1291834702,6,652.5,4,0,4,4
Reduced-Service,Morning,Demand Rule,1010,1291834702,7,659.2,0,0,0,0
Reduced-Service,Morning,Demand Rule,1010,1291834702,8,660.2916666666667,0,0,0,0
Reduced-Service,Morning,Demand Rule,1010,1291834702,9,661.925,0,0,0,2
Reduced-Service,Morning,Demand Rule,1010,1291834702,10,666.2916666666667,0,0,0,3
Reduced-Service,Morning,Demand Rule,1011,3581619815,6,652.5,1,0,1,1
Reduced-Service,Morning,Demand Rule,1011,3581619815,7,659.2,0,0,0,0
Reduced-Service,Morning,Demand Rule,1011,3581619815,8,660.2916666666667,0,0,0,0
Reduced-Service,Morning,Demand Rule,1011,3581619815,9,661.925,0,0,0,0
Reduced-Service,Morning,Demand Rule,1011,3581619815,10,666.2916666666667,0,0,0,1
Reduced-Service,Morning,Demand Rule,1012,3651533743,6,652.5,0,0,0,0
Reduced-Service,Morning,Demand Rule,1012,3651533743,7,659.2,0,0,0,0
Reduced-Service,Morning,Demand Rule,1012,3651533743,8,660.2916666666667,0,0,0,1
Reduced-Service,Morning,Demand Rule,1012,3651533743,9,661.925,0,0,0,0
Reduced-Service,Morning,Demand Rule,1012,3651533743,10,666.2916666666667,0,0,0,4
Reduced-Service,Morning,Demand Rule,1013,3932276593,6,652.5,0,0,0,0
Reduced-Service,Morning,Demand Rule,1013,3932276593,7,659.2,0,0,0,0
Reduced-Service,Morning,Demand Rule,1013,3932276593,8,660.2916666666667,0,0,0,0
Reduced-Service,Morning,Demand Rule,1013,3932276593,9,661.925,0,0,0,1
Reduced-Service,Morning,Demand Rule,1013,3932276593,10,666.2916666666667,0,0,0,7
Reduced-Service,Morning,Demand Rule,1014,3122121222,6,652.5,4,0,4,4
Reduced-Service,Morning,Demand Rule,1014,3122121222,7,659.2,1,0,1,1
Reduced-Service,Morning,Demand Rule,1014,3122121222,8,660.2916666666667,0,0,0,1
Reduced-Service,Morning,Demand Rule,1014,3122121222,9,661.925,0,0,0,1
Reduced-Service,Morning,Demand Rule,1014,3122121222,10,666.2916666666667,0,0,0,3
Reduced-Service,Morning,Demand Rule,1015,3662741725,6,652.5,3,0,3,3
Reduced-Service,Morning,Demand Rule,1015,3662741725,7,659.2,0,0,0,0
Reduced-Service,Morning,Demand Rule,1015,3662741725,8,660.2916666666667,0,0,0,1
Reduced-Service,Morning,Demand Rule,1015,3662741725,9,661.925,0,0,0,2
Reduced-Service,Morning,Demand Rule,1015,3662741725,10,666.2916666666667,0,0,0,8
Reduced-Service,Morning,Demand Rule,1016,2936492253,6,652.5,4,0,4,4
Reduced-Service,Morning,Demand Rule,1016,2936492253,7,659.2,0,0,0,0
Reduced-Service,Morning,Demand Rule,1016,2936492253,8,660.2916666666667,0,0,0,0
Reduced-Service,Morning,Demand Rule,1016,2936492253,9,661.925,0,0,0,0
Reduced-Service,Morning,Demand Rule,1016,2936492253,10,666.2916666666667,0,0,0,5
Reduced-Service,Morning,Demand Rule,1017,129473399,6,652.5,4,0,4,4
Reduced-Service,Morning,Demand Rule,1017,129473399,7,659.2,0,0,0,0
Reduced-Service,Morning,Demand Rule,1017,129473399,8,660.2916666666667,0,0,0,1
Reduced-Service,Morning,Demand Rule,1017,129473399,9,661.925,0,0,0,1
Reduced-Service,Morning,Demand Rule,1017,129473399,10,666.2916666666667,0,0,0,4
Reduced-Service,Morning,Demand Rule,1018,1866136011,6,652.5,0,0,0,0
Reduced-Service,Morning,Demand Rule,1018,1866136011,7,659.2,0,0,0,0
Reduced-Service,Morning,Demand Rule,1018,1866136011,8,660.2916666666667,0,0,0,0
Reduced-Service,Morning,Demand Rule,1018,1866136011,9,661.925,0,0,0,1
Reduced-Service,Morning,Demand Rule,1018,1866136011,10,666.2916666666667,0,0,0,5
Reduced-Service,Morning,Demand Rule,1019,4287566515,6,652.5,2,0,2,2
Reduced-Service,Morning,Demand Rule,1019,4287566515,7,659.2,0,0,0,0
Reduced-Service,Morning,Demand Rule,1019,4287566515,8,660.2916666666667,0,0,0,0
Reduced-Service,Morning,Demand Rule,1019,4287566515,9,661.925,0,0,0,0
Reduced-Service,Morning,Demand Rule,1019,4287566515,10,666.2916666666667,0,0,0,1
Reduced-Service,Morning,Demand Rule,1020,1395281472,6,652.5,4,0,4,4
Reduced-Service,Morning,Demand Rule,1020,1395281472,7,659.2,0,0,0,0
Reduced-Service,Morning,Demand Rule,1020,1395281472,8,660.2916666666667,0,0,0,0
Reduced-Service,Morning,Demand Rule,1020,1395281472,9,661.925,0,0,0,0
Reduced-Service,Morning,Demand Rule,1020,1395281472,10,666.2916666666667,0,0,0,4
Reduced-Service,Morning,Demand Rule,1021,3437867865,6,652.5,1,0,1,1
Reduced-Service,Morning,Demand Rule,1021,3437867865,7,659.2,0,0,0,0
Reduced-Service,Morning,Demand Rule,1021,3437867865,8,660.2916666666667,0,0,0,0
Reduced-Service,Morning,Demand Rule,1021,3437867865,9,661.925,0,0,0,0
Reduced-Service,Morning,Demand Rule,1021,3437867865,10,666.2916666666667,0,0,0,5
Reduced-Service,Morning,Demand Rule,1022,127113282,6,652.5,1,0,1,1
Reduced-Service,Morning,Demand Rule,1022,127113282,7,659.2,0,0,0,0
Reduced-Service,Morning,Demand Rule,1022,127113282,8,660.2916666666667,0,0,0,1
Reduced-Service,Morning,Demand Rule,1022,127113282,9,661.925,0,0,0,0
Reduced-Service,Morning,Demand Rule,1022,127113282,10,666.2916666666667,0,0,0,6
Reduced-Service,Morning,Demand Rule,1023,3924048200,6,652.5,3,0,3,3
Reduced-Service,Morning,Demand Rule,1023,3924048200,7,659.2,0,0,0,0
Reduced-Service,Morning,Demand Rule,1023,3924048200,8,660.2916666666667,0,0,0,0
Reduced-Service,Morning,Demand Rule,1023,3924048200,9,661.925,0,0,0,0
Reduced-Service,Morning,Demand Rule,1023,3924048200,10,666.2916666666667,0,0,0,6
Reduced-Service,Morning,Demand Rule,1024,163537029,6,652.5,0,0,0,0
Reduced-Service,Morning,Demand Rule,1024,163537029,7,659.2,0,0,0,0
Reduced-Service,Morning,Demand Rule,1024,163537029,8,660.2916666666667,0,0,0,0
Reduced-Service,Morning,Demand Rule,1024,163537029,9,661.925,0,0,0,1
Reduced-Service,Morning,Demand Rule,1024,163537029,10,666.2916666666667,0,0,0,0
Reduced-Service,Morning,Demand Rule,1025,1742720703,6,652.5,2,0,2,2
Reduced-Service,Morning,Demand Rule,1025,1742720703,7,659.2,0,0,0,0
Reduced-Service,Morning,Demand Rule,1025,1742720703,8,660.2916666666667,0,0,0,0
Reduced-Service,Morning,Demand Rule,1025,1742720703,9,661.925,0,0,0,0
Reduced-Service,Morning,Demand Rule,1025,1742720703,10,666.2916666666667,0,0,0,1
Reduced-Service,Morning,Demand Rule,1026,1522367500,6,652.5,4,0,4,4
Reduced-Service,Morning,Demand Rule,1026,1522367500,7,659.2,0,0,0,0
Reduced-Service,Morning,Demand Rule,1026,1522367500,8,660.2916666666667,0,0,0,1
Reduced-Service,Morning,Demand Rule,1026,1522367500,9,661.925,0,0,0,1
Reduced-Service,Morning,Demand Rule,1026,1522367500,10,666.2916666666667,0,0,0,3
Reduced-Service,Morning,Demand Rule,1027,403830989,6,652.5,1,0,1,1
Reduced-Service,Morning,Demand Rule,1027,403830989,7,659.2,0,0,0,0
Reduced-Service,Morning,Demand Rule,1027,403830989,8,660.2916666666667,0,0,0,0
Reduced-Service,Morning,Demand Rule,1027,403830989,9,661.925,0,0,0,1
Reduced-Service,Morning,Demand Rule,1027,403830989,10,666.2916666666667,0,0,0,1
Reduced-Service,Morning,Demand Rule,1028,1967774211,6,652.5,3,0,3,3
Reduced-Service,Morning,Demand Rule,1028,1967774211,7,659.2,0,0,0,0
Reduced-Service,Morning,Demand Rule,1028,1967774211,8,660.2916666666667,0,0,0,1
Reduced-Service,Morning,Demand Rule,1028,1967774211,9,661.925,0,0,0,1
Reduced-Service,Morning,Demand Rule,1028,1967774211,10,666.2916666666667,0,0,0,4
Reduced-Service,Morning,Demand Rule,1029,215896334,6,652.5,2,0,2,2
Reduced-Service,Morning,Demand Rule,1029,215896334,7,659.2,0,0,0,0
Reduced-Service,Morning,Demand Rule,1029,215896334,8,660.2916666666667,0,0,0,1
Reduced-Service,Morning,Demand Rule,1029,215896334,9,661.925,0,0,0,0
Reduced-Service,Morning,Demand Rule,1029,215896334,10,666.2916666666667,0,0,0,4
Reduced-Service,Morning,Demand Rule,1030,2449122539,6,652.5,3,0,3,3
Reduced-Service,Morning,Demand Rule,1030,2449122539,7,659.2,0,0,0,0
Reduced-Service,Morning,Demand Rule,1030,2449122539,8,660.2916666666667,0,0,0,0
Reduced-Service,Morning,Demand Rule,1030,2449122539,9,661.925,0,0,0,0
Reduced-Service,Morning,Demand Rule,1030,2449122539,10,666.2916666666667,0,0,0,3
Reduced-Service,Evening,GA,1001,575107655,6,1195.0,1,0,1,1
Reduced-Service,Evening,GA,1001,575107655,7,1199.9333333333334,0,0,0,0
Reduced-Service,Evening,GA,1001,575107655,8,1200.7333333333333,0,0,0,1
Reduced-Service,Evening,GA,1001,575107655,9,1201.8333333333333,0,0,0,1
Reduced-Service,Evening,GA,1001,575107655,10,1204.7333333333333,0,0,0,0
Reduced-Service,Evening,GA,1002,868506165,6,1195.0,1,0,1,1
Reduced-Service,Evening,GA,1002,868506165,7,1199.9333333333334,0,0,0,0
Reduced-Service,Evening,GA,1002,868506165,8,1200.7333333333333,0,0,0,1
Reduced-Service,Evening,GA,1002,868506165,9,1201.8333333333333,0,0,0,1
Reduced-Service,Evening,GA,1002,868506165,10,1204.7333333333333,0,0,0,0
Reduced-Service,Evening,GA,1003,64261288,6,1195.0,2,0,2,2
Reduced-Service,Evening,GA,1003,64261288,7,1199.9333333333334,0,0,0,0
Reduced-Service,Evening,GA,1003,64261288,8,1200.7333333333333,0,0,0,1
Reduced-Service,Evening,GA,1003,64261288,9,1201.8333333333333,0,0,0,0
Reduced-Service,Evening,GA,1003,64261288,10,1204.7333333333333,0,0,0,1
Reduced-Service,Evening,GA,1004,897980844,6,1195.0,0,0,0,0
Reduced-Service,Evening,GA,1004,897980844,7,1199.9333333333334,0,0,0,0
Reduced-Service,Evening,GA,1004,897980844,8,1200.7333333333333,0,0,0,1
Reduced-Service,Evening,GA,1004,897980844,9,1201.8333333333333,0,0,0,0
Reduced-Service,Evening,GA,1004,897980844,10,1204.7333333333333,0,0,0,2
Reduced-Service,Evening,GA,1005,845940892,6,1195.0,1,0,1,1
Reduced-Service,Evening,GA,1005,845940892,7,1199.9333333333334,0,0,0,0
Reduced-Service,Evening,GA,1005,845940892,8,1200.7333333333333,0,0,0,0
Reduced-Service,Evening,GA,1005,845940892,9,1201.8333333333333,0,0,0,1
Reduced-Service,Evening,GA,1005,845940892,10,1204.7333333333333,0,0,0,1
Reduced-Service,Evening,GA,1006,66009406,6,1195.0,1,0,1,1
Reduced-Service,Evening,GA,1006,66009406,7,1199.9333333333334,0,0,0,0
Reduced-Service,Evening,GA,1006,66009406,8,1200.7333333333333,0,0,0,0
Reduced-Service,Evening,GA,1006,66009406,9,1201.8333333333333,0,0,0,0
Reduced-Service,Evening,GA,1006,66009406,10,1204.7333333333333,0,0,0,2
Reduced-Service,Evening,GA,1007,1241135382,6,1195.0,2,0,2,2
Reduced-Service,Evening,GA,1007,1241135382,7,1199.9333333333334,1,0,1,1
Reduced-Service,Evening,GA,1007,1241135382,8,1200.7333333333333,0,0,0,1
Reduced-Service,Evening,GA,1007,1241135382,9,1201.8333333333333,0,0,0,2
Reduced-Service,Evening,GA,1007,1241135382,10,1204.7333333333333,0,0,0,1
Reduced-Service,Evening,GA,1008,2905494228,6,1195.0,0,0,0,0
Reduced-Service,Evening,GA,1008,2905494228,7,1199.9333333333334,0,0,0,0
Reduced-Service,Evening,GA,1008,2905494228,8,1200.7333333333333,0,0,0,0
Reduced-Service,Evening,GA,1008,2905494228,9,1201.8333333333333,0,0,0,0
Reduced-Service,Evening,GA,1008,2905494228,10,1204.7333333333333,0,0,0,1
Reduced-Service,Evening,GA,1009,2526559800,6,1195.0,0,0,0,0
Reduced-Service,Evening,GA,1009,2526559800,7,1199.9333333333334,0,0,0,0
Reduced-Service,Evening,GA,1009,2526559800,8,1200.7333333333333,0,0,0,0
Reduced-Service,Evening,GA,1009,2526559800,9,1201.8333333333333,0,0,0,0
Reduced-Service,Evening,GA,1009,2526559800,10,1204.7333333333333,0,0,0,2
Reduced-Service,Evening,GA,1010,1291834702,6,1195.0,1,0,1,1
Reduced-Service,Evening,GA,1010,1291834702,7,1199.9333333333334,0,0,0,0
Reduced-Service,Evening,GA,1010,1291834702,8,1200.7333333333333,0,0,0,0
Reduced-Service,Evening,GA,1010,1291834702,9,1201.8333333333333,0,0,0,1
Reduced-Service,Evening,GA,1010,1291834702,10,1204.7333333333333,0,0,0,1
Reduced-Service,Evening,GA,1011,3581619815,6,1195.0,1,0,1,1
Reduced-Service,Evening,GA,1011,3581619815,7,1199.9333333333334,0,0,0,0
Reduced-Service,Evening,GA,1011,3581619815,8,1200.7333333333333,0,0,0,1
Reduced-Service,Evening,GA,1011,3581619815,9,1201.8333333333333,0,0,0,1
Reduced-Service,Evening,GA,1011,3581619815,10,1204.7333333333333,0,0,0,0
Reduced-Service,Evening,GA,1012,3651533743,6,1195.0,1,0,1,1
Reduced-Service,Evening,GA,1012,3651533743,7,1199.9333333333334,0,0,0,0
Reduced-Service,Evening,GA,1012,3651533743,8,1200.7333333333333,0,0,0,0
Reduced-Service,Evening,GA,1012,3651533743,9,1201.8333333333333,0,0,0,1
Reduced-Service,Evening,GA,1012,3651533743,10,1204.7333333333333,0,0,0,2
Reduced-Service,Evening,GA,1013,3932276593,6,1195.0,1,0,1,1
Reduced-Service,Evening,GA,1013,3932276593,7,1199.9333333333334,0,0,0,0
Reduced-Service,Evening,GA,1013,3932276593,8,1200.7333333333333,0,0,0,1
Reduced-Service,Evening,GA,1013,3932276593,9,1201.8333333333333,0,0,0,0
Reduced-Service,Evening,GA,1013,3932276593,10,1204.7333333333333,0,0,0,0
Reduced-Service,Evening,GA,1014,3122121222,6,1195.0,0,0,0,0
Reduced-Service,Evening,GA,1014,3122121222,7,1199.9333333333334,0,0,0,0
Reduced-Service,Evening,GA,1014,3122121222,8,1200.7333333333333,0,0,0,1
Reduced-Service,Evening,GA,1014,3122121222,9,1201.8333333333333,0,0,0,1
Reduced-Service,Evening,GA,1014,3122121222,10,1204.7333333333333,0,0,0,1
Reduced-Service,Evening,GA,1015,3662741725,6,1195.0,1,0,1,1
Reduced-Service,Evening,GA,1015,3662741725,7,1199.9333333333334,0,0,0,0
Reduced-Service,Evening,GA,1015,3662741725,8,1200.7333333333333,0,0,0,0
Reduced-Service,Evening,GA,1015,3662741725,9,1201.8333333333333,0,0,0,1
Reduced-Service,Evening,GA,1015,3662741725,10,1204.7333333333333,0,0,0,2
Reduced-Service,Evening,GA,1016,2936492253,6,1195.0,2,0,2,2
Reduced-Service,Evening,GA,1016,2936492253,7,1199.9333333333334,0,0,0,0
Reduced-Service,Evening,GA,1016,2936492253,8,1200.7333333333333,0,0,0,0
Reduced-Service,Evening,GA,1016,2936492253,9,1201.8333333333333,0,0,0,0
Reduced-Service,Evening,GA,1016,2936492253,10,1204.7333333333333,0,0,0,2
Reduced-Service,Evening,GA,1017,129473399,6,1195.0,1,0,1,1
Reduced-Service,Evening,GA,1017,129473399,7,1199.9333333333334,0,0,0,0
Reduced-Service,Evening,GA,1017,129473399,8,1200.7333333333333,0,0,0,1
Reduced-Service,Evening,GA,1017,129473399,9,1201.8333333333333,0,0,0,1
Reduced-Service,Evening,GA,1017,129473399,10,1204.7333333333333,0,0,0,2
Reduced-Service,Evening,GA,1018,1866136011,6,1195.0,2,0,2,2
Reduced-Service,Evening,GA,1018,1866136011,7,1199.9333333333334,0,0,0,0
Reduced-Service,Evening,GA,1018,1866136011,8,1200.7333333333333,0,0,0,0
Reduced-Service,Evening,GA,1018,1866136011,9,1201.8333333333333,0,0,0,0
Reduced-Service,Evening,GA,1018,1866136011,10,1204.7333333333333,0,0,0,2
Reduced-Service,Evening,GA,1019,4287566515,6,1195.0,1,0,1,1
Reduced-Service,Evening,GA,1019,4287566515,7,1199.9333333333334,0,0,0,0
Reduced-Service,Evening,GA,1019,4287566515,8,1200.7333333333333,0,0,0,0
Reduced-Service,Evening,GA,1019,4287566515,9,1201.8333333333333,0,0,0,0
Reduced-Service,Evening,GA,1019,4287566515,10,1204.7333333333333,0,0,0,0
Reduced-Service,Evening,GA,1020,1395281472,6,1195.0,0,0,0,0
Reduced-Service,Evening,GA,1020,1395281472,7,1199.9333333333334,0,0,0,0
Reduced-Service,Evening,GA,1020,1395281472,8,1200.7333333333333,0,0,0,0
Reduced-Service,Evening,GA,1020,1395281472,9,1201.8333333333333,0,0,0,0
Reduced-Service,Evening,GA,1020,1395281472,10,1204.7333333333333,0,0,0,1
Reduced-Service,Evening,GA,1021,3437867865,6,1195.0,0,0,0,0
Reduced-Service,Evening,GA,1021,3437867865,7,1199.9333333333334,0,0,0,0
Reduced-Service,Evening,GA,1021,3437867865,8,1200.7333333333333,0,0,0,0
Reduced-Service,Evening,GA,1021,3437867865,9,1201.8333333333333,0,0,0,0
Reduced-Service,Evening,GA,1021,3437867865,10,1204.7333333333333,0,0,0,0
Reduced-Service,Evening,GA,1022,127113282,6,1195.0,0,0,0,0
Reduced-Service,Evening,GA,1022,127113282,7,1199.9333333333334,0,0,0,0
Reduced-Service,Evening,GA,1022,127113282,8,1200.7333333333333,0,0,0,1
Reduced-Service,Evening,GA,1022,127113282,9,1201.8333333333333,0,0,0,0
Reduced-Service,Evening,GA,1022,127113282,10,1204.7333333333333,0,0,0,1
Reduced-Service,Evening,GA,1023,3924048200,6,1195.0,0,0,0,0
Reduced-Service,Evening,GA,1023,3924048200,7,1199.9333333333334,0,0,0,0
Reduced-Service,Evening,GA,1023,3924048200,8,1200.7333333333333,0,0,0,0
Reduced-Service,Evening,GA,1023,3924048200,9,1201.8333333333333,0,0,0,1
Reduced-Service,Evening,GA,1023,3924048200,10,1204.7333333333333,0,0,0,0
Reduced-Service,Evening,GA,1024,163537029,6,1195.0,0,0,0,0
Reduced-Service,Evening,GA,1024,163537029,7,1199.9333333333334,0,0,0,0
Reduced-Service,Evening,GA,1024,163537029,8,1200.7333333333333,0,0,0,0
Reduced-Service,Evening,GA,1024,163537029,9,1201.8333333333333,0,0,0,2
Reduced-Service,Evening,GA,1024,163537029,10,1204.7333333333333,0,0,0,0
Reduced-Service,Evening,GA,1025,1742720703,6,1195.0,0,0,0,0
Reduced-Service,Evening,GA,1025,1742720703,7,1199.9333333333334,0,0,0,0
Reduced-Service,Evening,GA,1025,1742720703,8,1200.7333333333333,0,0,0,0
Reduced-Service,Evening,GA,1025,1742720703,9,1201.8333333333333,0,0,0,0
Reduced-Service,Evening,GA,1025,1742720703,10,1204.7333333333333,0,0,0,1
Reduced-Service,Evening,GA,1026,1522367500,6,1195.0,1,0,1,1
Reduced-Service,Evening,GA,1026,1522367500,7,1199.9333333333334,0,0,0,0
Reduced-Service,Evening,GA,1026,1522367500,8,1200.7333333333333,0,0,0,1
Reduced-Service,Evening,GA,1026,1522367500,9,1201.8333333333333,0,0,0,0
Reduced-Service,Evening,GA,1026,1522367500,10,1204.7333333333333,0,0,0,0
Reduced-Service,Evening,GA,1027,403830989,6,1195.0,1,0,1,1
Reduced-Service,Evening,GA,1027,403830989,7,1199.9333333333334,0,0,0,0
Reduced-Service,Evening,GA,1027,403830989,8,1200.7333333333333,0,0,0,0
Reduced-Service,Evening,GA,1027,403830989,9,1201.8333333333333,0,0,0,0
Reduced-Service,Evening,GA,1027,403830989,10,1204.7333333333333,0,0,0,2
Reduced-Service,Evening,GA,1028,1967774211,6,1195.0,0,0,0,0
Reduced-Service,Evening,GA,1028,1967774211,7,1199.9333333333334,0,0,0,0
Reduced-Service,Evening,GA,1028,1967774211,8,1200.7333333333333,0,0,0,0
Reduced-Service,Evening,GA,1028,1967774211,9,1201.8333333333333,0,0,0,0
Reduced-Service,Evening,GA,1028,1967774211,10,1204.7333333333333,0,0,0,1
Reduced-Service,Evening,GA,1029,215896334,6,1195.0,0,0,0,0
Reduced-Service,Evening,GA,1029,215896334,7,1199.9333333333334,0,0,0,0
Reduced-Service,Evening,GA,1029,215896334,8,1200.7333333333333,0,0,0,0
Reduced-Service,Evening,GA,1029,215896334,9,1201.8333333333333,0,0,0,0
Reduced-Service,Evening,GA,1029,215896334,10,1204.7333333333333,0,0,0,1
Reduced-Service,Evening,GA,1030,2449122539,6,1195.0,1,0,1,1
Reduced-Service,Evening,GA,1030,2449122539,7,1199.9333333333334,0,0,0,0
Reduced-Service,Evening,GA,1030,2449122539,8,1200.7333333333333,0,0,0,0
Reduced-Service,Evening,GA,1030,2449122539,9,1201.8333333333333,0,0,0,1
Reduced-Service,Evening,GA,1030,2449122539,10,1204.7333333333333,0,0,0,1
Reduced-Service,Evening,Regularized Reference,1001,575107655,6,1192.5,1,0,1,1
Reduced-Service,Evening,Regularized Reference,1001,575107655,7,1197.4333333333334,0,0,0,0
Reduced-Service,Evening,Regularized Reference,1001,575107655,8,1198.2333333333333,0,0,0,0
Reduced-Service,Evening,Regularized Reference,1001,575107655,9,1199.3333333333333,0,0,0,0
Reduced-Service,Evening,Regularized Reference,1001,575107655,10,1202.2333333333333,0,0,0,1
Reduced-Service,Evening,Regularized Reference,1002,868506165,6,1192.5,1,0,1,1
Reduced-Service,Evening,Regularized Reference,1002,868506165,7,1197.4333333333334,0,0,0,0
Reduced-Service,Evening,Regularized Reference,1002,868506165,8,1198.2333333333333,0,0,0,0
Reduced-Service,Evening,Regularized Reference,1002,868506165,9,1199.3333333333333,0,0,0,0
Reduced-Service,Evening,Regularized Reference,1002,868506165,10,1202.2333333333333,0,0,0,0
Reduced-Service,Evening,Regularized Reference,1003,64261288,6,1192.5,2,0,2,2
Reduced-Service,Evening,Regularized Reference,1003,64261288,7,1197.4333333333334,0,0,0,0
Reduced-Service,Evening,Regularized Reference,1003,64261288,8,1198.2333333333333,1,0,1,1
Reduced-Service,Evening,Regularized Reference,1003,64261288,9,1199.3333333333333,0,0,0,0
Reduced-Service,Evening,Regularized Reference,1003,64261288,10,1202.2333333333333,0,0,0,4
Reduced-Service,Evening,Regularized Reference,1004,897980844,6,1192.5,0,0,0,0
Reduced-Service,Evening,Regularized Reference,1004,897980844,7,1197.4333333333334,0,0,0,0
Reduced-Service,Evening,Regularized Reference,1004,897980844,8,1198.2333333333333,0,0,0,0
Reduced-Service,Evening,Regularized Reference,1004,897980844,9,1199.3333333333333,0,0,0,0
Reduced-Service,Evening,Regularized Reference,1004,897980844,10,1202.2333333333333,0,0,0,4
Reduced-Service,Evening,Regularized Reference,1005,845940892,6,1192.5,1,0,1,1
Reduced-Service,Evening,Regularized Reference,1005,845940892,7,1197.4333333333334,0,0,0,0
Reduced-Service,Evening,Regularized Reference,1005,845940892,8,1198.2333333333333,0,0,0,0
Reduced-Service,Evening,Regularized Reference,1005,845940892,9,1199.3333333333333,0,0,0,0
Reduced-Service,Evening,Regularized Reference,1005,845940892,10,1202.2333333333333,0,0,0,3
Reduced-Service,Evening,Regularized Reference,1006,66009406,6,1192.5,1,0,1,1
Reduced-Service,Evening,Regularized Reference,1006,66009406,7,1197.4333333333334,0,0,0,0
Reduced-Service,Evening,Regularized Reference,1006,66009406,8,1198.2333333333333,0,0,0,0
Reduced-Service,Evening,Regularized Reference,1006,66009406,9,1199.3333333333333,0,0,0,0
Reduced-Service,Evening,Regularized Reference,1006,66009406,10,1202.2333333333333,0,0,0,4
Reduced-Service,Evening,Regularized Reference,1007,1241135382,6,1192.5,3,0,3,3
Reduced-Service,Evening,Regularized Reference,1007,1241135382,7,1197.4333333333334,1,0,1,1
Reduced-Service,Evening,Regularized Reference,1007,1241135382,8,1198.2333333333333,0,0,0,0
Reduced-Service,Evening,Regularized Reference,1007,1241135382,9,1199.3333333333333,0,0,0,0
Reduced-Service,Evening,Regularized Reference,1007,1241135382,10,1202.2333333333333,0,0,0,1
Reduced-Service,Evening,Regularized Reference,1008,2905494228,6,1192.5,1,0,1,1
Reduced-Service,Evening,Regularized Reference,1008,2905494228,7,1197.4333333333334,0,0,0,0
Reduced-Service,Evening,Regularized Reference,1008,2905494228,8,1198.2333333333333,0,0,0,0
Reduced-Service,Evening,Regularized Reference,1008,2905494228,9,1199.3333333333333,0,0,0,0
Reduced-Service,Evening,Regularized Reference,1008,2905494228,10,1202.2333333333333,0,0,0,5
Reduced-Service,Evening,Regularized Reference,1009,2526559800,6,1192.5,0,0,0,0
Reduced-Service,Evening,Regularized Reference,1009,2526559800,7,1197.4333333333334,0,0,0,0
Reduced-Service,Evening,Regularized Reference,1009,2526559800,8,1198.2333333333333,0,0,0,0
Reduced-Service,Evening,Regularized Reference,1009,2526559800,9,1199.3333333333333,0,0,0,0
Reduced-Service,Evening,Regularized Reference,1009,2526559800,10,1202.2333333333333,0,0,0,3
Reduced-Service,Evening,Regularized Reference,1010,1291834702,6,1192.5,1,0,1,1
Reduced-Service,Evening,Regularized Reference,1010,1291834702,7,1197.4333333333334,0,0,0,0
Reduced-Service,Evening,Regularized Reference,1010,1291834702,8,1198.2333333333333,0,0,0,0
Reduced-Service,Evening,Regularized Reference,1010,1291834702,9,1199.3333333333333,0,0,0,0
Reduced-Service,Evening,Regularized Reference,1010,1291834702,10,1202.2333333333333,0,0,0,1
Reduced-Service,Evening,Regularized Reference,1011,3581619815,6,1192.5,1,0,1,1
Reduced-Service,Evening,Regularized Reference,1011,3581619815,7,1197.4333333333334,0,0,0,0
Reduced-Service,Evening,Regularized Reference,1011,3581619815,8,1198.2333333333333,0,0,0,0
Reduced-Service,Evening,Regularized Reference,1011,3581619815,9,1199.3333333333333,0,0,0,0
Reduced-Service,Evening,Regularized Reference,1011,3581619815,10,1202.2333333333333,0,0,0,2
Reduced-Service,Evening,Regularized Reference,1012,3651533743,6,1192.5,1,0,1,1
Reduced-Service,Evening,Regularized Reference,1012,3651533743,7,1197.4333333333334,0,0,0,0
Reduced-Service,Evening,Regularized Reference,1012,3651533743,8,1198.2333333333333,0,0,0,0
Reduced-Service,Evening,Regularized Reference,1012,3651533743,9,1199.3333333333333,0,0,0,0
Reduced-Service,Evening,Regularized Reference,1012,3651533743,10,1202.2333333333333,0,0,0,4
Reduced-Service,Evening,Regularized Reference,1013,3932276593,6,1192.5,2,0,2,2
Reduced-Service,Evening,Regularized Reference,1013,3932276593,7,1197.4333333333334,0,0,0,0
Reduced-Service,Evening,Regularized Reference,1013,3932276593,8,1198.2333333333333,0,0,0,0
Reduced-Service,Evening,Regularized Reference,1013,3932276593,9,1199.3333333333333,0,0,0,0
Reduced-Service,Evening,Regularized Reference,1013,3932276593,10,1202.2333333333333,0,0,0,1
Reduced-Service,Evening,Regularized Reference,1014,3122121222,6,1192.5,0,0,0,0
Reduced-Service,Evening,Regularized Reference,1014,3122121222,7,1197.4333333333334,0,0,0,0
Reduced-Service,Evening,Regularized Reference,1014,3122121222,8,1198.2333333333333,1,0,1,1
Reduced-Service,Evening,Regularized Reference,1014,3122121222,9,1199.3333333333333,0,0,0,0
Reduced-Service,Evening,Regularized Reference,1014,3122121222,10,1202.2333333333333,0,0,0,3
Reduced-Service,Evening,Regularized Reference,1015,3662741725,6,1192.5,4,0,4,4
Reduced-Service,Evening,Regularized Reference,1015,3662741725,7,1197.4333333333334,0,0,0,0
Reduced-Service,Evening,Regularized Reference,1015,3662741725,8,1198.2333333333333,0,0,0,0
Reduced-Service,Evening,Regularized Reference,1015,3662741725,9,1199.3333333333333,0,0,0,0
Reduced-Service,Evening,Regularized Reference,1015,3662741725,10,1202.2333333333333,0,0,0,2
Reduced-Service,Evening,Regularized Reference,1016,2936492253,6,1192.5,2,0,2,2
Reduced-Service,Evening,Regularized Reference,1016,2936492253,7,1197.4333333333334,0,0,0,0
Reduced-Service,Evening,Regularized Reference,1016,2936492253,8,1198.2333333333333,0,0,0,0
Reduced-Service,Evening,Regularized Reference,1016,2936492253,9,1199.3333333333333,0,0,0,0
Reduced-Service,Evening,Regularized Reference,1016,2936492253,10,1202.2333333333333,0,0,0,3
Reduced-Service,Evening,Regularized Reference,1017,129473399,6,1192.5,1,0,1,1
Reduced-Service,Evening,Regularized Reference,1017,129473399,7,1197.4333333333334,1,0,1,1
Reduced-Service,Evening,Regularized Reference,1017,129473399,8,1198.2333333333333,1,0,1,1
Reduced-Service,Evening,Regularized Reference,1017,129473399,9,1199.3333333333333,1,0,1,1
Reduced-Service,Evening,Regularized Reference,1017,129473399,10,1202.2333333333333,0,0,0,5
Reduced-Service,Evening,Regularized Reference,1018,1866136011,6,1192.5,2,0,2,2
Reduced-Service,Evening,Regularized Reference,1018,1866136011,7,1197.4333333333334,0,0,0,0
Reduced-Service,Evening,Regularized Reference,1018,1866136011,8,1198.2333333333333,0,0,0,0
Reduced-Service,Evening,Regularized Reference,1018,1866136011,9,1199.3333333333333,0,0,0,0
Reduced-Service,Evening,Regularized Reference,1018,1866136011,10,1202.2333333333333,0,0,0,2
Reduced-Service,Evening,Regularized Reference,1019,4287566515,6,1192.5,2,0,2,2
Reduced-Service,Evening,Regularized Reference,1019,4287566515,7,1197.4333333333334,0,0,0,0
Reduced-Service,Evening,Regularized Reference,1019,4287566515,8,1198.2333333333333,0,0,0,0
Reduced-Service,Evening,Regularized Reference,1019,4287566515,9,1199.3333333333333,0,0,0,0
Reduced-Service,Evening,Regularized Reference,1019,4287566515,10,1202.2333333333333,0,0,0,1
Reduced-Service,Evening,Regularized Reference,1020,1395281472,6,1192.5,0,0,0,0
Reduced-Service,Evening,Regularized Reference,1020,1395281472,7,1197.4333333333334,0,0,0,0
Reduced-Service,Evening,Regularized Reference,1020,1395281472,8,1198.2333333333333,0,0,0,0
Reduced-Service,Evening,Regularized Reference,1020,1395281472,9,1199.3333333333333,0,0,0,0
Reduced-Service,Evening,Regularized Reference,1020,1395281472,10,1202.2333333333333,0,0,0,3
Reduced-Service,Evening,Regularized Reference,1021,3437867865,6,1192.5,1,0,1,1
Reduced-Service,Evening,Regularized Reference,1021,3437867865,7,1197.4333333333334,2,0,2,2
Reduced-Service,Evening,Regularized Reference,1021,3437867865,8,1198.2333333333333,0,0,0,0
Reduced-Service,Evening,Regularized Reference,1021,3437867865,9,1199.3333333333333,0,0,0,0
Reduced-Service,Evening,Regularized Reference,1021,3437867865,10,1202.2333333333333,0,0,0,2
Reduced-Service,Evening,Regularized Reference,1022,127113282,6,1192.5,0,0,0,0
Reduced-Service,Evening,Regularized Reference,1022,127113282,7,1197.4333333333334,0,0,0,0
Reduced-Service,Evening,Regularized Reference,1022,127113282,8,1198.2333333333333,0,0,0,0
Reduced-Service,Evening,Regularized Reference,1022,127113282,9,1199.3333333333333,0,0,0,0
Reduced-Service,Evening,Regularized Reference,1022,127113282,10,1202.2333333333333,0,0,0,2
Reduced-Service,Evening,Regularized Reference,1023,3924048200,6,1192.5,1,0,1,1
Reduced-Service,Evening,Regularized Reference,1023,3924048200,7,1197.4333333333334,0,0,0,0
Reduced-Service,Evening,Regularized Reference,1023,3924048200,8,1198.2333333333333,0,0,0,0
Reduced-Service,Evening,Regularized Reference,1023,3924048200,9,1199.3333333333333,0,0,0,0
Reduced-Service,Evening,Regularized Reference,1023,3924048200,10,1202.2333333333333,0,0,0,0
Reduced-Service,Evening,Regularized Reference,1024,163537029,6,1192.5,1,0,1,1
Reduced-Service,Evening,Regularized Reference,1024,163537029,7,1197.4333333333334,0,0,0,0
Reduced-Service,Evening,Regularized Reference,1024,163537029,8,1198.2333333333333,0,0,0,0
Reduced-Service,Evening,Regularized Reference,1024,163537029,9,1199.3333333333333,0,0,0,0
Reduced-Service,Evening,Regularized Reference,1024,163537029,10,1202.2333333333333,0,0,0,2
Reduced-Service,Evening,Regularized Reference,1025,1742720703,6,1192.5,0,0,0,0
Reduced-Service,Evening,Regularized Reference,1025,1742720703,7,1197.4333333333334,0,0,0,0
Reduced-Service,Evening,Regularized Reference,1025,1742720703,8,1198.2333333333333,0,0,0,0
Reduced-Service,Evening,Regularized Reference,1025,1742720703,9,1199.3333333333333,0,0,0,0
Reduced-Service,Evening,Regularized Reference,1025,1742720703,10,1202.2333333333333,0,0,0,2
Reduced-Service,Evening,Regularized Reference,1026,1522367500,6,1192.5,1,0,1,1
Reduced-Service,Evening,Regularized Reference,1026,1522367500,7,1197.4333333333334,0,0,0,0
Reduced-Service,Evening,Regularized Reference,1026,1522367500,8,1198.2333333333333,0,0,0,0
Reduced-Service,Evening,Regularized Reference,1026,1522367500,9,1199.3333333333333,0,0,0,0
Reduced-Service,Evening,Regularized Reference,1026,1522367500,10,1202.2333333333333,0,0,0,1
Reduced-Service,Evening,Regularized Reference,1027,403830989,6,1192.5,1,0,1,1
Reduced-Service,Evening,Regularized Reference,1027,403830989,7,1197.4333333333334,0,0,0,0
Reduced-Service,Evening,Regularized Reference,1027,403830989,8,1198.2333333333333,0,0,0,0
Reduced-Service,Evening,Regularized Reference,1027,403830989,9,1199.3333333333333,0,0,0,0
Reduced-Service,Evening,Regularized Reference,1027,403830989,10,1202.2333333333333,0,0,0,4
Reduced-Service,Evening,Regularized Reference,1028,1967774211,6,1192.5,1,0,1,1
Reduced-Service,Evening,Regularized Reference,1028,1967774211,7,1197.4333333333334,1,0,1,1
Reduced-Service,Evening,Regularized Reference,1028,1967774211,8,1198.2333333333333,0,0,0,0
Reduced-Service,Evening,Regularized Reference,1028,1967774211,9,1199.3333333333333,0,0,0,0
Reduced-Service,Evening,Regularized Reference,1028,1967774211,10,1202.2333333333333,0,0,0,2
Reduced-Service,Evening,Regularized Reference,1029,215896334,6,1192.5,1,0,1,1
Reduced-Service,Evening,Regularized Reference,1029,215896334,7,1197.4333333333334,0,0,0,0
Reduced-Service,Evening,Regularized Reference,1029,215896334,8,1198.2333333333333,0,0,0,0
Reduced-Service,Evening,Regularized Reference,1029,215896334,9,1199.3333333333333,0,0,0,0
Reduced-Service,Evening,Regularized Reference,1029,215896334,10,1202.2333333333333,0,0,0,3
Reduced-Service,Evening,Regularized Reference,1030,2449122539,6,1192.5,1,0,1,1
Reduced-Service,Evening,Regularized Reference,1030,2449122539,7,1197.4333333333334,0,0,0,0
Reduced-Service,Evening,Regularized Reference,1030,2449122539,8,1198.2333333333333,0,0,0,0
Reduced-Service,Evening,Regularized Reference,1030,2449122539,9,1199.3333333333333,0,0,0,0
Reduced-Service,Evening,Regularized Reference,1030,2449122539,10,1202.2333333333333,0,0,0,2
Reduced-Service,Evening,Demand Rule,1001,575107655,6,1192.5,1,0,1,1
Reduced-Service,Evening,Demand Rule,1001,575107655,7,1197.4333333333334,0,0,0,0
Reduced-Service,Evening,Demand Rule,1001,575107655,8,1198.2333333333333,0,0,0,0
Reduced-Service,Evening,Demand Rule,1001,575107655,9,1199.3333333333333,0,0,0,0
Reduced-Service,Evening,Demand Rule,1001,575107655,10,1202.2333333333333,0,0,0,1
Reduced-Service,Evening,Demand Rule,1002,868506165,6,1192.5,1,0,1,1
Reduced-Service,Evening,Demand Rule,1002,868506165,7,1197.4333333333334,0,0,0,0
Reduced-Service,Evening,Demand Rule,1002,868506165,8,1198.2333333333333,0,0,0,0
Reduced-Service,Evening,Demand Rule,1002,868506165,9,1199.3333333333333,0,0,0,0
Reduced-Service,Evening,Demand Rule,1002,868506165,10,1202.2333333333333,0,0,0,0
Reduced-Service,Evening,Demand Rule,1003,64261288,6,1192.5,2,0,2,2
Reduced-Service,Evening,Demand Rule,1003,64261288,7,1197.4333333333334,0,0,0,0
Reduced-Service,Evening,Demand Rule,1003,64261288,8,1198.2333333333333,1,0,1,1
Reduced-Service,Evening,Demand Rule,1003,64261288,9,1199.3333333333333,0,0,0,0
Reduced-Service,Evening,Demand Rule,1003,64261288,10,1202.2333333333333,0,0,0,4
Reduced-Service,Evening,Demand Rule,1004,897980844,6,1192.5,0,0,0,0
Reduced-Service,Evening,Demand Rule,1004,897980844,7,1197.4333333333334,0,0,0,0
Reduced-Service,Evening,Demand Rule,1004,897980844,8,1198.2333333333333,0,0,0,0
Reduced-Service,Evening,Demand Rule,1004,897980844,9,1199.3333333333333,0,0,0,0
Reduced-Service,Evening,Demand Rule,1004,897980844,10,1202.2333333333333,0,0,0,4
Reduced-Service,Evening,Demand Rule,1005,845940892,6,1192.5,1,0,1,1
Reduced-Service,Evening,Demand Rule,1005,845940892,7,1197.4333333333334,0,0,0,0
Reduced-Service,Evening,Demand Rule,1005,845940892,8,1198.2333333333333,0,0,0,0
Reduced-Service,Evening,Demand Rule,1005,845940892,9,1199.3333333333333,0,0,0,0
Reduced-Service,Evening,Demand Rule,1005,845940892,10,1202.2333333333333,0,0,0,3
Reduced-Service,Evening,Demand Rule,1006,66009406,6,1192.5,1,0,1,1
Reduced-Service,Evening,Demand Rule,1006,66009406,7,1197.4333333333334,0,0,0,0
Reduced-Service,Evening,Demand Rule,1006,66009406,8,1198.2333333333333,0,0,0,0
Reduced-Service,Evening,Demand Rule,1006,66009406,9,1199.3333333333333,0,0,0,0
Reduced-Service,Evening,Demand Rule,1006,66009406,10,1202.2333333333333,0,0,0,4
Reduced-Service,Evening,Demand Rule,1007,1241135382,6,1192.5,3,0,3,3
Reduced-Service,Evening,Demand Rule,1007,1241135382,7,1197.4333333333334,1,0,1,1
Reduced-Service,Evening,Demand Rule,1007,1241135382,8,1198.2333333333333,0,0,0,0
Reduced-Service,Evening,Demand Rule,1007,1241135382,9,1199.3333333333333,0,0,0,0
Reduced-Service,Evening,Demand Rule,1007,1241135382,10,1202.2333333333333,0,0,0,1
Reduced-Service,Evening,Demand Rule,1008,2905494228,6,1192.5,1,0,1,1
Reduced-Service,Evening,Demand Rule,1008,2905494228,7,1197.4333333333334,0,0,0,0
Reduced-Service,Evening,Demand Rule,1008,2905494228,8,1198.2333333333333,0,0,0,0
Reduced-Service,Evening,Demand Rule,1008,2905494228,9,1199.3333333333333,0,0,0,0
Reduced-Service,Evening,Demand Rule,1008,2905494228,10,1202.2333333333333,0,0,0,5
Reduced-Service,Evening,Demand Rule,1009,2526559800,6,1192.5,0,0,0,0
Reduced-Service,Evening,Demand Rule,1009,2526559800,7,1197.4333333333334,0,0,0,0
Reduced-Service,Evening,Demand Rule,1009,2526559800,8,1198.2333333333333,0,0,0,0
Reduced-Service,Evening,Demand Rule,1009,2526559800,9,1199.3333333333333,0,0,0,0
Reduced-Service,Evening,Demand Rule,1009,2526559800,10,1202.2333333333333,0,0,0,3
Reduced-Service,Evening,Demand Rule,1010,1291834702,6,1192.5,1,0,1,1
Reduced-Service,Evening,Demand Rule,1010,1291834702,7,1197.4333333333334,0,0,0,0
Reduced-Service,Evening,Demand Rule,1010,1291834702,8,1198.2333333333333,0,0,0,0
Reduced-Service,Evening,Demand Rule,1010,1291834702,9,1199.3333333333333,0,0,0,0
Reduced-Service,Evening,Demand Rule,1010,1291834702,10,1202.2333333333333,0,0,0,1
Reduced-Service,Evening,Demand Rule,1011,3581619815,6,1192.5,1,0,1,1
Reduced-Service,Evening,Demand Rule,1011,3581619815,7,1197.4333333333334,0,0,0,0
Reduced-Service,Evening,Demand Rule,1011,3581619815,8,1198.2333333333333,0,0,0,0
Reduced-Service,Evening,Demand Rule,1011,3581619815,9,1199.3333333333333,0,0,0,0
Reduced-Service,Evening,Demand Rule,1011,3581619815,10,1202.2333333333333,0,0,0,2
Reduced-Service,Evening,Demand Rule,1012,3651533743,6,1192.5,1,0,1,1
Reduced-Service,Evening,Demand Rule,1012,3651533743,7,1197.4333333333334,0,0,0,0
Reduced-Service,Evening,Demand Rule,1012,3651533743,8,1198.2333333333333,0,0,0,0
Reduced-Service,Evening,Demand Rule,1012,3651533743,9,1199.3333333333333,0,0,0,0
Reduced-Service,Evening,Demand Rule,1012,3651533743,10,1202.2333333333333,0,0,0,4
Reduced-Service,Evening,Demand Rule,1013,3932276593,6,1192.5,2,0,2,2
Reduced-Service,Evening,Demand Rule,1013,3932276593,7,1197.4333333333334,0,0,0,0
Reduced-Service,Evening,Demand Rule,1013,3932276593,8,1198.2333333333333,0,0,0,0
Reduced-Service,Evening,Demand Rule,1013,3932276593,9,1199.3333333333333,0,0,0,0
Reduced-Service,Evening,Demand Rule,1013,3932276593,10,1202.2333333333333,0,0,0,1
Reduced-Service,Evening,Demand Rule,1014,3122121222,6,1192.5,0,0,0,0
Reduced-Service,Evening,Demand Rule,1014,3122121222,7,1197.4333333333334,0,0,0,0
Reduced-Service,Evening,Demand Rule,1014,3122121222,8,1198.2333333333333,1,0,1,1
Reduced-Service,Evening,Demand Rule,1014,3122121222,9,1199.3333333333333,0,0,0,0
Reduced-Service,Evening,Demand Rule,1014,3122121222,10,1202.2333333333333,0,0,0,3
Reduced-Service,Evening,Demand Rule,1015,3662741725,6,1192.5,4,0,4,4
Reduced-Service,Evening,Demand Rule,1015,3662741725,7,1197.4333333333334,0,0,0,0
Reduced-Service,Evening,Demand Rule,1015,3662741725,8,1198.2333333333333,0,0,0,0
Reduced-Service,Evening,Demand Rule,1015,3662741725,9,1199.3333333333333,0,0,0,0
Reduced-Service,Evening,Demand Rule,1015,3662741725,10,1202.2333333333333,0,0,0,2
Reduced-Service,Evening,Demand Rule,1016,2936492253,6,1192.5,2,0,2,2
Reduced-Service,Evening,Demand Rule,1016,2936492253,7,1197.4333333333334,0,0,0,0
Reduced-Service,Evening,Demand Rule,1016,2936492253,8,1198.2333333333333,0,0,0,0
Reduced-Service,Evening,Demand Rule,1016,2936492253,9,1199.3333333333333,0,0,0,0
Reduced-Service,Evening,Demand Rule,1016,2936492253,10,1202.2333333333333,0,0,0,3
Reduced-Service,Evening,Demand Rule,1017,129473399,6,1192.5,1,0,1,1
Reduced-Service,Evening,Demand Rule,1017,129473399,7,1197.4333333333334,1,0,1,1
Reduced-Service,Evening,Demand Rule,1017,129473399,8,1198.2333333333333,1,0,1,1
Reduced-Service,Evening,Demand Rule,1017,129473399,9,1199.3333333333333,1,0,1,1
Reduced-Service,Evening,Demand Rule,1017,129473399,10,1202.2333333333333,0,0,0,5
Reduced-Service,Evening,Demand Rule,1018,1866136011,6,1192.5,2,0,2,2
Reduced-Service,Evening,Demand Rule,1018,1866136011,7,1197.4333333333334,0,0,0,0
Reduced-Service,Evening,Demand Rule,1018,1866136011,8,1198.2333333333333,0,0,0,0
Reduced-Service,Evening,Demand Rule,1018,1866136011,9,1199.3333333333333,0,0,0,0
Reduced-Service,Evening,Demand Rule,1018,1866136011,10,1202.2333333333333,0,0,0,2
Reduced-Service,Evening,Demand Rule,1019,4287566515,6,1192.5,2,0,2,2
Reduced-Service,Evening,Demand Rule,1019,4287566515,7,1197.4333333333334,0,0,0,0
Reduced-Service,Evening,Demand Rule,1019,4287566515,8,1198.2333333333333,0,0,0,0
Reduced-Service,Evening,Demand Rule,1019,4287566515,9,1199.3333333333333,0,0,0,0
Reduced-Service,Evening,Demand Rule,1019,4287566515,10,1202.2333333333333,0,0,0,1
Reduced-Service,Evening,Demand Rule,1020,1395281472,6,1192.5,0,0,0,0
Reduced-Service,Evening,Demand Rule,1020,1395281472,7,1197.4333333333334,0,0,0,0
Reduced-Service,Evening,Demand Rule,1020,1395281472,8,1198.2333333333333,0,0,0,0
Reduced-Service,Evening,Demand Rule,1020,1395281472,9,1199.3333333333333,0,0,0,0
Reduced-Service,Evening,Demand Rule,1020,1395281472,10,1202.2333333333333,0,0,0,3
Reduced-Service,Evening,Demand Rule,1021,3437867865,6,1192.5,1,0,1,1
Reduced-Service,Evening,Demand Rule,1021,3437867865,7,1197.4333333333334,2,0,2,2
Reduced-Service,Evening,Demand Rule,1021,3437867865,8,1198.2333333333333,0,0,0,0
Reduced-Service,Evening,Demand Rule,1021,3437867865,9,1199.3333333333333,0,0,0,0
Reduced-Service,Evening,Demand Rule,1021,3437867865,10,1202.2333333333333,0,0,0,2
Reduced-Service,Evening,Demand Rule,1022,127113282,6,1192.5,0,0,0,0
Reduced-Service,Evening,Demand Rule,1022,127113282,7,1197.4333333333334,0,0,0,0
Reduced-Service,Evening,Demand Rule,1022,127113282,8,1198.2333333333333,0,0,0,0
Reduced-Service,Evening,Demand Rule,1022,127113282,9,1199.3333333333333,0,0,0,0
Reduced-Service,Evening,Demand Rule,1022,127113282,10,1202.2333333333333,0,0,0,2
Reduced-Service,Evening,Demand Rule,1023,3924048200,6,1192.5,1,0,1,1
Reduced-Service,Evening,Demand Rule,1023,3924048200,7,1197.4333333333334,0,0,0,0
Reduced-Service,Evening,Demand Rule,1023,3924048200,8,1198.2333333333333,0,0,0,0
Reduced-Service,Evening,Demand Rule,1023,3924048200,9,1199.3333333333333,0,0,0,0
Reduced-Service,Evening,Demand Rule,1023,3924048200,10,1202.2333333333333,0,0,0,0
Reduced-Service,Evening,Demand Rule,1024,163537029,6,1192.5,1,0,1,1
Reduced-Service,Evening,Demand Rule,1024,163537029,7,1197.4333333333334,0,0,0,0
Reduced-Service,Evening,Demand Rule,1024,163537029,8,1198.2333333333333,0,0,0,0
Reduced-Service,Evening,Demand Rule,1024,163537029,9,1199.3333333333333,0,0,0,0
Reduced-Service,Evening,Demand Rule,1024,163537029,10,1202.2333333333333,0,0,0,2
Reduced-Service,Evening,Demand Rule,1025,1742720703,6,1192.5,0,0,0,0
Reduced-Service,Evening,Demand Rule,1025,1742720703,7,1197.4333333333334,0,0,0,0
Reduced-Service,Evening,Demand Rule,1025,1742720703,8,1198.2333333333333,0,0,0,0
Reduced-Service,Evening,Demand Rule,1025,1742720703,9,1199.3333333333333,0,0,0,0
Reduced-Service,Evening,Demand Rule,1025,1742720703,10,1202.2333333333333,0,0,0,2
Reduced-Service,Evening,Demand Rule,1026,1522367500,6,1192.5,1,0,1,1
Reduced-Service,Evening,Demand Rule,1026,1522367500,7,1197.4333333333334,0,0,0,0
Reduced-Service,Evening,Demand Rule,1026,1522367500,8,1198.2333333333333,0,0,0,0
Reduced-Service,Evening,Demand Rule,1026,1522367500,9,1199.3333333333333,0,0,0,0
Reduced-Service,Evening,Demand Rule,1026,1522367500,10,1202.2333333333333,0,0,0,1
Reduced-Service,Evening,Demand Rule,1027,403830989,6,1192.5,1,0,1,1
Reduced-Service,Evening,Demand Rule,1027,403830989,7,1197.4333333333334,0,0,0,0
Reduced-Service,Evening,Demand Rule,1027,403830989,8,1198.2333333333333,0,0,0,0
Reduced-Service,Evening,Demand Rule,1027,403830989,9,1199.3333333333333,0,0,0,0
Reduced-Service,Evening,Demand Rule,1027,403830989,10,1202.2333333333333,0,0,0,4
Reduced-Service,Evening,Demand Rule,1028,1967774211,6,1192.5,1,0,1,1
Reduced-Service,Evening,Demand Rule,1028,1967774211,7,1197.4333333333334,1,0,1,1
Reduced-Service,Evening,Demand Rule,1028,1967774211,8,1198.2333333333333,0,0,0,0
Reduced-Service,Evening,Demand Rule,1028,1967774211,9,1199.3333333333333,0,0,0,0
Reduced-Service,Evening,Demand Rule,1028,1967774211,10,1202.2333333333333,0,0,0,2
Reduced-Service,Evening,Demand Rule,1029,215896334,6,1192.5,1,0,1,1
Reduced-Service,Evening,Demand Rule,1029,215896334,7,1197.4333333333334,0,0,0,0
Reduced-Service,Evening,Demand Rule,1029,215896334,8,1198.2333333333333,0,0,0,0
Reduced-Service,Evening,Demand Rule,1029,215896334,9,1199.3333333333333,0,0,0,0
Reduced-Service,Evening,Demand Rule,1029,215896334,10,1202.2333333333333,0,0,0,3
Reduced-Service,Evening,Demand Rule,1030,2449122539,6,1192.5,1,0,1,1
Reduced-Service,Evening,Demand Rule,1030,2449122539,7,1197.4333333333334,0,0,0,0
Reduced-Service,Evening,Demand Rule,1030,2449122539,8,1198.2333333333333,0,0,0,0
Reduced-Service,Evening,Demand Rule,1030,2449122539,9,1199.3333333333333,0,0,0,0
Reduced-Service,Evening,Demand Rule,1030,2449122539,10,1202.2333333333333,0,0,0,2
Combined,Morning,GA,1001,575107655,6,654.0,5,0,5,5
Combined,Morning,GA,1001,575107655,7,660.7,0,0,0,0
Combined,Morning,GA,1001,575107655,8,661.7916666666667,0,0,0,0
Combined,Morning,GA,1001,575107655,9,663.425,0,0,0,0
Combined,Morning,GA,1001,575107655,10,667.7916666666667,0,0,0,2
Combined,Morning,GA,1002,868506165,6,654.0,3,0,3,3
Combined,Morning,GA,1002,868506165,7,660.7,0,0,0,1
Combined,Morning,GA,1002,868506165,8,661.7916666666667,0,0,0,1
Combined,Morning,GA,1002,868506165,9,663.425,0,0,0,0
Combined,Morning,GA,1002,868506165,10,667.7916666666667,0,0,0,1
Combined,Morning,GA,1003,64261288,6,654.0,1,0,1,1
Combined,Morning,GA,1003,64261288,7,660.7,0,0,0,1
Combined,Morning,GA,1003,64261288,8,661.7916666666667,0,0,0,0
Combined,Morning,GA,1003,64261288,9,663.425,0,0,0,0
Combined,Morning,GA,1003,64261288,10,667.7916666666667,0,0,0,0
Combined,Morning,GA,1004,897980844,6,654.0,2,0,2,2
Combined,Morning,GA,1004,897980844,7,660.7,0,0,0,0
Combined,Morning,GA,1004,897980844,8,661.7916666666667,0,0,0,0
Combined,Morning,GA,1004,897980844,9,663.425,0,0,0,2
Combined,Morning,GA,1004,897980844,10,667.7916666666667,0,0,0,2
Combined,Morning,GA,1005,845940892,6,654.0,2,0,2,2
Combined,Morning,GA,1005,845940892,7,660.7,0,0,0,3
Combined,Morning,GA,1005,845940892,8,661.7916666666667,0,0,0,0
Combined,Morning,GA,1005,845940892,9,663.425,0,0,0,1
Combined,Morning,GA,1005,845940892,10,667.7916666666667,0,0,0,4
Combined,Morning,GA,1006,66009406,6,654.0,2,0,2,2
Combined,Morning,GA,1006,66009406,7,660.7,0,0,0,1
Combined,Morning,GA,1006,66009406,8,661.7916666666667,0,0,0,0
Combined,Morning,GA,1006,66009406,9,663.425,0,0,0,0
Combined,Morning,GA,1006,66009406,10,667.7916666666667,0,0,0,1
Combined,Morning,GA,1007,1241135382,6,654.0,2,0,2,2
Combined,Morning,GA,1007,1241135382,7,660.7,0,0,0,0
Combined,Morning,GA,1007,1241135382,8,661.7916666666667,0,0,0,1
Combined,Morning,GA,1007,1241135382,9,663.425,0,0,0,0
Combined,Morning,GA,1007,1241135382,10,667.7916666666667,0,0,0,0
Combined,Morning,GA,1008,2905494228,6,654.0,1,0,1,1
Combined,Morning,GA,1008,2905494228,7,660.7,0,0,0,1
Combined,Morning,GA,1008,2905494228,8,661.7916666666667,0,0,0,1
Combined,Morning,GA,1008,2905494228,9,663.425,0,0,0,0
Combined,Morning,GA,1008,2905494228,10,667.7916666666667,0,0,0,1
Combined,Morning,GA,1009,2526559800,6,654.0,3,0,3,3
Combined,Morning,GA,1009,2526559800,7,660.7,0,0,0,1
Combined,Morning,GA,1009,2526559800,8,661.7916666666667,0,0,0,1
Combined,Morning,GA,1009,2526559800,9,663.425,0,0,0,1
Combined,Morning,GA,1009,2526559800,10,667.7916666666667,0,0,0,3
Combined,Morning,GA,1010,1291834702,6,654.0,4,0,4,4
Combined,Morning,GA,1010,1291834702,7,660.7,0,0,0,1
Combined,Morning,GA,1010,1291834702,8,661.7916666666667,0,0,0,0
Combined,Morning,GA,1010,1291834702,9,663.425,0,0,0,1
Combined,Morning,GA,1010,1291834702,10,667.7916666666667,0,0,0,3
Combined,Morning,GA,1011,3581619815,6,654.0,2,0,2,2
Combined,Morning,GA,1011,3581619815,7,660.7,0,0,0,1
Combined,Morning,GA,1011,3581619815,8,661.7916666666667,0,0,0,0
Combined,Morning,GA,1011,3581619815,9,663.425,0,0,0,0
Combined,Morning,GA,1011,3581619815,10,667.7916666666667,0,0,0,2
Combined,Morning,GA,1012,3651533743,6,654.0,2,0,2,2
Combined,Morning,GA,1012,3651533743,7,660.7,0,0,0,0
Combined,Morning,GA,1012,3651533743,8,661.7916666666667,0,0,0,1
Combined,Morning,GA,1012,3651533743,9,663.425,0,0,0,1
Combined,Morning,GA,1012,3651533743,10,667.7916666666667,0,0,0,5
Combined,Morning,GA,1013,3932276593,6,654.0,1,0,1,1
Combined,Morning,GA,1013,3932276593,7,660.7,0,0,0,0
Combined,Morning,GA,1013,3932276593,8,661.7916666666667,0,0,0,0
Combined,Morning,GA,1013,3932276593,9,663.425,0,0,0,2
Combined,Morning,GA,1013,3932276593,10,667.7916666666667,0,0,0,5
Combined,Morning,GA,1014,3122121222,6,654.0,4,0,4,4
Combined,Morning,GA,1014,3122121222,7,660.7,0,0,0,1
Combined,Morning,GA,1014,3122121222,8,661.7916666666667,0,0,0,1
Combined,Morning,GA,1014,3122121222,9,663.425,0,0,0,1
Combined,Morning,GA,1014,3122121222,10,667.7916666666667,0,0,0,1
Combined,Morning,GA,1015,3662741725,6,654.0,4,0,4,4
Combined,Morning,GA,1015,3662741725,7,660.7,0,0,0,0
Combined,Morning,GA,1015,3662741725,8,661.7916666666667,0,0,0,0
Combined,Morning,GA,1015,3662741725,9,663.425,0,0,0,2
Combined,Morning,GA,1015,3662741725,10,667.7916666666667,0,0,0,4
Combined,Morning,GA,1016,2936492253,6,654.0,3,0,3,3
Combined,Morning,GA,1016,2936492253,7,660.7,0,0,0,1
Combined,Morning,GA,1016,2936492253,8,661.7916666666667,0,0,0,0
Combined,Morning,GA,1016,2936492253,9,663.425,0,0,0,0
Combined,Morning,GA,1016,2936492253,10,667.7916666666667,0,0,0,2
Combined,Morning,GA,1017,129473399,6,654.0,5,0,5,5
Combined,Morning,GA,1017,129473399,7,660.7,0,0,0,0
Combined,Morning,GA,1017,129473399,8,661.7916666666667,0,0,0,0
Combined,Morning,GA,1017,129473399,9,663.425,0,0,0,1
Combined,Morning,GA,1017,129473399,10,667.7916666666667,0,0,0,3
Combined,Morning,GA,1018,1866136011,6,654.0,0,0,0,0
Combined,Morning,GA,1018,1866136011,7,660.7,0,0,0,0
Combined,Morning,GA,1018,1866136011,8,661.7916666666667,0,0,0,0
Combined,Morning,GA,1018,1866136011,9,663.425,0,0,0,1
Combined,Morning,GA,1018,1866136011,10,667.7916666666667,0,0,0,3
Combined,Morning,GA,1019,4287566515,6,654.0,0,0,0,0
Combined,Morning,GA,1019,4287566515,7,660.7,0,0,0,2
Combined,Morning,GA,1019,4287566515,8,661.7916666666667,0,0,0,0
Combined,Morning,GA,1019,4287566515,9,663.425,0,0,0,0
Combined,Morning,GA,1019,4287566515,10,667.7916666666667,0,0,0,0
Combined,Morning,GA,1020,1395281472,6,654.0,4,0,4,4
Combined,Morning,GA,1020,1395281472,7,660.7,0,0,0,1
Combined,Morning,GA,1020,1395281472,8,661.7916666666667,0,0,0,0
Combined,Morning,GA,1020,1395281472,9,663.425,0,0,0,0
Combined,Morning,GA,1020,1395281472,10,667.7916666666667,0,0,0,3
Combined,Morning,GA,1021,3437867865,6,654.0,2,0,2,2
Combined,Morning,GA,1021,3437867865,7,660.7,0,0,0,0
Combined,Morning,GA,1021,3437867865,8,661.7916666666667,0,0,0,0
Combined,Morning,GA,1021,3437867865,9,663.425,0,0,0,0
Combined,Morning,GA,1021,3437867865,10,667.7916666666667,0,0,0,5
Combined,Morning,GA,1022,127113282,6,654.0,4,0,4,4
Combined,Morning,GA,1022,127113282,7,660.7,0,0,0,1
Combined,Morning,GA,1022,127113282,8,661.7916666666667,0,0,0,2
Combined,Morning,GA,1022,127113282,9,663.425,0,0,0,0
Combined,Morning,GA,1022,127113282,10,667.7916666666667,0,0,0,3
Combined,Morning,GA,1023,3924048200,6,654.0,3,0,3,3
Combined,Morning,GA,1023,3924048200,7,660.7,0,0,0,0
Combined,Morning,GA,1023,3924048200,8,661.7916666666667,0,0,0,0
Combined,Morning,GA,1023,3924048200,9,663.425,0,0,0,0
Combined,Morning,GA,1023,3924048200,10,667.7916666666667,0,0,0,3
Combined,Morning,GA,1024,163537029,6,654.0,1,0,1,1
Combined,Morning,GA,1024,163537029,7,660.7,0,0,0,0
Combined,Morning,GA,1024,163537029,8,661.7916666666667,0,0,0,0
Combined,Morning,GA,1024,163537029,9,663.425,0,0,0,1
Combined,Morning,GA,1024,163537029,10,667.7916666666667,0,0,0,0
Combined,Morning,GA,1025,1742720703,6,654.0,3,0,3,3
Combined,Morning,GA,1025,1742720703,7,660.7,0,0,0,0
Combined,Morning,GA,1025,1742720703,8,661.7916666666667,0,0,0,0
Combined,Morning,GA,1025,1742720703,9,663.425,0,0,0,0
Combined,Morning,GA,1025,1742720703,10,667.7916666666667,0,0,0,1
Combined,Morning,GA,1026,1522367500,6,654.0,5,0,5,5
Combined,Morning,GA,1026,1522367500,7,660.7,0,0,0,0
Combined,Morning,GA,1026,1522367500,8,661.7916666666667,0,0,0,1
Combined,Morning,GA,1026,1522367500,9,663.425,0,0,0,1
Combined,Morning,GA,1026,1522367500,10,667.7916666666667,0,0,0,2
Combined,Morning,GA,1027,403830989,6,654.0,2,0,2,2
Combined,Morning,GA,1027,403830989,7,660.7,0,0,0,1
Combined,Morning,GA,1027,403830989,8,661.7916666666667,0,0,0,0
Combined,Morning,GA,1027,403830989,9,663.425,0,0,0,0
Combined,Morning,GA,1027,403830989,10,667.7916666666667,0,0,0,1
Combined,Morning,GA,1028,1967774211,6,654.0,1,0,1,1
Combined,Morning,GA,1028,1967774211,7,660.7,0,0,0,0
Combined,Morning,GA,1028,1967774211,8,661.7916666666667,0,0,0,1
Combined,Morning,GA,1028,1967774211,9,663.425,0,0,0,1
Combined,Morning,GA,1028,1967774211,10,667.7916666666667,0,0,0,0
Combined,Morning,GA,1029,215896334,6,654.0,2,0,2,2
Combined,Morning,GA,1029,215896334,7,660.7,0,0,0,0
Combined,Morning,GA,1029,215896334,8,661.7916666666667,0,0,0,1
Combined,Morning,GA,1029,215896334,9,663.425,0,0,0,0
Combined,Morning,GA,1029,215896334,10,667.7916666666667,0,0,0,2
Combined,Morning,GA,1030,2449122539,6,654.0,3,0,3,3
Combined,Morning,GA,1030,2449122539,7,660.7,0,0,0,1
Combined,Morning,GA,1030,2449122539,8,661.7916666666667,0,0,0,0
Combined,Morning,GA,1030,2449122539,9,663.425,0,0,0,0
Combined,Morning,GA,1030,2449122539,10,667.7916666666667,0,0,0,3
Combined,Morning,Regularized Reference,1001,575107655,6,654.0,5,0,5,5
Combined,Morning,Regularized Reference,1001,575107655,7,660.7,0,0,0,0
Combined,Morning,Regularized Reference,1001,575107655,8,661.7916666666667,0,0,0,0
Combined,Morning,Regularized Reference,1001,575107655,9,663.425,0,0,0,0
Combined,Morning,Regularized Reference,1001,575107655,10,667.7916666666667,0,0,0,2
Combined,Morning,Regularized Reference,1002,868506165,6,654.0,3,0,3,3
Combined,Morning,Regularized Reference,1002,868506165,7,660.7,0,0,0,1
Combined,Morning,Regularized Reference,1002,868506165,8,661.7916666666667,0,0,0,1
Combined,Morning,Regularized Reference,1002,868506165,9,663.425,0,0,0,0
Combined,Morning,Regularized Reference,1002,868506165,10,667.7916666666667,0,0,0,1
Combined,Morning,Regularized Reference,1003,64261288,6,654.0,1,0,1,1
Combined,Morning,Regularized Reference,1003,64261288,7,660.7,0,0,0,1
Combined,Morning,Regularized Reference,1003,64261288,8,661.7916666666667,0,0,0,0
Combined,Morning,Regularized Reference,1003,64261288,9,663.425,0,0,0,0
Combined,Morning,Regularized Reference,1003,64261288,10,667.7916666666667,0,0,0,0
Combined,Morning,Regularized Reference,1004,897980844,6,654.0,2,0,2,2
Combined,Morning,Regularized Reference,1004,897980844,7,660.7,0,0,0,0
Combined,Morning,Regularized Reference,1004,897980844,8,661.7916666666667,0,0,0,0
Combined,Morning,Regularized Reference,1004,897980844,9,663.425,0,0,0,2
Combined,Morning,Regularized Reference,1004,897980844,10,667.7916666666667,0,0,0,2
Combined,Morning,Regularized Reference,1005,845940892,6,654.0,2,0,2,2
Combined,Morning,Regularized Reference,1005,845940892,7,660.7,0,0,0,3
Combined,Morning,Regularized Reference,1005,845940892,8,661.7916666666667,0,0,0,0
Combined,Morning,Regularized Reference,1005,845940892,9,663.425,0,0,0,1
Combined,Morning,Regularized Reference,1005,845940892,10,667.7916666666667,0,0,0,4
Combined,Morning,Regularized Reference,1006,66009406,6,654.0,2,0,2,2
Combined,Morning,Regularized Reference,1006,66009406,7,660.7,0,0,0,1
Combined,Morning,Regularized Reference,1006,66009406,8,661.7916666666667,0,0,0,0
Combined,Morning,Regularized Reference,1006,66009406,9,663.425,0,0,0,0
Combined,Morning,Regularized Reference,1006,66009406,10,667.7916666666667,0,0,0,1
Combined,Morning,Regularized Reference,1007,1241135382,6,654.0,2,0,2,2
Combined,Morning,Regularized Reference,1007,1241135382,7,660.7,0,0,0,0
Combined,Morning,Regularized Reference,1007,1241135382,8,661.7916666666667,0,0,0,1
Combined,Morning,Regularized Reference,1007,1241135382,9,663.425,0,0,0,0
Combined,Morning,Regularized Reference,1007,1241135382,10,667.7916666666667,0,0,0,0
Combined,Morning,Regularized Reference,1008,2905494228,6,654.0,1,0,1,1
Combined,Morning,Regularized Reference,1008,2905494228,7,660.7,0,0,0,1
Combined,Morning,Regularized Reference,1008,2905494228,8,661.7916666666667,0,0,0,1
Combined,Morning,Regularized Reference,1008,2905494228,9,663.425,0,0,0,0
Combined,Morning,Regularized Reference,1008,2905494228,10,667.7916666666667,0,0,0,1
Combined,Morning,Regularized Reference,1009,2526559800,6,654.0,3,0,3,3
Combined,Morning,Regularized Reference,1009,2526559800,7,660.7,0,0,0,1
Combined,Morning,Regularized Reference,1009,2526559800,8,661.7916666666667,0,0,0,1
Combined,Morning,Regularized Reference,1009,2526559800,9,663.425,0,0,0,1
Combined,Morning,Regularized Reference,1009,2526559800,10,667.7916666666667,0,0,0,3
Combined,Morning,Regularized Reference,1010,1291834702,6,654.0,4,0,4,4
Combined,Morning,Regularized Reference,1010,1291834702,7,660.7,0,0,0,1
Combined,Morning,Regularized Reference,1010,1291834702,8,661.7916666666667,0,0,0,0
Combined,Morning,Regularized Reference,1010,1291834702,9,663.425,0,0,0,1
Combined,Morning,Regularized Reference,1010,1291834702,10,667.7916666666667,0,0,0,3
Combined,Morning,Regularized Reference,1011,3581619815,6,654.0,2,0,2,2
Combined,Morning,Regularized Reference,1011,3581619815,7,660.7,0,0,0,1
Combined,Morning,Regularized Reference,1011,3581619815,8,661.7916666666667,0,0,0,0
Combined,Morning,Regularized Reference,1011,3581619815,9,663.425,0,0,0,0
Combined,Morning,Regularized Reference,1011,3581619815,10,667.7916666666667,0,0,0,2
Combined,Morning,Regularized Reference,1012,3651533743,6,654.0,2,0,2,2
Combined,Morning,Regularized Reference,1012,3651533743,7,660.7,0,0,0,0
Combined,Morning,Regularized Reference,1012,3651533743,8,661.7916666666667,0,0,0,1
Combined,Morning,Regularized Reference,1012,3651533743,9,663.425,0,0,0,1
Combined,Morning,Regularized Reference,1012,3651533743,10,667.7916666666667,0,0,0,5
Combined,Morning,Regularized Reference,1013,3932276593,6,654.0,1,0,1,1
Combined,Morning,Regularized Reference,1013,3932276593,7,660.7,0,0,0,0
Combined,Morning,Regularized Reference,1013,3932276593,8,661.7916666666667,0,0,0,0
Combined,Morning,Regularized Reference,1013,3932276593,9,663.425,0,0,0,2
Combined,Morning,Regularized Reference,1013,3932276593,10,667.7916666666667,0,0,0,5
Combined,Morning,Regularized Reference,1014,3122121222,6,654.0,4,0,4,4
Combined,Morning,Regularized Reference,1014,3122121222,7,660.7,0,0,0,1
Combined,Morning,Regularized Reference,1014,3122121222,8,661.7916666666667,0,0,0,1
Combined,Morning,Regularized Reference,1014,3122121222,9,663.425,0,0,0,1
Combined,Morning,Regularized Reference,1014,3122121222,10,667.7916666666667,0,0,0,1
Combined,Morning,Regularized Reference,1015,3662741725,6,654.0,4,0,4,4
Combined,Morning,Regularized Reference,1015,3662741725,7,660.7,0,0,0,0
Combined,Morning,Regularized Reference,1015,3662741725,8,661.7916666666667,0,0,0,0
Combined,Morning,Regularized Reference,1015,3662741725,9,663.425,0,0,0,2
Combined,Morning,Regularized Reference,1015,3662741725,10,667.7916666666667,0,0,0,4
Combined,Morning,Regularized Reference,1016,2936492253,6,654.0,3,0,3,3
Combined,Morning,Regularized Reference,1016,2936492253,7,660.7,0,0,0,1
Combined,Morning,Regularized Reference,1016,2936492253,8,661.7916666666667,0,0,0,0
Combined,Morning,Regularized Reference,1016,2936492253,9,663.425,0,0,0,0
Combined,Morning,Regularized Reference,1016,2936492253,10,667.7916666666667,0,0,0,2
Combined,Morning,Regularized Reference,1017,129473399,6,654.0,5,0,5,5
Combined,Morning,Regularized Reference,1017,129473399,7,660.7,0,0,0,0
Combined,Morning,Regularized Reference,1017,129473399,8,661.7916666666667,0,0,0,0
Combined,Morning,Regularized Reference,1017,129473399,9,663.425,0,0,0,1
Combined,Morning,Regularized Reference,1017,129473399,10,667.7916666666667,0,0,0,3
Combined,Morning,Regularized Reference,1018,1866136011,6,654.0,0,0,0,0
Combined,Morning,Regularized Reference,1018,1866136011,7,660.7,0,0,0,0
Combined,Morning,Regularized Reference,1018,1866136011,8,661.7916666666667,0,0,0,0
Combined,Morning,Regularized Reference,1018,1866136011,9,663.425,0,0,0,1
Combined,Morning,Regularized Reference,1018,1866136011,10,667.7916666666667,0,0,0,3
Combined,Morning,Regularized Reference,1019,4287566515,6,654.0,0,0,0,0
Combined,Morning,Regularized Reference,1019,4287566515,7,660.7,0,0,0,2
Combined,Morning,Regularized Reference,1019,4287566515,8,661.7916666666667,0,0,0,0
Combined,Morning,Regularized Reference,1019,4287566515,9,663.425,0,0,0,0
Combined,Morning,Regularized Reference,1019,4287566515,10,667.7916666666667,0,0,0,0
Combined,Morning,Regularized Reference,1020,1395281472,6,654.0,4,0,4,4
Combined,Morning,Regularized Reference,1020,1395281472,7,660.7,0,0,0,1
Combined,Morning,Regularized Reference,1020,1395281472,8,661.7916666666667,0,0,0,0
Combined,Morning,Regularized Reference,1020,1395281472,9,663.425,0,0,0,0
Combined,Morning,Regularized Reference,1020,1395281472,10,667.7916666666667,0,0,0,3
Combined,Morning,Regularized Reference,1021,3437867865,6,654.0,2,0,2,2
Combined,Morning,Regularized Reference,1021,3437867865,7,660.7,0,0,0,0
Combined,Morning,Regularized Reference,1021,3437867865,8,661.7916666666667,0,0,0,0
Combined,Morning,Regularized Reference,1021,3437867865,9,663.425,0,0,0,0
Combined,Morning,Regularized Reference,1021,3437867865,10,667.7916666666667,0,0,0,5
Combined,Morning,Regularized Reference,1022,127113282,6,654.0,4,0,4,4
Combined,Morning,Regularized Reference,1022,127113282,7,660.7,0,0,0,1
Combined,Morning,Regularized Reference,1022,127113282,8,661.7916666666667,0,0,0,2
Combined,Morning,Regularized Reference,1022,127113282,9,663.425,0,0,0,0
Combined,Morning,Regularized Reference,1022,127113282,10,667.7916666666667,0,0,0,3
Combined,Morning,Regularized Reference,1023,3924048200,6,654.0,3,0,3,3
Combined,Morning,Regularized Reference,1023,3924048200,7,660.7,0,0,0,0
Combined,Morning,Regularized Reference,1023,3924048200,8,661.7916666666667,0,0,0,0
Combined,Morning,Regularized Reference,1023,3924048200,9,663.425,0,0,0,0
Combined,Morning,Regularized Reference,1023,3924048200,10,667.7916666666667,0,0,0,3
Combined,Morning,Regularized Reference,1024,163537029,6,654.0,1,0,1,1
Combined,Morning,Regularized Reference,1024,163537029,7,660.7,0,0,0,0
Combined,Morning,Regularized Reference,1024,163537029,8,661.7916666666667,0,0,0,0
Combined,Morning,Regularized Reference,1024,163537029,9,663.425,0,0,0,1
Combined,Morning,Regularized Reference,1024,163537029,10,667.7916666666667,0,0,0,0
Combined,Morning,Regularized Reference,1025,1742720703,6,654.0,3,0,3,3
Combined,Morning,Regularized Reference,1025,1742720703,7,660.7,0,0,0,0
Combined,Morning,Regularized Reference,1025,1742720703,8,661.7916666666667,0,0,0,0
Combined,Morning,Regularized Reference,1025,1742720703,9,663.425,0,0,0,0
Combined,Morning,Regularized Reference,1025,1742720703,10,667.7916666666667,0,0,0,1
Combined,Morning,Regularized Reference,1026,1522367500,6,654.0,5,0,5,5
Combined,Morning,Regularized Reference,1026,1522367500,7,660.7,0,0,0,0
Combined,Morning,Regularized Reference,1026,1522367500,8,661.7916666666667,0,0,0,1
Combined,Morning,Regularized Reference,1026,1522367500,9,663.425,0,0,0,1
Combined,Morning,Regularized Reference,1026,1522367500,10,667.7916666666667,0,0,0,2
Combined,Morning,Regularized Reference,1027,403830989,6,654.0,2,0,2,2
Combined,Morning,Regularized Reference,1027,403830989,7,660.7,0,0,0,1
Combined,Morning,Regularized Reference,1027,403830989,8,661.7916666666667,0,0,0,0
Combined,Morning,Regularized Reference,1027,403830989,9,663.425,0,0,0,0
Combined,Morning,Regularized Reference,1027,403830989,10,667.7916666666667,0,0,0,1
Combined,Morning,Regularized Reference,1028,1967774211,6,654.0,1,0,1,1
Combined,Morning,Regularized Reference,1028,1967774211,7,660.7,0,0,0,0
Combined,Morning,Regularized Reference,1028,1967774211,8,661.7916666666667,0,0,0,1
Combined,Morning,Regularized Reference,1028,1967774211,9,663.425,0,0,0,1
Combined,Morning,Regularized Reference,1028,1967774211,10,667.7916666666667,0,0,0,0
Combined,Morning,Regularized Reference,1029,215896334,6,654.0,2,0,2,2
Combined,Morning,Regularized Reference,1029,215896334,7,660.7,0,0,0,0
Combined,Morning,Regularized Reference,1029,215896334,8,661.7916666666667,0,0,0,1
Combined,Morning,Regularized Reference,1029,215896334,9,663.425,0,0,0,0
Combined,Morning,Regularized Reference,1029,215896334,10,667.7916666666667,0,0,0,2
Combined,Morning,Regularized Reference,1030,2449122539,6,654.0,3,0,3,3
Combined,Morning,Regularized Reference,1030,2449122539,7,660.7,0,0,0,1
Combined,Morning,Regularized Reference,1030,2449122539,8,661.7916666666667,0,0,0,0
Combined,Morning,Regularized Reference,1030,2449122539,9,663.425,0,0,0,0
Combined,Morning,Regularized Reference,1030,2449122539,10,667.7916666666667,0,0,0,3
Combined,Morning,Demand Rule,1001,575107655,6,652.5,6,0,6,6
Combined,Morning,Demand Rule,1001,575107655,7,659.2,0,0,0,0
Combined,Morning,Demand Rule,1001,575107655,8,660.2916666666667,0,0,0,0
Combined,Morning,Demand Rule,1001,575107655,9,661.925,0,0,0,0
Combined,Morning,Demand Rule,1001,575107655,10,666.2916666666667,0,0,0,2
Combined,Morning,Demand Rule,1002,868506165,6,652.5,4,0,4,4
Combined,Morning,Demand Rule,1002,868506165,7,659.2,0,0,0,0
Combined,Morning,Demand Rule,1002,868506165,8,660.2916666666667,0,0,0,1
Combined,Morning,Demand Rule,1002,868506165,9,661.925,0,0,0,0
Combined,Morning,Demand Rule,1002,868506165,10,666.2916666666667,0,0,0,2
Combined,Morning,Demand Rule,1003,64261288,6,652.5,2,0,2,2
Combined,Morning,Demand Rule,1003,64261288,7,659.2,0,0,0,0
Combined,Morning,Demand Rule,1003,64261288,8,660.2916666666667,0,0,0,0
Combined,Morning,Demand Rule,1003,64261288,9,661.925,0,0,0,0
Combined,Morning,Demand Rule,1003,64261288,10,666.2916666666667,0,0,0,1
Combined,Morning,Demand Rule,1004,897980844,6,652.5,2,0,2,2
Combined,Morning,Demand Rule,1004,897980844,7,659.2,0,0,0,0
Combined,Morning,Demand Rule,1004,897980844,8,660.2916666666667,0,0,0,0
Combined,Morning,Demand Rule,1004,897980844,9,661.925,0,0,0,2
Combined,Morning,Demand Rule,1004,897980844,10,666.2916666666667,0,0,0,5
Combined,Morning,Demand Rule,1005,845940892,6,652.5,2,0,2,2
Combined,Morning,Demand Rule,1005,845940892,7,659.2,1,0,1,1
Combined,Morning,Demand Rule,1005,845940892,8,660.2916666666667,0,0,0,0
Combined,Morning,Demand Rule,1005,845940892,9,661.925,0,0,0,1
Combined,Morning,Demand Rule,1005,845940892,10,666.2916666666667,0,0,0,10
Combined,Morning,Demand Rule,1006,66009406,6,652.5,2,0,2,2
Combined,Morning,Demand Rule,1006,66009406,7,659.2,0,0,0,0
Combined,Morning,Demand Rule,1006,66009406,8,660.2916666666667,0,0,0,0
Combined,Morning,Demand Rule,1006,66009406,9,661.925,0,0,0,0
Combined,Morning,Demand Rule,1006,66009406,10,666.2916666666667,0,0,0,4
Combined,Morning,Demand Rule,1007,1241135382,6,652.5,2,0,2,2
Combined,Morning,Demand Rule,1007,1241135382,7,659.2,0,0,0,0
Combined,Morning,Demand Rule,1007,1241135382,8,660.2916666666667,0,0,0,1
Combined,Morning,Demand Rule,1007,1241135382,9,661.925,0,0,0,0
Combined,Morning,Demand Rule,1007,1241135382,10,666.2916666666667,0,0,0,3
Combined,Morning,Demand Rule,1008,2905494228,6,652.5,1,0,1,1
Combined,Morning,Demand Rule,1008,2905494228,7,659.2,0,0,0,0
Combined,Morning,Demand Rule,1008,2905494228,8,660.2916666666667,0,0,0,2
Combined,Morning,Demand Rule,1008,2905494228,9,661.925,0,0,0,0
Combined,Morning,Demand Rule,1008,2905494228,10,666.2916666666667,0,0,0,4
Combined,Morning,Demand Rule,1009,2526559800,6,652.5,4,0,4,4
Combined,Morning,Demand Rule,1009,2526559800,7,659.2,1,0,1,1
Combined,Morning,Demand Rule,1009,2526559800,8,660.2916666666667,0,0,0,1
Combined,Morning,Demand Rule,1009,2526559800,9,661.925,0,0,0,1
Combined,Morning,Demand Rule,1009,2526559800,10,666.2916666666667,0,0,0,7
Combined,Morning,Demand Rule,1010,1291834702,6,652.5,4,0,4,4
Combined,Morning,Demand Rule,1010,1291834702,7,659.2,0,0,0,0
Combined,Morning,Demand Rule,1010,1291834702,8,660.2916666666667,0,0,0,0
Combined,Morning,Demand Rule,1010,1291834702,9,661.925,0,0,0,2
Combined,Morning,Demand Rule,1010,1291834702,10,666.2916666666667,0,0,0,3
Combined,Morning,Demand Rule,1011,3581619815,6,652.5,2,0,2,2
Combined,Morning,Demand Rule,1011,3581619815,7,659.2,0,0,0,0
Combined,Morning,Demand Rule,1011,3581619815,8,660.2916666666667,0,0,0,0
Combined,Morning,Demand Rule,1011,3581619815,9,661.925,0,0,0,0
Combined,Morning,Demand Rule,1011,3581619815,10,666.2916666666667,0,0,0,4
Combined,Morning,Demand Rule,1012,3651533743,6,652.5,2,0,2,2
Combined,Morning,Demand Rule,1012,3651533743,7,659.2,0,0,0,0
Combined,Morning,Demand Rule,1012,3651533743,8,660.2916666666667,0,0,0,1
Combined,Morning,Demand Rule,1012,3651533743,9,661.925,0,0,0,1
Combined,Morning,Demand Rule,1012,3651533743,10,666.2916666666667,0,0,0,6
Combined,Morning,Demand Rule,1013,3932276593,6,652.5,2,0,2,2
Combined,Morning,Demand Rule,1013,3932276593,7,659.2,0,0,0,0
Combined,Morning,Demand Rule,1013,3932276593,8,660.2916666666667,0,0,0,0
Combined,Morning,Demand Rule,1013,3932276593,9,661.925,0,0,0,2
Combined,Morning,Demand Rule,1013,3932276593,10,666.2916666666667,0,0,0,8
Combined,Morning,Demand Rule,1014,3122121222,6,652.5,5,0,5,5
Combined,Morning,Demand Rule,1014,3122121222,7,659.2,1,0,1,1
Combined,Morning,Demand Rule,1014,3122121222,8,660.2916666666667,0,0,0,1
Combined,Morning,Demand Rule,1014,3122121222,9,661.925,0,0,0,2
Combined,Morning,Demand Rule,1014,3122121222,10,666.2916666666667,0,0,0,3
Combined,Morning,Demand Rule,1015,3662741725,6,652.5,5,0,5,5
Combined,Morning,Demand Rule,1015,3662741725,7,659.2,0,0,0,0
Combined,Morning,Demand Rule,1015,3662741725,8,660.2916666666667,0,0,0,1
Combined,Morning,Demand Rule,1015,3662741725,9,661.925,0,0,0,3
Combined,Morning,Demand Rule,1015,3662741725,10,666.2916666666667,0,0,0,10
Combined,Morning,Demand Rule,1016,2936492253,6,652.5,4,0,4,4
Combined,Morning,Demand Rule,1016,2936492253,7,659.2,0,0,0,0
Combined,Morning,Demand Rule,1016,2936492253,8,660.2916666666667,0,0,0,0
Combined,Morning,Demand Rule,1016,2936492253,9,661.925,0,0,0,0
Combined,Morning,Demand Rule,1016,2936492253,10,666.2916666666667,0,0,0,5
Combined,Morning,Demand Rule,1017,129473399,6,652.5,5,0,5,5
Combined,Morning,Demand Rule,1017,129473399,7,659.2,0,0,0,0
Combined,Morning,Demand Rule,1017,129473399,8,660.2916666666667,0,0,0,1
Combined,Morning,Demand Rule,1017,129473399,9,661.925,0,0,0,1
Combined,Morning,Demand Rule,1017,129473399,10,666.2916666666667,0,0,0,6
Combined,Morning,Demand Rule,1018,1866136011,6,652.5,0,0,0,0
Combined,Morning,Demand Rule,1018,1866136011,7,659.2,0,0,0,0
Combined,Morning,Demand Rule,1018,1866136011,8,660.2916666666667,0,0,0,1
Combined,Morning,Demand Rule,1018,1866136011,9,661.925,0,0,0,2
Combined,Morning,Demand Rule,1018,1866136011,10,666.2916666666667,0,0,0,5
Combined,Morning,Demand Rule,1019,4287566515,6,652.5,2,0,2,2
Combined,Morning,Demand Rule,1019,4287566515,7,659.2,0,0,0,0
Combined,Morning,Demand Rule,1019,4287566515,8,660.2916666666667,0,0,0,0
Combined,Morning,Demand Rule,1019,4287566515,9,661.925,0,0,0,0
Combined,Morning,Demand Rule,1019,4287566515,10,666.2916666666667,0,0,0,3
Combined,Morning,Demand Rule,1020,1395281472,6,652.5,4,0,4,4
Combined,Morning,Demand Rule,1020,1395281472,7,659.2,0,0,0,0
Combined,Morning,Demand Rule,1020,1395281472,8,660.2916666666667,0,0,0,0
Combined,Morning,Demand Rule,1020,1395281472,9,661.925,0,0,0,0
Combined,Morning,Demand Rule,1020,1395281472,10,666.2916666666667,0,0,0,5
Combined,Morning,Demand Rule,1021,3437867865,6,652.5,3,0,3,3
Combined,Morning,Demand Rule,1021,3437867865,7,659.2,0,0,0,0
Combined,Morning,Demand Rule,1021,3437867865,8,660.2916666666667,0,0,0,0
Combined,Morning,Demand Rule,1021,3437867865,9,661.925,0,0,0,0
Combined,Morning,Demand Rule,1021,3437867865,10,666.2916666666667,0,0,0,7
Combined,Morning,Demand Rule,1022,127113282,6,652.5,4,0,4,4
Combined,Morning,Demand Rule,1022,127113282,7,659.2,0,0,0,0
Combined,Morning,Demand Rule,1022,127113282,8,660.2916666666667,0,0,0,2
Combined,Morning,Demand Rule,1022,127113282,9,661.925,0,0,0,0
Combined,Morning,Demand Rule,1022,127113282,10,666.2916666666667,0,0,0,7
Combined,Morning,Demand Rule,1023,3924048200,6,652.5,4,0,4,4
Combined,Morning,Demand Rule,1023,3924048200,7,659.2,0,0,0,0
Combined,Morning,Demand Rule,1023,3924048200,8,660.2916666666667,0,0,0,0
Combined,Morning,Demand Rule,1023,3924048200,9,661.925,0,0,0,0
Combined,Morning,Demand Rule,1023,3924048200,10,666.2916666666667,0,0,0,8
Combined,Morning,Demand Rule,1024,163537029,6,652.5,1,0,1,1
Combined,Morning,Demand Rule,1024,163537029,7,659.2,0,0,0,0
Combined,Morning,Demand Rule,1024,163537029,8,660.2916666666667,0,0,0,0
Combined,Morning,Demand Rule,1024,163537029,9,661.925,0,0,0,2
Combined,Morning,Demand Rule,1024,163537029,10,666.2916666666667,0,0,0,0
Combined,Morning,Demand Rule,1025,1742720703,6,652.5,3,0,3,3
Combined,Morning,Demand Rule,1025,1742720703,7,659.2,0,0,0,0
Combined,Morning,Demand Rule,1025,1742720703,8,660.2916666666667,0,0,0,0
Combined,Morning,Demand Rule,1025,1742720703,9,661.925,0,0,0,0
Combined,Morning,Demand Rule,1025,1742720703,10,666.2916666666667,0,0,0,2
Combined,Morning,Demand Rule,1026,1522367500,6,652.5,6,0,6,6
Combined,Morning,Demand Rule,1026,1522367500,7,659.2,0,0,0,0
Combined,Morning,Demand Rule,1026,1522367500,8,660.2916666666667,0,0,0,1
Combined,Morning,Demand Rule,1026,1522367500,9,661.925,0,0,0,1
Combined,Morning,Demand Rule,1026,1522367500,10,666.2916666666667,0,0,0,5
Combined,Morning,Demand Rule,1027,403830989,6,652.5,2,0,2,2
Combined,Morning,Demand Rule,1027,403830989,7,659.2,0,0,0,0
Combined,Morning,Demand Rule,1027,403830989,8,660.2916666666667,0,0,0,0
Combined,Morning,Demand Rule,1027,403830989,9,661.925,0,0,0,1
Combined,Morning,Demand Rule,1027,403830989,10,666.2916666666667,0,0,0,2
Combined,Morning,Demand Rule,1028,1967774211,6,652.5,3,0,3,3
Combined,Morning,Demand Rule,1028,1967774211,7,659.2,0,0,0,0
Combined,Morning,Demand Rule,1028,1967774211,8,660.2916666666667,0,0,0,1
Combined,Morning,Demand Rule,1028,1967774211,9,661.925,0,0,0,2
Combined,Morning,Demand Rule,1028,1967774211,10,666.2916666666667,0,0,0,6
Combined,Morning,Demand Rule,1029,215896334,6,652.5,3,0,3,3
Combined,Morning,Demand Rule,1029,215896334,7,659.2,0,0,0,0
Combined,Morning,Demand Rule,1029,215896334,8,660.2916666666667,0,0,0,1
Combined,Morning,Demand Rule,1029,215896334,9,661.925,0,0,0,1
Combined,Morning,Demand Rule,1029,215896334,10,666.2916666666667,0,0,0,4
Combined,Morning,Demand Rule,1030,2449122539,6,652.5,5,0,5,5
Combined,Morning,Demand Rule,1030,2449122539,7,659.2,0,0,0,0
Combined,Morning,Demand Rule,1030,2449122539,8,660.2916666666667,0,0,0,0
Combined,Morning,Demand Rule,1030,2449122539,9,661.925,0,0,0,0
Combined,Morning,Demand Rule,1030,2449122539,10,666.2916666666667,0,0,0,4
Combined,Evening,GA,1001,575107655,6,1192.5,2,0,2,2
Combined,Evening,GA,1001,575107655,7,1197.4333333333334,0,0,0,0
Combined,Evening,GA,1001,575107655,8,1198.2333333333333,0,0,0,0
Combined,Evening,GA,1001,575107655,9,1199.3333333333333,0,0,0,0
Combined,Evening,GA,1001,575107655,10,1202.2333333333333,0,0,0,3
Combined,Evening,GA,1002,868506165,6,1192.5,2,0,2,2
Combined,Evening,GA,1002,868506165,7,1197.4333333333334,0,0,0,0
Combined,Evening,GA,1002,868506165,8,1198.2333333333333,0,0,0,0
Combined,Evening,GA,1002,868506165,9,1199.3333333333333,0,0,0,0
Combined,Evening,GA,1002,868506165,10,1202.2333333333333,0,0,0,3
Combined,Evening,GA,1003,64261288,6,1192.5,2,0,2,2
Combined,Evening,GA,1003,64261288,7,1197.4333333333334,0,0,0,0
Combined,Evening,GA,1003,64261288,8,1198.2333333333333,1,0,1,1
Combined,Evening,GA,1003,64261288,9,1199.3333333333333,0,0,0,0
Combined,Evening,GA,1003,64261288,10,1202.2333333333333,0,0,0,4
Combined,Evening,GA,1004,897980844,6,1192.5,1,0,1,1
Combined,Evening,GA,1004,897980844,7,1197.4333333333334,0,0,0,0
Combined,Evening,GA,1004,897980844,8,1198.2333333333333,0,0,0,0
Combined,Evening,GA,1004,897980844,9,1199.3333333333333,0,0,0,0
Combined,Evening,GA,1004,897980844,10,1202.2333333333333,0,0,0,4
Combined,Evening,GA,1005,845940892,6,1192.5,2,0,2,2
Combined,Evening,GA,1005,845940892,7,1197.4333333333334,0,0,0,0
Combined,Evening,GA,1005,845940892,8,1198.2333333333333,0,0,0,0
Combined,Evening,GA,1005,845940892,9,1199.3333333333333,0,0,0,0
Combined,Evening,GA,1005,845940892,10,1202.2333333333333,0,0,0,6
Combined,Evening,GA,1006,66009406,6,1192.5,2,0,2,2
Combined,Evening,GA,1006,66009406,7,1197.4333333333334,0,0,0,0
Combined,Evening,GA,1006,66009406,8,1198.2333333333333,0,0,0,0
Combined,Evening,GA,1006,66009406,9,1199.3333333333333,0,0,0,0
Combined,Evening,GA,1006,66009406,10,1202.2333333333333,0,0,0,4
Combined,Evening,GA,1007,1241135382,6,1192.5,3,0,3,3
Combined,Evening,GA,1007,1241135382,7,1197.4333333333334,1,0,1,1
Combined,Evening,GA,1007,1241135382,8,1198.2333333333333,0,0,0,0
Combined,Evening,GA,1007,1241135382,9,1199.3333333333333,0,0,0,0
Combined,Evening,GA,1007,1241135382,10,1202.2333333333333,0,0,0,2
Combined,Evening,GA,1008,2905494228,6,1192.5,3,0,3,3
Combined,Evening,GA,1008,2905494228,7,1197.4333333333334,0,0,0,0
Combined,Evening,GA,1008,2905494228,8,1198.2333333333333,0,0,0,0
Combined,Evening,GA,1008,2905494228,9,1199.3333333333333,0,0,0,0
Combined,Evening,GA,1008,2905494228,10,1202.2333333333333,0,0,0,7
Combined,Evening,GA,1009,2526559800,6,1192.5,1,0,1,1
Combined,Evening,GA,1009,2526559800,7,1197.4333333333334,0,0,0,0
Combined,Evening,GA,1009,2526559800,8,1198.2333333333333,0,0,0,0
Combined,Evening,GA,1009,2526559800,9,1199.3333333333333,0,0,0,0
Combined,Evening,GA,1009,2526559800,10,1202.2333333333333,0,0,0,4
Combined,Evening,GA,1010,1291834702,6,1192.5,1,0,1,1
Combined,Evening,GA,1010,1291834702,7,1197.4333333333334,0,0,0,0
Combined,Evening,GA,1010,1291834702,8,1198.2333333333333,0,0,0,0
Combined,Evening,GA,1010,1291834702,9,1199.3333333333333,0,0,0,0
Combined,Evening,GA,1010,1291834702,10,1202.2333333333333,0,0,0,2
Combined,Evening,GA,1011,3581619815,6,1192.5,1,0,1,1
Combined,Evening,GA,1011,3581619815,7,1197.4333333333334,0,0,0,0
Combined,Evening,GA,1011,3581619815,8,1198.2333333333333,1,0,1,1
Combined,Evening,GA,1011,3581619815,9,1199.3333333333333,0,0,0,0
Combined,Evening,GA,1011,3581619815,10,1202.2333333333333,0,0,0,3
Combined,Evening,GA,1012,3651533743,6,1192.5,1,0,1,1
Combined,Evening,GA,1012,3651533743,7,1197.4333333333334,0,0,0,0
Combined,Evening,GA,1012,3651533743,8,1198.2333333333333,0,0,0,0
Combined,Evening,GA,1012,3651533743,9,1199.3333333333333,0,0,0,0
Combined,Evening,GA,1012,3651533743,10,1202.2333333333333,0,0,0,4
Combined,Evening,GA,1013,3932276593,6,1192.5,4,0,4,4
Combined,Evening,GA,1013,3932276593,7,1197.4333333333334,0,0,0,0
Combined,Evening,GA,1013,3932276593,8,1198.2333333333333,0,0,0,0
Combined,Evening,GA,1013,3932276593,9,1199.3333333333333,0,0,0,0
Combined,Evening,GA,1013,3932276593,10,1202.2333333333333,0,0,0,1
Combined,Evening,GA,1014,3122121222,6,1192.5,0,0,0,0
Combined,Evening,GA,1014,3122121222,7,1197.4333333333334,0,0,0,0
Combined,Evening,GA,1014,3122121222,8,1198.2333333333333,1,0,1,1
Combined,Evening,GA,1014,3122121222,9,1199.3333333333333,0,0,0,0
Combined,Evening,GA,1014,3122121222,10,1202.2333333333333,0,0,0,4
Combined,Evening,GA,1015,3662741725,6,1192.5,6,0,6,6
Combined,Evening,GA,1015,3662741725,7,1197.4333333333334,0,0,0,0
Combined,Evening,GA,1015,3662741725,8,1198.2333333333333,0,0,0,0
Combined,Evening,GA,1015,3662741725,9,1199.3333333333333,0,0,0,0
Combined,Evening,GA,1015,3662741725,10,1202.2333333333333,0,0,0,3
Combined,Evening,GA,1016,2936492253,6,1192.5,2,0,2,2
Combined,Evening,GA,1016,2936492253,7,1197.4333333333334,0,0,0,0
Combined,Evening,GA,1016,2936492253,8,1198.2333333333333,0,0,0,0
Combined,Evening,GA,1016,2936492253,9,1199.3333333333333,0,0,0,0
Combined,Evening,GA,1016,2936492253,10,1202.2333333333333,0,0,0,4
Combined,Evening,GA,1017,129473399,6,1192.5,3,0,3,3
Combined,Evening,GA,1017,129473399,7,1197.4333333333334,1,0,1,1
Combined,Evening,GA,1017,129473399,8,1198.2333333333333,1,0,1,1
Combined,Evening,GA,1017,129473399,9,1199.3333333333333,1,0,1,1
Combined,Evening,GA,1017,129473399,10,1202.2333333333333,0,0,0,6
Combined,Evening,GA,1018,1866136011,6,1192.5,3,0,3,3
Combined,Evening,GA,1018,1866136011,7,1197.4333333333334,0,0,0,0
Combined,Evening,GA,1018,1866136011,8,1198.2333333333333,0,0,0,0
Combined,Evening,GA,1018,1866136011,9,1199.3333333333333,0,0,0,0
Combined,Evening,GA,1018,1866136011,10,1202.2333333333333,0,0,0,4
Combined,Evening,GA,1019,4287566515,6,1192.5,2,0,2,2
Combined,Evening,GA,1019,4287566515,7,1197.4333333333334,0,0,0,0
Combined,Evening,GA,1019,4287566515,8,1198.2333333333333,0,0,0,0
Combined,Evening,GA,1019,4287566515,9,1199.3333333333333,0,0,0,0
Combined,Evening,GA,1019,4287566515,10,1202.2333333333333,0,0,0,1
Combined,Evening,GA,1020,1395281472,6,1192.5,3,0,3,3
Combined,Evening,GA,1020,1395281472,7,1197.4333333333334,0,0,0,0
Combined,Evening,GA,1020,1395281472,8,1198.2333333333333,0,0,0,0
Combined,Evening,GA,1020,1395281472,9,1199.3333333333333,0,0,0,0
Combined,Evening,GA,1020,1395281472,10,1202.2333333333333,0,0,0,5
Combined,Evening,GA,1021,3437867865,6,1192.5,5,0,5,5
Combined,Evening,GA,1021,3437867865,7,1197.4333333333334,2,0,2,2
Combined,Evening,GA,1021,3437867865,8,1198.2333333333333,0,0,0,0
Combined,Evening,GA,1021,3437867865,9,1199.3333333333333,0,0,0,0
Combined,Evening,GA,1021,3437867865,10,1202.2333333333333,0,0,0,2
Combined,Evening,GA,1022,127113282,6,1192.5,0,0,0,0
Combined,Evening,GA,1022,127113282,7,1197.4333333333334,0,0,0,0
Combined,Evening,GA,1022,127113282,8,1198.2333333333333,0,0,0,0
Combined,Evening,GA,1022,127113282,9,1199.3333333333333,0,0,0,0
Combined,Evening,GA,1022,127113282,10,1202.2333333333333,0,0,0,3
Combined,Evening,GA,1023,3924048200,6,1192.5,3,0,3,3
Combined,Evening,GA,1023,3924048200,7,1197.4333333333334,0,0,0,0
Combined,Evening,GA,1023,3924048200,8,1198.2333333333333,0,0,0,0
Combined,Evening,GA,1023,3924048200,9,1199.3333333333333,0,0,0,0
Combined,Evening,GA,1023,3924048200,10,1202.2333333333333,0,0,0,2
Combined,Evening,GA,1024,163537029,6,1192.5,1,0,1,1
Combined,Evening,GA,1024,163537029,7,1197.4333333333334,0,0,0,0
Combined,Evening,GA,1024,163537029,8,1198.2333333333333,0,0,0,0
Combined,Evening,GA,1024,163537029,9,1199.3333333333333,0,0,0,0
Combined,Evening,GA,1024,163537029,10,1202.2333333333333,0,0,0,3
Combined,Evening,GA,1025,1742720703,6,1192.5,2,0,2,2
Combined,Evening,GA,1025,1742720703,7,1197.4333333333334,0,0,0,0
Combined,Evening,GA,1025,1742720703,8,1198.2333333333333,0,0,0,0
Combined,Evening,GA,1025,1742720703,9,1199.3333333333333,0,0,0,0
Combined,Evening,GA,1025,1742720703,10,1202.2333333333333,0,0,0,4
Combined,Evening,GA,1026,1522367500,6,1192.5,1,0,1,1
Combined,Evening,GA,1026,1522367500,7,1197.4333333333334,0,0,0,0
Combined,Evening,GA,1026,1522367500,8,1198.2333333333333,0,0,0,0
Combined,Evening,GA,1026,1522367500,9,1199.3333333333333,0,0,0,0
Combined,Evening,GA,1026,1522367500,10,1202.2333333333333,0,0,0,2
Combined,Evening,GA,1027,403830989,6,1192.5,1,0,1,1
Combined,Evening,GA,1027,403830989,7,1197.4333333333334,0,0,0,0
Combined,Evening,GA,1027,403830989,8,1198.2333333333333,0,0,0,0
Combined,Evening,GA,1027,403830989,9,1199.3333333333333,0,0,0,0
Combined,Evening,GA,1027,403830989,10,1202.2333333333333,0,0,0,7
Combined,Evening,GA,1028,1967774211,6,1192.5,1,0,1,1
Combined,Evening,GA,1028,1967774211,7,1197.4333333333334,1,0,1,1
Combined,Evening,GA,1028,1967774211,8,1198.2333333333333,0,0,0,0
Combined,Evening,GA,1028,1967774211,9,1199.3333333333333,0,0,0,0
Combined,Evening,GA,1028,1967774211,10,1202.2333333333333,0,0,0,3
Combined,Evening,GA,1029,215896334,6,1192.5,1,0,1,1
Combined,Evening,GA,1029,215896334,7,1197.4333333333334,0,0,0,0
Combined,Evening,GA,1029,215896334,8,1198.2333333333333,0,0,0,0
Combined,Evening,GA,1029,215896334,9,1199.3333333333333,0,0,0,0
Combined,Evening,GA,1029,215896334,10,1202.2333333333333,0,0,0,3
Combined,Evening,GA,1030,2449122539,6,1192.5,3,0,3,3
Combined,Evening,GA,1030,2449122539,7,1197.4333333333334,0,0,0,0
Combined,Evening,GA,1030,2449122539,8,1198.2333333333333,0,0,0,0
Combined,Evening,GA,1030,2449122539,9,1199.3333333333333,0,0,0,0
Combined,Evening,GA,1030,2449122539,10,1202.2333333333333,0,0,0,3
Combined,Evening,Regularized Reference,1001,575107655,6,1192.5,2,0,2,2
Combined,Evening,Regularized Reference,1001,575107655,7,1197.4333333333334,0,0,0,0
Combined,Evening,Regularized Reference,1001,575107655,8,1198.2333333333333,0,0,0,0
Combined,Evening,Regularized Reference,1001,575107655,9,1199.3333333333333,0,0,0,0
Combined,Evening,Regularized Reference,1001,575107655,10,1202.2333333333333,0,0,0,3
Combined,Evening,Regularized Reference,1002,868506165,6,1192.5,2,0,2,2
Combined,Evening,Regularized Reference,1002,868506165,7,1197.4333333333334,0,0,0,0
Combined,Evening,Regularized Reference,1002,868506165,8,1198.2333333333333,0,0,0,0
Combined,Evening,Regularized Reference,1002,868506165,9,1199.3333333333333,0,0,0,0
Combined,Evening,Regularized Reference,1002,868506165,10,1202.2333333333333,0,0,0,3
Combined,Evening,Regularized Reference,1003,64261288,6,1192.5,2,0,2,2
Combined,Evening,Regularized Reference,1003,64261288,7,1197.4333333333334,0,0,0,0
Combined,Evening,Regularized Reference,1003,64261288,8,1198.2333333333333,1,0,1,1
Combined,Evening,Regularized Reference,1003,64261288,9,1199.3333333333333,0,0,0,0
Combined,Evening,Regularized Reference,1003,64261288,10,1202.2333333333333,0,0,0,4
Combined,Evening,Regularized Reference,1004,897980844,6,1192.5,1,0,1,1
Combined,Evening,Regularized Reference,1004,897980844,7,1197.4333333333334,0,0,0,0
Combined,Evening,Regularized Reference,1004,897980844,8,1198.2333333333333,0,0,0,0
Combined,Evening,Regularized Reference,1004,897980844,9,1199.3333333333333,0,0,0,0
Combined,Evening,Regularized Reference,1004,897980844,10,1202.2333333333333,0,0,0,4
Combined,Evening,Regularized Reference,1005,845940892,6,1192.5,2,0,2,2
Combined,Evening,Regularized Reference,1005,845940892,7,1197.4333333333334,0,0,0,0
Combined,Evening,Regularized Reference,1005,845940892,8,1198.2333333333333,0,0,0,0
Combined,Evening,Regularized Reference,1005,845940892,9,1199.3333333333333,0,0,0,0
Combined,Evening,Regularized Reference,1005,845940892,10,1202.2333333333333,0,0,0,6
Combined,Evening,Regularized Reference,1006,66009406,6,1192.5,2,0,2,2
Combined,Evening,Regularized Reference,1006,66009406,7,1197.4333333333334,0,0,0,0
Combined,Evening,Regularized Reference,1006,66009406,8,1198.2333333333333,0,0,0,0
Combined,Evening,Regularized Reference,1006,66009406,9,1199.3333333333333,0,0,0,0
Combined,Evening,Regularized Reference,1006,66009406,10,1202.2333333333333,0,0,0,4
Combined,Evening,Regularized Reference,1007,1241135382,6,1192.5,3,0,3,3
Combined,Evening,Regularized Reference,1007,1241135382,7,1197.4333333333334,1,0,1,1
Combined,Evening,Regularized Reference,1007,1241135382,8,1198.2333333333333,0,0,0,0
Combined,Evening,Regularized Reference,1007,1241135382,9,1199.3333333333333,0,0,0,0
Combined,Evening,Regularized Reference,1007,1241135382,10,1202.2333333333333,0,0,0,2
Combined,Evening,Regularized Reference,1008,2905494228,6,1192.5,3,0,3,3
Combined,Evening,Regularized Reference,1008,2905494228,7,1197.4333333333334,0,0,0,0
Combined,Evening,Regularized Reference,1008,2905494228,8,1198.2333333333333,0,0,0,0
Combined,Evening,Regularized Reference,1008,2905494228,9,1199.3333333333333,0,0,0,0
Combined,Evening,Regularized Reference,1008,2905494228,10,1202.2333333333333,0,0,0,7
Combined,Evening,Regularized Reference,1009,2526559800,6,1192.5,1,0,1,1
Combined,Evening,Regularized Reference,1009,2526559800,7,1197.4333333333334,0,0,0,0
Combined,Evening,Regularized Reference,1009,2526559800,8,1198.2333333333333,0,0,0,0
Combined,Evening,Regularized Reference,1009,2526559800,9,1199.3333333333333,0,0,0,0
Combined,Evening,Regularized Reference,1009,2526559800,10,1202.2333333333333,0,0,0,4
Combined,Evening,Regularized Reference,1010,1291834702,6,1192.5,1,0,1,1
Combined,Evening,Regularized Reference,1010,1291834702,7,1197.4333333333334,0,0,0,0
Combined,Evening,Regularized Reference,1010,1291834702,8,1198.2333333333333,0,0,0,0
Combined,Evening,Regularized Reference,1010,1291834702,9,1199.3333333333333,0,0,0,0
Combined,Evening,Regularized Reference,1010,1291834702,10,1202.2333333333333,0,0,0,2
Combined,Evening,Regularized Reference,1011,3581619815,6,1192.5,1,0,1,1
Combined,Evening,Regularized Reference,1011,3581619815,7,1197.4333333333334,0,0,0,0
Combined,Evening,Regularized Reference,1011,3581619815,8,1198.2333333333333,1,0,1,1
Combined,Evening,Regularized Reference,1011,3581619815,9,1199.3333333333333,0,0,0,0
Combined,Evening,Regularized Reference,1011,3581619815,10,1202.2333333333333,0,0,0,3
Combined,Evening,Regularized Reference,1012,3651533743,6,1192.5,1,0,1,1
Combined,Evening,Regularized Reference,1012,3651533743,7,1197.4333333333334,0,0,0,0
Combined,Evening,Regularized Reference,1012,3651533743,8,1198.2333333333333,0,0,0,0
Combined,Evening,Regularized Reference,1012,3651533743,9,1199.3333333333333,0,0,0,0
Combined,Evening,Regularized Reference,1012,3651533743,10,1202.2333333333333,0,0,0,4
Combined,Evening,Regularized Reference,1013,3932276593,6,1192.5,4,0,4,4
Combined,Evening,Regularized Reference,1013,3932276593,7,1197.4333333333334,0,0,0,0
Combined,Evening,Regularized Reference,1013,3932276593,8,1198.2333333333333,0,0,0,0
Combined,Evening,Regularized Reference,1013,3932276593,9,1199.3333333333333,0,0,0,0
Combined,Evening,Regularized Reference,1013,3932276593,10,1202.2333333333333,0,0,0,1
Combined,Evening,Regularized Reference,1014,3122121222,6,1192.5,0,0,0,0
Combined,Evening,Regularized Reference,1014,3122121222,7,1197.4333333333334,0,0,0,0
Combined,Evening,Regularized Reference,1014,3122121222,8,1198.2333333333333,1,0,1,1
Combined,Evening,Regularized Reference,1014,3122121222,9,1199.3333333333333,0,0,0,0
Combined,Evening,Regularized Reference,1014,3122121222,10,1202.2333333333333,0,0,0,4
Combined,Evening,Regularized Reference,1015,3662741725,6,1192.5,6,0,6,6
Combined,Evening,Regularized Reference,1015,3662741725,7,1197.4333333333334,0,0,0,0
Combined,Evening,Regularized Reference,1015,3662741725,8,1198.2333333333333,0,0,0,0
Combined,Evening,Regularized Reference,1015,3662741725,9,1199.3333333333333,0,0,0,0
Combined,Evening,Regularized Reference,1015,3662741725,10,1202.2333333333333,0,0,0,3
Combined,Evening,Regularized Reference,1016,2936492253,6,1192.5,2,0,2,2
Combined,Evening,Regularized Reference,1016,2936492253,7,1197.4333333333334,0,0,0,0
Combined,Evening,Regularized Reference,1016,2936492253,8,1198.2333333333333,0,0,0,0
Combined,Evening,Regularized Reference,1016,2936492253,9,1199.3333333333333,0,0,0,0
Combined,Evening,Regularized Reference,1016,2936492253,10,1202.2333333333333,0,0,0,4
Combined,Evening,Regularized Reference,1017,129473399,6,1192.5,3,0,3,3
Combined,Evening,Regularized Reference,1017,129473399,7,1197.4333333333334,1,0,1,1
Combined,Evening,Regularized Reference,1017,129473399,8,1198.2333333333333,1,0,1,1
Combined,Evening,Regularized Reference,1017,129473399,9,1199.3333333333333,1,0,1,1
Combined,Evening,Regularized Reference,1017,129473399,10,1202.2333333333333,0,0,0,6
Combined,Evening,Regularized Reference,1018,1866136011,6,1192.5,3,0,3,3
Combined,Evening,Regularized Reference,1018,1866136011,7,1197.4333333333334,0,0,0,0
Combined,Evening,Regularized Reference,1018,1866136011,8,1198.2333333333333,0,0,0,0
Combined,Evening,Regularized Reference,1018,1866136011,9,1199.3333333333333,0,0,0,0
Combined,Evening,Regularized Reference,1018,1866136011,10,1202.2333333333333,0,0,0,4
Combined,Evening,Regularized Reference,1019,4287566515,6,1192.5,2,0,2,2
Combined,Evening,Regularized Reference,1019,4287566515,7,1197.4333333333334,0,0,0,0
Combined,Evening,Regularized Reference,1019,4287566515,8,1198.2333333333333,0,0,0,0
Combined,Evening,Regularized Reference,1019,4287566515,9,1199.3333333333333,0,0,0,0
Combined,Evening,Regularized Reference,1019,4287566515,10,1202.2333333333333,0,0,0,1
Combined,Evening,Regularized Reference,1020,1395281472,6,1192.5,3,0,3,3
Combined,Evening,Regularized Reference,1020,1395281472,7,1197.4333333333334,0,0,0,0
Combined,Evening,Regularized Reference,1020,1395281472,8,1198.2333333333333,0,0,0,0
Combined,Evening,Regularized Reference,1020,1395281472,9,1199.3333333333333,0,0,0,0
Combined,Evening,Regularized Reference,1020,1395281472,10,1202.2333333333333,0,0,0,5
Combined,Evening,Regularized Reference,1021,3437867865,6,1192.5,5,0,5,5
Combined,Evening,Regularized Reference,1021,3437867865,7,1197.4333333333334,2,0,2,2
Combined,Evening,Regularized Reference,1021,3437867865,8,1198.2333333333333,0,0,0,0
Combined,Evening,Regularized Reference,1021,3437867865,9,1199.3333333333333,0,0,0,0
Combined,Evening,Regularized Reference,1021,3437867865,10,1202.2333333333333,0,0,0,2
Combined,Evening,Regularized Reference,1022,127113282,6,1192.5,0,0,0,0
Combined,Evening,Regularized Reference,1022,127113282,7,1197.4333333333334,0,0,0,0
Combined,Evening,Regularized Reference,1022,127113282,8,1198.2333333333333,0,0,0,0
Combined,Evening,Regularized Reference,1022,127113282,9,1199.3333333333333,0,0,0,0
Combined,Evening,Regularized Reference,1022,127113282,10,1202.2333333333333,0,0,0,3
Combined,Evening,Regularized Reference,1023,3924048200,6,1192.5,3,0,3,3
Combined,Evening,Regularized Reference,1023,3924048200,7,1197.4333333333334,0,0,0,0
Combined,Evening,Regularized Reference,1023,3924048200,8,1198.2333333333333,0,0,0,0
Combined,Evening,Regularized Reference,1023,3924048200,9,1199.3333333333333,0,0,0,0
Combined,Evening,Regularized Reference,1023,3924048200,10,1202.2333333333333,0,0,0,2
Combined,Evening,Regularized Reference,1024,163537029,6,1192.5,1,0,1,1
Combined,Evening,Regularized Reference,1024,163537029,7,1197.4333333333334,0,0,0,0
Combined,Evening,Regularized Reference,1024,163537029,8,1198.2333333333333,0,0,0,0
Combined,Evening,Regularized Reference,1024,163537029,9,1199.3333333333333,0,0,0,0
Combined,Evening,Regularized Reference,1024,163537029,10,1202.2333333333333,0,0,0,3
Combined,Evening,Regularized Reference,1025,1742720703,6,1192.5,2,0,2,2
Combined,Evening,Regularized Reference,1025,1742720703,7,1197.4333333333334,0,0,0,0
Combined,Evening,Regularized Reference,1025,1742720703,8,1198.2333333333333,0,0,0,0
Combined,Evening,Regularized Reference,1025,1742720703,9,1199.3333333333333,0,0,0,0
Combined,Evening,Regularized Reference,1025,1742720703,10,1202.2333333333333,0,0,0,4
Combined,Evening,Regularized Reference,1026,1522367500,6,1192.5,1,0,1,1
Combined,Evening,Regularized Reference,1026,1522367500,7,1197.4333333333334,0,0,0,0
Combined,Evening,Regularized Reference,1026,1522367500,8,1198.2333333333333,0,0,0,0
Combined,Evening,Regularized Reference,1026,1522367500,9,1199.3333333333333,0,0,0,0
Combined,Evening,Regularized Reference,1026,1522367500,10,1202.2333333333333,0,0,0,2
Combined,Evening,Regularized Reference,1027,403830989,6,1192.5,1,0,1,1
Combined,Evening,Regularized Reference,1027,403830989,7,1197.4333333333334,0,0,0,0
Combined,Evening,Regularized Reference,1027,403830989,8,1198.2333333333333,0,0,0,0
Combined,Evening,Regularized Reference,1027,403830989,9,1199.3333333333333,0,0,0,0
Combined,Evening,Regularized Reference,1027,403830989,10,1202.2333333333333,0,0,0,7
Combined,Evening,Regularized Reference,1028,1967774211,6,1192.5,1,0,1,1
Combined,Evening,Regularized Reference,1028,1967774211,7,1197.4333333333334,1,0,1,1
Combined,Evening,Regularized Reference,1028,1967774211,8,1198.2333333333333,0,0,0,0
Combined,Evening,Regularized Reference,1028,1967774211,9,1199.3333333333333,0,0,0,0
Combined,Evening,Regularized Reference,1028,1967774211,10,1202.2333333333333,0,0,0,3
Combined,Evening,Regularized Reference,1029,215896334,6,1192.5,1,0,1,1
Combined,Evening,Regularized Reference,1029,215896334,7,1197.4333333333334,0,0,0,0
Combined,Evening,Regularized Reference,1029,215896334,8,1198.2333333333333,0,0,0,0
Combined,Evening,Regularized Reference,1029,215896334,9,1199.3333333333333,0,0,0,0
Combined,Evening,Regularized Reference,1029,215896334,10,1202.2333333333333,0,0,0,3
Combined,Evening,Regularized Reference,1030,2449122539,6,1192.5,3,0,3,3
Combined,Evening,Regularized Reference,1030,2449122539,7,1197.4333333333334,0,0,0,0
Combined,Evening,Regularized Reference,1030,2449122539,8,1198.2333333333333,0,0,0,0
Combined,Evening,Regularized Reference,1030,2449122539,9,1199.3333333333333,0,0,0,0
Combined,Evening,Regularized Reference,1030,2449122539,10,1202.2333333333333,0,0,0,3
Combined,Evening,Demand Rule,1001,575107655,6,1192.5,2,0,2,2
Combined,Evening,Demand Rule,1001,575107655,7,1197.4333333333334,0,0,0,0
Combined,Evening,Demand Rule,1001,575107655,8,1198.2333333333333,0,0,0,0
Combined,Evening,Demand Rule,1001,575107655,9,1199.3333333333333,0,0,0,0
Combined,Evening,Demand Rule,1001,575107655,10,1202.2333333333333,0,0,0,3
Combined,Evening,Demand Rule,1002,868506165,6,1192.5,2,0,2,2
Combined,Evening,Demand Rule,1002,868506165,7,1197.4333333333334,0,0,0,0
Combined,Evening,Demand Rule,1002,868506165,8,1198.2333333333333,0,0,0,0
Combined,Evening,Demand Rule,1002,868506165,9,1199.3333333333333,0,0,0,0
Combined,Evening,Demand Rule,1002,868506165,10,1202.2333333333333,0,0,0,3
Combined,Evening,Demand Rule,1003,64261288,6,1192.5,2,0,2,2
Combined,Evening,Demand Rule,1003,64261288,7,1197.4333333333334,0,0,0,0
Combined,Evening,Demand Rule,1003,64261288,8,1198.2333333333333,1,0,1,1
Combined,Evening,Demand Rule,1003,64261288,9,1199.3333333333333,0,0,0,0
Combined,Evening,Demand Rule,1003,64261288,10,1202.2333333333333,0,0,0,4
Combined,Evening,Demand Rule,1004,897980844,6,1192.5,1,0,1,1
Combined,Evening,Demand Rule,1004,897980844,7,1197.4333333333334,0,0,0,0
Combined,Evening,Demand Rule,1004,897980844,8,1198.2333333333333,0,0,0,0
Combined,Evening,Demand Rule,1004,897980844,9,1199.3333333333333,0,0,0,0
Combined,Evening,Demand Rule,1004,897980844,10,1202.2333333333333,0,0,0,4
Combined,Evening,Demand Rule,1005,845940892,6,1192.5,2,0,2,2
Combined,Evening,Demand Rule,1005,845940892,7,1197.4333333333334,0,0,0,0
Combined,Evening,Demand Rule,1005,845940892,8,1198.2333333333333,0,0,0,0
Combined,Evening,Demand Rule,1005,845940892,9,1199.3333333333333,0,0,0,0
Combined,Evening,Demand Rule,1005,845940892,10,1202.2333333333333,0,0,0,6
Combined,Evening,Demand Rule,1006,66009406,6,1192.5,2,0,2,2
Combined,Evening,Demand Rule,1006,66009406,7,1197.4333333333334,0,0,0,0
Combined,Evening,Demand Rule,1006,66009406,8,1198.2333333333333,0,0,0,0
Combined,Evening,Demand Rule,1006,66009406,9,1199.3333333333333,0,0,0,0
Combined,Evening,Demand Rule,1006,66009406,10,1202.2333333333333,0,0,0,4
Combined,Evening,Demand Rule,1007,1241135382,6,1192.5,3,0,3,3
Combined,Evening,Demand Rule,1007,1241135382,7,1197.4333333333334,1,0,1,1
Combined,Evening,Demand Rule,1007,1241135382,8,1198.2333333333333,0,0,0,0
Combined,Evening,Demand Rule,1007,1241135382,9,1199.3333333333333,0,0,0,0
Combined,Evening,Demand Rule,1007,1241135382,10,1202.2333333333333,0,0,0,2
Combined,Evening,Demand Rule,1008,2905494228,6,1192.5,3,0,3,3
Combined,Evening,Demand Rule,1008,2905494228,7,1197.4333333333334,0,0,0,0
Combined,Evening,Demand Rule,1008,2905494228,8,1198.2333333333333,0,0,0,0
Combined,Evening,Demand Rule,1008,2905494228,9,1199.3333333333333,0,0,0,0
Combined,Evening,Demand Rule,1008,2905494228,10,1202.2333333333333,0,0,0,7
Combined,Evening,Demand Rule,1009,2526559800,6,1192.5,1,0,1,1
Combined,Evening,Demand Rule,1009,2526559800,7,1197.4333333333334,0,0,0,0
Combined,Evening,Demand Rule,1009,2526559800,8,1198.2333333333333,0,0,0,0
Combined,Evening,Demand Rule,1009,2526559800,9,1199.3333333333333,0,0,0,0
Combined,Evening,Demand Rule,1009,2526559800,10,1202.2333333333333,0,0,0,4
Combined,Evening,Demand Rule,1010,1291834702,6,1192.5,1,0,1,1
Combined,Evening,Demand Rule,1010,1291834702,7,1197.4333333333334,0,0,0,0
Combined,Evening,Demand Rule,1010,1291834702,8,1198.2333333333333,0,0,0,0
Combined,Evening,Demand Rule,1010,1291834702,9,1199.3333333333333,0,0,0,0
Combined,Evening,Demand Rule,1010,1291834702,10,1202.2333333333333,0,0,0,2
Combined,Evening,Demand Rule,1011,3581619815,6,1192.5,1,0,1,1
Combined,Evening,Demand Rule,1011,3581619815,7,1197.4333333333334,0,0,0,0
Combined,Evening,Demand Rule,1011,3581619815,8,1198.2333333333333,1,0,1,1
Combined,Evening,Demand Rule,1011,3581619815,9,1199.3333333333333,0,0,0,0
Combined,Evening,Demand Rule,1011,3581619815,10,1202.2333333333333,0,0,0,3
Combined,Evening,Demand Rule,1012,3651533743,6,1192.5,1,0,1,1
Combined,Evening,Demand Rule,1012,3651533743,7,1197.4333333333334,0,0,0,0
Combined,Evening,Demand Rule,1012,3651533743,8,1198.2333333333333,0,0,0,0
Combined,Evening,Demand Rule,1012,3651533743,9,1199.3333333333333,0,0,0,0
Combined,Evening,Demand Rule,1012,3651533743,10,1202.2333333333333,0,0,0,4
Combined,Evening,Demand Rule,1013,3932276593,6,1192.5,4,0,4,4
Combined,Evening,Demand Rule,1013,3932276593,7,1197.4333333333334,0,0,0,0
Combined,Evening,Demand Rule,1013,3932276593,8,1198.2333333333333,0,0,0,0
Combined,Evening,Demand Rule,1013,3932276593,9,1199.3333333333333,0,0,0,0
Combined,Evening,Demand Rule,1013,3932276593,10,1202.2333333333333,0,0,0,1
Combined,Evening,Demand Rule,1014,3122121222,6,1192.5,0,0,0,0
Combined,Evening,Demand Rule,1014,3122121222,7,1197.4333333333334,0,0,0,0
Combined,Evening,Demand Rule,1014,3122121222,8,1198.2333333333333,1,0,1,1
Combined,Evening,Demand Rule,1014,3122121222,9,1199.3333333333333,0,0,0,0
Combined,Evening,Demand Rule,1014,3122121222,10,1202.2333333333333,0,0,0,4
Combined,Evening,Demand Rule,1015,3662741725,6,1192.5,6,0,6,6
Combined,Evening,Demand Rule,1015,3662741725,7,1197.4333333333334,0,0,0,0
Combined,Evening,Demand Rule,1015,3662741725,8,1198.2333333333333,0,0,0,0
Combined,Evening,Demand Rule,1015,3662741725,9,1199.3333333333333,0,0,0,0
Combined,Evening,Demand Rule,1015,3662741725,10,1202.2333333333333,0,0,0,3
Combined,Evening,Demand Rule,1016,2936492253,6,1192.5,2,0,2,2
Combined,Evening,Demand Rule,1016,2936492253,7,1197.4333333333334,0,0,0,0
Combined,Evening,Demand Rule,1016,2936492253,8,1198.2333333333333,0,0,0,0
Combined,Evening,Demand Rule,1016,2936492253,9,1199.3333333333333,0,0,0,0
Combined,Evening,Demand Rule,1016,2936492253,10,1202.2333333333333,0,0,0,4
Combined,Evening,Demand Rule,1017,129473399,6,1192.5,3,0,3,3
Combined,Evening,Demand Rule,1017,129473399,7,1197.4333333333334,1,0,1,1
Combined,Evening,Demand Rule,1017,129473399,8,1198.2333333333333,1,0,1,1
Combined,Evening,Demand Rule,1017,129473399,9,1199.3333333333333,1,0,1,1
Combined,Evening,Demand Rule,1017,129473399,10,1202.2333333333333,0,0,0,6
Combined,Evening,Demand Rule,1018,1866136011,6,1192.5,3,0,3,3
Combined,Evening,Demand Rule,1018,1866136011,7,1197.4333333333334,0,0,0,0
Combined,Evening,Demand Rule,1018,1866136011,8,1198.2333333333333,0,0,0,0
Combined,Evening,Demand Rule,1018,1866136011,9,1199.3333333333333,0,0,0,0
Combined,Evening,Demand Rule,1018,1866136011,10,1202.2333333333333,0,0,0,4
Combined,Evening,Demand Rule,1019,4287566515,6,1192.5,2,0,2,2
Combined,Evening,Demand Rule,1019,4287566515,7,1197.4333333333334,0,0,0,0
Combined,Evening,Demand Rule,1019,4287566515,8,1198.2333333333333,0,0,0,0
Combined,Evening,Demand Rule,1019,4287566515,9,1199.3333333333333,0,0,0,0
Combined,Evening,Demand Rule,1019,4287566515,10,1202.2333333333333,0,0,0,1
Combined,Evening,Demand Rule,1020,1395281472,6,1192.5,3,0,3,3
Combined,Evening,Demand Rule,1020,1395281472,7,1197.4333333333334,0,0,0,0
Combined,Evening,Demand Rule,1020,1395281472,8,1198.2333333333333,0,0,0,0
Combined,Evening,Demand Rule,1020,1395281472,9,1199.3333333333333,0,0,0,0
Combined,Evening,Demand Rule,1020,1395281472,10,1202.2333333333333,0,0,0,5
Combined,Evening,Demand Rule,1021,3437867865,6,1192.5,5,0,5,5
Combined,Evening,Demand Rule,1021,3437867865,7,1197.4333333333334,2,0,2,2
Combined,Evening,Demand Rule,1021,3437867865,8,1198.2333333333333,0,0,0,0
Combined,Evening,Demand Rule,1021,3437867865,9,1199.3333333333333,0,0,0,0
Combined,Evening,Demand Rule,1021,3437867865,10,1202.2333333333333,0,0,0,2
Combined,Evening,Demand Rule,1022,127113282,6,1192.5,0,0,0,0
Combined,Evening,Demand Rule,1022,127113282,7,1197.4333333333334,0,0,0,0
Combined,Evening,Demand Rule,1022,127113282,8,1198.2333333333333,0,0,0,0
Combined,Evening,Demand Rule,1022,127113282,9,1199.3333333333333,0,0,0,0
Combined,Evening,Demand Rule,1022,127113282,10,1202.2333333333333,0,0,0,3
Combined,Evening,Demand Rule,1023,3924048200,6,1192.5,3,0,3,3
Combined,Evening,Demand Rule,1023,3924048200,7,1197.4333333333334,0,0,0,0
Combined,Evening,Demand Rule,1023,3924048200,8,1198.2333333333333,0,0,0,0
Combined,Evening,Demand Rule,1023,3924048200,9,1199.3333333333333,0,0,0,0
Combined,Evening,Demand Rule,1023,3924048200,10,1202.2333333333333,0,0,0,2
Combined,Evening,Demand Rule,1024,163537029,6,1192.5,1,0,1,1
Combined,Evening,Demand Rule,1024,163537029,7,1197.4333333333334,0,0,0,0
Combined,Evening,Demand Rule,1024,163537029,8,1198.2333333333333,0,0,0,0
Combined,Evening,Demand Rule,1024,163537029,9,1199.3333333333333,0,0,0,0
Combined,Evening,Demand Rule,1024,163537029,10,1202.2333333333333,0,0,0,3
Combined,Evening,Demand Rule,1025,1742720703,6,1192.5,2,0,2,2
Combined,Evening,Demand Rule,1025,1742720703,7,1197.4333333333334,0,0,0,0
Combined,Evening,Demand Rule,1025,1742720703,8,1198.2333333333333,0,0,0,0
Combined,Evening,Demand Rule,1025,1742720703,9,1199.3333333333333,0,0,0,0
Combined,Evening,Demand Rule,1025,1742720703,10,1202.2333333333333,0,0,0,4
Combined,Evening,Demand Rule,1026,1522367500,6,1192.5,1,0,1,1
Combined,Evening,Demand Rule,1026,1522367500,7,1197.4333333333334,0,0,0,0
Combined,Evening,Demand Rule,1026,1522367500,8,1198.2333333333333,0,0,0,0
Combined,Evening,Demand Rule,1026,1522367500,9,1199.3333333333333,0,0,0,0
Combined,Evening,Demand Rule,1026,1522367500,10,1202.2333333333333,0,0,0,2
Combined,Evening,Demand Rule,1027,403830989,6,1192.5,1,0,1,1
Combined,Evening,Demand Rule,1027,403830989,7,1197.4333333333334,0,0,0,0
Combined,Evening,Demand Rule,1027,403830989,8,1198.2333333333333,0,0,0,0
Combined,Evening,Demand Rule,1027,403830989,9,1199.3333333333333,0,0,0,0
Combined,Evening,Demand Rule,1027,403830989,10,1202.2333333333333,0,0,0,7
Combined,Evening,Demand Rule,1028,1967774211,6,1192.5,1,0,1,1
Combined,Evening,Demand Rule,1028,1967774211,7,1197.4333333333334,1,0,1,1
Combined,Evening,Demand Rule,1028,1967774211,8,1198.2333333333333,0,0,0,0
Combined,Evening,Demand Rule,1028,1967774211,9,1199.3333333333333,0,0,0,0
Combined,Evening,Demand Rule,1028,1967774211,10,1202.2333333333333,0,0,0,3
Combined,Evening,Demand Rule,1029,215896334,6,1192.5,1,0,1,1
Combined,Evening,Demand Rule,1029,215896334,7,1197.4333333333334,0,0,0,0
Combined,Evening,Demand Rule,1029,215896334,8,1198.2333333333333,0,0,0,0
Combined,Evening,Demand Rule,1029,215896334,9,1199.3333333333333,0,0,0,0
Combined,Evening,Demand Rule,1029,215896334,10,1202.2333333333333,0,0,0,3
Combined,Evening,Demand Rule,1030,2449122539,6,1192.5,3,0,3,3
Combined,Evening,Demand Rule,1030,2449122539,7,1197.4333333333334,0,0,0,0
Combined,Evening,Demand Rule,1030,2449122539,8,1198.2333333333333,0,0,0,0
Combined,Evening,Demand Rule,1030,2449122539,9,1199.3333333333333,0,0,0,0
Combined,Evening,Demand Rule,1030,2449122539,10,1202.2333333333333,0,0,0,3
