Scenario,Replication,Seed,Period,Stop Sequence,Last Eligible Bus Time,Arrivals At Or After Last Bus,Earlier Arrivals Still Unserved,Completed Passengers,Mean Wait,P95 Wait,Peak Queue,Peak Queue Time,Period-End Queue,Final Backlog
Baseline,1,479243620,Morning,6,653.8,3,0,113,3.476335282260157,8.775603011677594,8,523.315558309307,3,3
Baseline,1,479243620,Morning,7,660.85,0,0,23,3.897402240573028,7.681290724078228,3,513.2970593004515,0,0
Baseline,1,479243620,Morning,8,662.0,0,0,13,4.4306761504152865,8.546348470029715,2,447.6858281818516,0,0
Baseline,1,479243620,Morning,9,663.6333333333333,0,0,29,3.7345278848541072,8.8820950952707,3,581.162600057558,1,0
Baseline,1,479243620,Morning,10,668.0,0,0,319,3.4648095847496507,8.66891065351596,16,403.8714027060975,1,0
Baseline,1,479243620,Evening,6,1188.9,1,0,125,3.4739898051990465,6.712435006353826,7,1047.577057946413,1,1
Baseline,1,479243620,Evening,7,1192.4166666666667,1,0,20,2.8518910215597315,5.958069266037604,3,947.5691220586099,1,1
Baseline,1,479243620,Evening,8,1193.0,0,0,19,3.2293640157089505,7.475358037905447,2,947.664480554938,0,0
Baseline,1,479243620,Evening,9,1194.1,0,0,24,3.5475155337493334,6.78303573166414,3,1017.0175578992605,0,0
Baseline,1,479243620,Evening,10,1197.0,1,0,85,4.0874644705088885,8.728156158881529,10,921.9096504855238,1,1
Baseline,2,454024514,Morning,6,653.8,0,0,116,3.0607538747925065,7.402842379729236,6,521.9984511603624,0,0
Baseline,2,454024514,Morning,7,660.85,0,0,23,3.401759744888389,8.140505066351704,2,479.1686194811155,1,0
Baseline,2,454024514,Morning,8,662.0,0,0,13,2.0868951252017145,4.244628141648661,1,369.68395256360196,0,0
Baseline,2,454024514,Morning,9,663.6333333333333,0,0,29,3.5680332620643243,8.523381659416925,3,494.5349970396723,1,0
Baseline,2,454024514,Morning,10,668.0,0,0,319,3.8055506212104686,9.884300843155836,18,468.97862293312244,1,0
Baseline,2,454024514,Evening,6,1188.9,1,0,125,3.3796430666701416,6.923448781727393,7,941.9506219026234,1,1
Baseline,2,454024514,Evening,7,1192.4166666666667,0,0,21,3.1143840534427207,6.7370871506185495,2,911.7227710952142,0,0
Baseline,2,454024514,Evening,8,1193.0,0,0,19,4.049026717532049,8.931967880172117,3,914.6942788622974,0,0
Baseline,2,454024514,Evening,9,1194.1,1,0,23,3.3513169061537296,6.9685839013764035,3,944.0542588414941,1,1
Baseline,2,454024514,Evening,10,1197.0,0,0,86,4.100348128405387,10.1511710434485,10,919.8495907309562,0,0
Baseline,3,1818751028,Morning,6,653.8,1,0,115,3.2702316362524164,7.764522129986573,6,464.62168502262534,1,1
Baseline,3,1818751028,Morning,7,660.85,0,0,23,3.639141988047658,7.33770075896499,2,498.64216096271616,0,0
Baseline,3,1818751028,Morning,8,662.0,0,0,13,4.347868090397325,8.21173389837978,1,378.327218347366,0,0
Baseline,3,1818751028,Morning,9,663.6333333333333,0,0,29,4.465368900388612,8.882641866221114,3,369.2500354147872,0,0
Baseline,3,1818751028,Morning,10,668.0,0,0,319,3.8373201731125217,9.174588125468564,18,468.6139606467393,1,0
Baseline,3,1818751028,Evening,6,1188.9,2,0,124,3.148464509747436,6.932994233984413,6,949.4560472414815,2,2
Baseline,3,1818751028,Evening,7,1192.4166666666667,1,0,20,3.5844983638549364,8.75131331515417,2,912.1476586166135,1,1
Baseline,3,1818751028,Evening,8,1193.0,1,0,18,3.6838548918030622,6.516000621367146,3,913.3976761747017,1,1
Baseline,3,1818751028,Evening,9,1194.1,0,0,24,3.5488430736465895,12.213420748603344,2,904.4866612065165,0,0
Baseline,3,1818751028,Evening,10,1197.0,1,0,85,3.742847990110355,8.446511478285945,6,919.4344520425628,1,1
Baseline,4,2288458700,Morning,6,653.8,0,0,116,3.3670241396484584,8.67812458000057,7,496.1723729815961,0,0
Baseline,4,2288458700,Morning,7,660.85,0,0,23,3.092327165074701,6.885299502497979,2,474.4814476572171,0,0
Baseline,4,2288458700,Morning,8,662.0,0,0,13,3.8634827599400148,8.624545115094701,2,528.7207195796732,1,0
Baseline,4,2288458700,Morning,9,663.6333333333333,0,0,29,3.49215351856536,8.587503912926579,3,462.2719436041358,0,0
Baseline,4,2288458700,Morning,10,668.0,0,0,319,3.9436522545363166,9.33604859637837,16,376.18739414187604,2,0
Baseline,4,2288458700,Evening,6,1188.9,1,0,125,3.513389837447227,7.372144583583802,8,1136.813406742127,1,1
Baseline,4,2288458700,Evening,7,1192.4166666666667,0,0,21,4.475620400066499,8.191069129297148,2,907.561662350726,0,0
Baseline,4,2288458700,Evening,8,1193.0,0,0,19,4.7060327416173715,12.880071221873388,2,903.2684878113294,0,0
Baseline,4,2288458700,Evening,9,1194.1,0,0,24,3.114615406208704,5.694732843230793,2,942.0402229107069,0,0
Baseline,4,2288458700,Evening,10,1197.0,0,0,86,3.6590610242034867,7.5159336845823645,9,920.2797790866983,0,0
Baseline,5,2115331525,Morning,6,653.8,2,0,114,3.489858705498023,8.75485913566395,7,517.2002357047672,2,2
Baseline,5,2115331525,Morning,7,660.85,0,0,23,3.094989748338007,6.278018660265291,3,589.3970879107433,1,0
Baseline,5,2115331525,Morning,8,662.0,0,0,13,3.530437325354005,8.699529891307806,1,386.0783681398288,0,0
Baseline,5,2115331525,Morning,9,663.6333333333333,0,0,29,3.78354481215041,9.119924851951346,3,460.8791019625584,0,0
Baseline,5,2115331525,Morning,10,668.0,0,0,319,3.78815702982488,9.282419164959435,16,376.30537286799137,3,0
Baseline,5,2115331525,Evening,6,1188.9,0,0,126,3.1571563087544745,6.860107991278085,9,956.3685668859082,0,0
Baseline,5,2115331525,Evening,7,1192.4166666666667,1,0,20,2.1603427155890698,4.969645092631799,2,913.3967075749579,1,1
Baseline,5,2115331525,Evening,8,1193.0,0,0,19,3.1472466958367646,7.155878543281548,2,950.1275744292047,0,0
Baseline,5,2115331525,Evening,9,1194.1,0,0,24,2.759889642187138,5.6973816326883115,2,913.7024827994604,0,0
Baseline,5,2115331525,Evening,10,1197.0,0,0,86,4.062365990822443,8.422065381119268,8,921.7682685636365,0,0
Baseline,6,2666256175,Morning,6,653.8,3,0,113,3.3141130677660917,8.196862081888979,7,528.6121171294764,3,3
Baseline,6,2666256175,Morning,7,660.85,0,0,23,3.331914060600095,6.001467123972395,2,498.9999833925261,0,0
Baseline,6,2666256175,Morning,8,662.0,0,0,13,4.583437011487083,6.896536673381114,2,433.43768776687875,0,0
Baseline,6,2666256175,Morning,9,663.6333333333333,0,0,29,4.025572417744323,8.745361069234693,3,530.1942615540847,0,0
Baseline,6,2666256175,Morning,10,668.0,0,0,319,3.815781232784426,11.15199841596546,18,468.85822235729745,1,0
Baseline,6,2666256175,Evening,6,1188.9,4,0,122,3.4611839775687034,6.941405893363025,7,939.5521741278443,4,4
Baseline,6,2666256175,Evening,7,1192.4166666666667,0,0,21,3.5113697042360608,9.952330927706498,3,914.8198063309546,0,0
Baseline,6,2666256175,Evening,8,1193.0,1,0,18,3.423332571158388,6.668979993627679,2,915.1503882493125,1,1
Baseline,6,2666256175,Evening,9,1194.1,0,0,24,3.3724057362101596,9.091213118145205,3,916.6251868882605,0,0
Baseline,6,2666256175,Evening,10,1197.0,2,0,84,4.45352972469343,10.915742160922925,11,916.7271298463982,2,2
Baseline,7,975381835,Morning,6,653.8,3,0,113,3.436828463978296,8.241717059359967,7,582.9895795510872,3,3
Baseline,7,975381835,Morning,7,660.85,0,0,23,3.644352826228175,8.161058681894042,3,598.6538414837563,0,0
Baseline,7,975381835,Morning,8,662.0,0,0,13,4.5090096010612095,8.555559747571555,2,582.8601928848184,0,0
Baseline,7,975381835,Morning,9,663.6333333333333,0,0,29,3.438574253485869,7.721711913382659,3,531.4991851342721,0,0
Baseline,7,975381835,Morning,10,668.0,0,0,319,3.7641843228462664,9.5512377238099,14,430.12816954429053,2,0
Baseline,7,975381835,Evening,6,1188.9,0,0,126,3.150770596711377,6.870319678003739,6,907.2696425200759,0,0
Baseline,7,975381835,Evening,7,1192.4166666666667,0,0,21,3.9355871314546893,6.71884328857152,2,917.8980712960375,0,0
Baseline,7,975381835,Evening,8,1193.0,0,0,19,3.5236794873875037,6.919584920793335,2,1011.4039573739077,0,0
Baseline,7,975381835,Evening,9,1194.1,1,0,23,3.5850166169418918,8.143370344429817,3,914.8934295278387,1,1
Baseline,7,975381835,Evening,10,1197.0,0,0,86,4.544700175258948,14.645565072815572,9,919.0413642652172,0,0
Baseline,8,2535166222,Morning,6,653.8,1,0,115,3.8447383446455037,8.123702376243532,7,528.8704700353053,1,1
Baseline,8,2535166222,Morning,7,660.85,0,0,23,3.743218701895881,8.966863586098837,2,428.2231555299565,0,0
Baseline,8,2535166222,Morning,8,662.0,0,0,13,3.445244587020817,7.63081063358381,2,594.6980017713624,0,0
Baseline,8,2535166222,Morning,9,663.6333333333333,0,0,29,3.2958820339481893,6.534957391455759,3,416.4370806307257,0,0
Baseline,8,2535166222,Morning,10,668.0,0,0,319,3.8108042343251256,9.17091986926665,17,530.7956007141677,0,0
Baseline,8,2535166222,Evening,6,1188.9,2,0,124,3.5117825159116984,7.524156322197837,6,907.7713334449888,2,2
Baseline,8,2535166222,Evening,7,1192.4166666666667,1,0,20,2.8304292019036326,5.803197807111486,3,994.3597846164955,1,1
Baseline,8,2535166222,Evening,8,1193.0,0,0,19,2.726274233831215,8.632822167697142,2,920.4625828895194,0,0
Baseline,8,2535166222,Evening,9,1194.1,0,0,24,3.901731193967796,8.638574561230026,2,977.6047343310704,0,0
Baseline,8,2535166222,Evening,10,1197.0,0,0,86,4.243525871617846,10.169725697298844,11,921.201299935863,0,0
Baseline,9,1079577930,Morning,6,653.8,3,0,113,3.4126565478606765,7.92471597914625,6,439.32568403093796,3,3
Baseline,9,1079577930,Morning,7,660.85,0,0,23,3.1225030998199323,6.4730181276034475,2,422.0368511602512,0,0
Baseline,9,1079577930,Morning,8,662.0,0,0,13,3.6853109480903843,6.197144301750743,2,438.79051657440124,0,0
Baseline,9,1079577930,Morning,9,663.6333333333333,0,0,29,3.5217328670402552,7.782351560899155,3,443.401538129169,0,0
Baseline,9,1079577930,Morning,10,668.0,0,0,319,3.782105121418681,9.58144804828711,21,466.9405141823009,0,0
Baseline,9,1079577930,Evening,6,1188.9,4,0,122,3.500510489391641,7.4312415004176,7,955.1601146040545,4,4
Baseline,9,1079577930,Evening,7,1192.4166666666667,0,0,21,4.2385705316306925,10.985310225527883,4,908.3489476381735,0,0
Baseline,9,1079577930,Evening,8,1193.0,0,0,19,3.5313325706892953,6.477092968964676,2,957.3638799489074,0,0
Baseline,9,1079577930,Evening,9,1194.1,0,0,24,3.5856736453159215,8.499182016578027,3,911.2604599884323,0,0
Baseline,9,1079577930,Evening,10,1197.0,2,0,84,3.791167664485119,8.703177248553942,10,920.257792489613,2,2
Baseline,10,3715024065,Morning,6,653.8,3,0,113,3.035246766270451,8.27211206507911,7,643.5391937749075,3,3
Baseline,10,3715024065,Morning,7,660.85,0,0,23,3.8190333539183317,8.827842057212363,2,434.0181132475887,0,0
Baseline,10,3715024065,Morning,8,662.0,0,0,13,4.18047889429912,7.547472636739496,2,495.5592894093103,0,0
Baseline,10,3715024065,Morning,9,663.6333333333333,0,0,29,3.3621779206844598,9.437391911464147,3,405.6563999440839,0,0
Baseline,10,3715024065,Morning,10,668.0,0,0,319,3.799769413467409,9.52145392555069,17,430.7556475338866,1,0
Baseline,10,3715024065,Evening,6,1188.9,1,0,125,3.416002764951695,7.026647962342803,7,1090.18347340986,1,1
Baseline,10,3715024065,Evening,7,1192.4166666666667,0,0,21,3.688780023275188,6.714542988663879,4,914.5154740822164,0,0
Baseline,10,3715024065,Evening,8,1193.0,0,0,19,3.3814533018935853,6.249705187364452,3,962.6383228295102,0,0
Baseline,10,3715024065,Evening,9,1194.1,0,0,24,2.72187770957116,5.962790020792488,4,937.8449857074708,0,0
Baseline,10,3715024065,Evening,10,1197.0,0,0,86,4.116434345102938,9.117200422199119,7,918.9403863029911,0,0
Baseline,11,2056590929,Morning,6,653.8,3,0,113,3.511572940273926,8.340964559257314,8,653.7013501643426,3,3
Baseline,11,2056590929,Morning,7,660.85,0,0,23,3.469178405152656,7.718423452578292,2,372.5817629382936,1,0
Baseline,11,2056590929,Morning,8,662.0,0,0,13,3.846958667003531,8.047406304110062,1,395.81757623718016,0,0
Baseline,11,2056590929,Morning,9,663.6333333333333,0,0,29,3.9394064660482653,9.475612468688677,2,368.24305681578545,0,0
Baseline,11,2056590929,Morning,10,668.0,0,0,319,3.79144959348791,9.390182153120147,20,377.59129992042483,0,0
Baseline,11,2056590929,Evening,6,1188.9,1,0,125,3.5932602037643657,7.230133051137136,8,963.4429155936563,1,1
Baseline,11,2056590929,Evening,7,1192.4166666666667,0,0,21,3.608750291018385,6.481139098583981,2,925.5951199651979,0,0
Baseline,11,2056590929,Evening,8,1193.0,0,0,19,2.6736605163363265,6.048417680770739,2,935.6866372295542,0,0
Baseline,11,2056590929,Evening,9,1194.1,1,0,23,3.083666258094423,6.459985649028394,3,1051.5759441849034,1,1
Baseline,11,2056590929,Evening,10,1197.0,0,0,86,4.0206011417143825,9.457516046324798,12,921.5061420470801,0,0
Baseline,12,3339987600,Morning,6,653.8,2,0,114,3.8548902206486435,9.235501904820312,6,497.4343333062539,2,2
Baseline,12,3339987600,Morning,7,660.85,0,0,23,4.369359584045497,8.24918423250177,2,455.7121881600178,0,0
Baseline,12,3339987600,Morning,8,662.0,0,0,13,3.938090600333921,6.053214335891925,2,458.37258955120745,1,0
Baseline,12,3339987600,Morning,9,663.6333333333333,0,0,29,4.07727674172138,8.044760422587784,3,372.90077287912453,0,0
Baseline,12,3339987600,Morning,10,668.0,0,0,319,3.662335530879668,9.595321515882642,22,430.87861674399585,0,0
Baseline,12,3339987600,Evening,6,1188.9,2,0,124,3.29443610239797,6.536094214988252,8,1064.420341532142,2,2
Baseline,12,3339987600,Evening,7,1192.4166666666667,0,0,21,4.207176311455106,8.000981544150363,3,1067.3242844668173,0,0
Baseline,12,3339987600,Evening,8,1193.0,1,0,18,4.078293160071193,8.343566038905308,2,950.5072457741076,1,1
Baseline,12,3339987600,Evening,9,1194.1,1,0,23,2.7965020673080576,7.763538687307435,2,959.3597697829875,1,1
Baseline,12,3339987600,Evening,10,1197.0,0,0,86,4.490928999790724,15.05908548747442,9,915.3572745698926,0,0
Baseline,13,1788010607,Morning,6,653.8,2,0,114,3.199693288195688,7.944933220694961,7,517.4685966150407,2,2
Baseline,13,1788010607,Morning,7,660.85,0,0,23,4.320417805382425,8.931576097359857,2,440.36209615216967,0,0
Baseline,13,1788010607,Morning,8,662.0,0,0,13,4.039484064004341,7.535267560235159,1,397.70380883867745,1,0
Baseline,13,1788010607,Morning,9,663.6333333333333,0,0,29,3.7261004050948747,8.88817262921027,2,378.15253197522816,0,0
Baseline,13,1788010607,Morning,10,668.0,0,0,319,3.8575102070564347,9.687335714385236,20,377.003417968522,1,0
Baseline,13,1788010607,Evening,6,1188.9,4,0,122,3.0803281282695876,6.303444639445671,6,956.3398608149937,4,4
Baseline,13,1788010607,Evening,7,1192.4166666666667,0,0,21,2.623393474382521,4.614071459105389,2,955.3241351909718,0,0
Baseline,13,1788010607,Evening,8,1193.0,0,0,19,3.5414913449273304,7.957325644479539,2,922.2783335142996,0,0
Baseline,13,1788010607,Evening,9,1194.1,0,0,24,3.078721504636704,4.90558410248471,2,948.1998751854351,0,0
Baseline,13,1788010607,Evening,10,1197.0,0,0,86,4.767780443922206,15.59311537024871,10,916.0871804784629,0,0
Baseline,14,2859898362,Morning,6,653.8,2,0,114,3.3885457508754144,7.79548339860949,7,533.6738198187364,2,2
Baseline,14,2859898362,Morning,7,660.85,0,0,23,3.858959188165616,8.134134860133985,2,427.2951093864147,0,0
Baseline,14,2859898362,Morning,8,662.0,0,0,13,3.3826290720742587,6.578005421411633,2,426.96448468902696,0,0
Baseline,14,2859898362,Morning,9,663.6333333333333,0,0,29,3.882406291467005,6.867878332527016,2,372.86088071964355,0,0
Baseline,14,2859898362,Morning,10,668.0,0,0,319,3.9855230471692167,9.192680546714119,20,468.7354038106937,1,0
Baseline,14,2859898362,Evening,6,1188.9,4,0,122,3.3733955683468198,7.678302841226797,7,921.3959722610895,4,4
Baseline,14,2859898362,Evening,7,1192.4166666666667,0,0,21,3.2756714835650795,7.493743925312174,3,1029.4201977242894,0,0
Baseline,14,2859898362,Evening,8,1193.0,0,0,19,3.7202485189311814,6.1566885140630045,2,1007.3422567682339,0,0
Baseline,14,2859898362,Evening,9,1194.1,0,0,24,3.9044658896637876,7.800935007985981,2,951.7437333533011,0,0
Baseline,14,2859898362,Evening,10,1197.0,0,0,86,4.444815090236811,12.504447501768055,12,921.7159117301767,0,0
Baseline,15,1908601667,Morning,6,653.8,1,0,115,3.3174465110485776,7.653640908485897,8,522.9319950366252,1,1
Baseline,15,1908601667,Morning,7,660.85,0,0,23,3.67872377559761,7.635094223926506,1,390.75070189691144,0,0
Baseline,15,1908601667,Morning,8,662.0,0,0,13,3.974205041089874,9.468793646293237,3,554.3343427385336,0,0
Baseline,15,1908601667,Morning,9,663.6333333333333,0,0,29,3.349521072211475,6.794763032453375,3,421.90181744723066,0,0
Baseline,15,1908601667,Morning,10,668.0,0,0,319,3.532569161280488,8.917952025868672,19,437.8813124203886,0,0
Baseline,15,1908601667,Evening,6,1188.9,1,0,125,3.2875443823934067,6.866137112291244,10,956.7189623020456,1,1
Baseline,15,1908601667,Evening,7,1192.4166666666667,0,0,21,2.9321114446120733,5.649126808696792,3,1023.7253529760038,0,0
Baseline,15,1908601667,Evening,8,1193.0,2,0,17,4.190129384438993,8.288946850293376,2,912.1758212415807,2,2
Baseline,15,1908601667,Evening,9,1194.1,0,0,24,3.52604725535682,6.811376942113092,2,957.2069577948167,0,0
Baseline,15,1908601667,Evening,10,1197.0,0,0,86,4.274193892803036,10.218444426971047,7,918.7944722811849,0,0
Baseline,16,726301638,Morning,6,653.8,1,0,115,3.37974900344066,8.963461258550966,8,535.139338491266,1,1
Baseline,16,726301638,Morning,7,660.85,0,0,23,3.321259326321682,7.184759552947927,2,423.39311732157825,0,0
Baseline,16,726301638,Morning,8,662.0,0,0,13,3.6255468060420175,8.870733606303041,2,622.639413791691,0,0
Baseline,16,726301638,Morning,9,663.6333333333333,0,0,29,3.6964854610123026,8.432393038418034,3,519.246320648133,1,0
Baseline,16,726301638,Morning,10,668.0,0,0,319,3.6225345808716036,9.401573545835845,15,437.74732708148014,0,0
Baseline,16,726301638,Evening,6,1188.9,4,0,122,3.674208379453989,7.487059763492947,8,1139.2355705194325,4,4
Baseline,16,726301638,Evening,7,1192.4166666666667,0,0,21,3.075735141045481,5.9129723647308765,3,940.8041901172646,0,0
Baseline,16,726301638,Evening,8,1193.0,0,0,19,2.568602564150243,6.0116961213696625,2,927.081852594133,0,0
Baseline,16,726301638,Evening,9,1194.1,1,0,23,2.7345016535241977,5.30692339768558,2,916.785253868134,1,1
Baseline,16,726301638,Evening,10,1197.0,0,0,86,4.598398098158527,12.653224280241574,10,917.1237184637697,0,0
Baseline,17,2584016318,Morning,6,653.8,2,0,114,3.620349179346614,8.153204541103523,10,603.3306130712986,2,2
Baseline,17,2584016318,Morning,7,660.85,0,0,23,3.7715756049203546,9.639994669858194,3,437.32908153015154,0,0
Baseline,17,2584016318,Morning,8,662.0,0,0,13,3.6229899419340916,8.164128335601912,1,390.8823057598373,0,0
Baseline,17,2584016318,Morning,9,663.6333333333333,0,0,29,3.5181985814968724,6.669762504909065,3,454.68087722057084,0,0
Baseline,17,2584016318,Morning,10,668.0,0,0,319,3.5684591391050833,8.915279753866894,17,377.77889650384265,2,0
Baseline,17,2584016318,Evening,6,1188.9,0,0,126,3.187994462456149,6.620902240480177,6,948.5967893456881,0,0
Baseline,17,2584016318,Evening,7,1192.4166666666667,1,0,20,2.9184089471818027,6.986081041426407,3,913.0736320862794,1,1
Baseline,17,2584016318,Evening,8,1193.0,1,0,18,4.228018569596417,11.494287536725853,3,913.8705517166552,1,1
Baseline,17,2584016318,Evening,9,1194.1,0,0,24,3.6302479151281326,6.8843522033324,3,977.9691292863578,0,0
Baseline,17,2584016318,Evening,10,1197.0,0,0,86,5.330694342790141,17.207866764666676,13,921.3081963473908,0,0
Baseline,18,4074852312,Morning,6,653.8,2,0,114,3.8049364463989317,8.78775507519575,7,572.343468526992,2,2
Baseline,18,4074852312,Morning,7,660.85,0,0,23,3.4011185227913296,7.879865791730287,3,553.5823453973992,0,0
Baseline,18,4074852312,Morning,8,662.0,0,0,13,3.5913687453284875,5.61013506423078,2,528.351456452219,0,0
Baseline,18,4074852312,Morning,9,663.6333333333333,0,0,29,4.205100967803329,8.208868843813978,3,423.7084704442811,0,0
Baseline,18,4074852312,Morning,10,668.0,0,0,319,3.761655207189476,9.778794887561924,17,536.8060527960603,1,0
Baseline,18,4074852312,Evening,6,1188.9,3,0,123,3.134798531118915,6.896970204014712,9,948.7569200739279,3,3
Baseline,18,4074852312,Evening,7,1192.4166666666667,0,0,21,3.835544986798303,6.404527726834431,2,913.3512114703263,0,0
Baseline,18,4074852312,Evening,8,1193.0,1,0,18,3.210077497052061,7.5403889135621105,2,941.4781791262249,1,1
Baseline,18,4074852312,Evening,9,1194.1,0,0,24,3.4938075663723587,6.9087676966378435,3,1012.0220310717594,0,0
Baseline,18,4074852312,Evening,10,1197.0,0,0,86,4.244309740210865,14.325953867982207,12,919.4008801582,0,0
Baseline,19,3205241267,Morning,6,653.8,1,0,115,3.447620907130961,8.758553514944094,8,535.0690263977347,1,1
Baseline,19,3205241267,Morning,7,660.85,0,0,23,3.582702631859295,7.956940253262489,2,478.49921573561056,0,0
Baseline,19,3205241267,Morning,8,662.0,0,0,13,3.0695635850786447,7.106196390571967,1,403.2489663571672,0,0
Baseline,19,3205241267,Morning,9,663.6333333333333,0,0,29,3.561559231948571,13.110708237627884,3,374.02095463814953,1,0
Baseline,19,3205241267,Morning,10,668.0,0,0,319,3.625629254464804,10.000048612873563,18,429.25889329561966,0,0
Baseline,19,3205241267,Evening,6,1188.9,1,0,125,3.5022515925044453,7.140872774817262,6,905.7140133467141,1,1
Baseline,19,3205241267,Evening,7,1192.4166666666667,0,0,21,3.0960183737251037,6.601603710370682,3,933.7880469717843,0,0
Baseline,19,3205241267,Evening,8,1193.0,0,0,19,2.964219119683291,5.95731551533446,2,949.1163814998727,0,0
Baseline,19,3205241267,Evening,9,1194.1,0,0,24,4.097635927745041,13.040068817762112,2,903.6340507662335,0,0
Baseline,19,3205241267,Evening,10,1197.0,0,0,86,4.385549919373055,14.103783955042559,9,921.3115886682207,0,0
Baseline,20,1304481603,Morning,6,653.8,1,0,115,3.647446470615406,8.537139224177736,6,510.81440697291373,1,1
Baseline,20,1304481603,Morning,7,660.85,0,0,23,3.5166456755335362,8.84539787438839,2,534.807399217227,0,0
Baseline,20,1304481603,Morning,8,662.0,0,0,13,4.327164285633649,7.847285840101913,2,560.9718017939737,0,0
Baseline,20,1304481603,Morning,9,663.6333333333333,0,0,29,4.140669823092639,11.598239789515343,3,370.7018749418745,0,0
Baseline,20,1304481603,Morning,10,668.0,0,0,319,3.721512152821847,9.551405940649895,15,403.7599107768336,1,0
Baseline,20,1304481603,Evening,6,1188.9,5,0,121,3.1889784890113275,7.192476400367923,7,926.8210920554119,5,5
Baseline,20,1304481603,Evening,7,1192.4166666666667,1,0,20,3.2669468497334377,6.949636924561947,3,926.8676545699084,1,1
Baseline,20,1304481603,Evening,8,1193.0,0,0,19,4.552343278039182,10.157206290476168,2,906.2035939348328,0,0
Baseline,20,1304481603,Evening,9,1194.1,0,0,24,4.687273523465929,12.124760670175512,5,912.1422889233033,0,0
Baseline,20,1304481603,Evening,10,1197.0,0,0,86,4.5860768526358,16.11443174847571,10,920.5984206811787,0,0
Baseline,21,2726751603,Morning,6,653.8,1,0,115,3.4815774197071505,8.484591545313299,7,523.060794627562,1,1
Baseline,21,2726751603,Morning,7,660.85,0,0,23,3.5306393071896283,7.586079956760237,3,535.7205962683679,1,0
Baseline,21,2726751603,Morning,8,662.0,0,0,13,3.854985474028358,9.029499817042506,1,400.1132380767508,0,0
Baseline,21,2726751603,Morning,9,663.6333333333333,0,0,29,3.9320106487337942,9.291332001114698,2,374.3924126752377,1,0
Baseline,21,2726751603,Morning,10,668.0,0,0,319,3.6875109959366803,8.686755379447407,18,377.2352534863135,0,0
Baseline,21,2726751603,Evening,6,1188.9,3,0,123,3.2640951348618454,6.8982372502183,7,953.3906456135838,3,3
Baseline,21,2726751603,Evening,7,1192.4166666666667,1,0,20,3.1827523859143754,6.4714298114484405,3,1070.7724646112065,1,1
Baseline,21,2726751603,Evening,8,1193.0,0,0,19,3.6758224535709885,7.481961450465996,2,919.2059957277015,0,0
Baseline,21,2726751603,Evening,9,1194.1,0,0,24,4.084839786326455,7.540009296083769,2,931.1907323826977,0,0
Baseline,21,2726751603,Evening,10,1197.0,0,0,86,4.23915117705586,15.953389370654833,10,921.8643214543299,0,0
Baseline,22,2114242019,Morning,6,653.8,1,0,115,3.5269883551720267,8.698808174029862,9,511.3002472228969,1,1
Baseline,22,2114242019,Morning,7,660.85,0,0,23,4.061033175642599,9.195929606978602,2,421.7385858623615,0,0
Baseline,22,2114242019,Morning,8,662.0,0,0,13,3.3932929427249316,7.826936236925751,2,452.96251599388535,0,0
Baseline,22,2114242019,Morning,9,663.6333333333333,0,0,29,3.443386006733347,7.672023955756026,3,455.079932542351,0,0
Baseline,22,2114242019,Morning,10,668.0,0,0,319,3.9024666849247986,9.529632118729118,14,413.55348983643154,1,0
Baseline,22,2114242019,Evening,6,1188.9,1,0,125,3.427569276024954,6.980254693414053,9,906.6400823056327,1,1
Baseline,22,2114242019,Evening,7,1192.4166666666667,0,0,21,2.739363727549506,5.389503405917367,2,955.8576605221419,0,0
Baseline,22,2114242019,Evening,8,1193.0,0,0,19,3.784248944700637,7.164784724847783,2,981.6478404764135,0,0
Baseline,22,2114242019,Evening,9,1194.1,0,0,24,3.3399041112023773,6.57982257372355,3,997.9210426812485,0,0
Baseline,22,2114242019,Evening,10,1197.0,1,0,85,4.053433180076164,10.426337232209466,11,921.6743903891552,1,1
Baseline,23,1147627710,Morning,6,653.8,4,0,112,3.474434297818854,8.016500356396504,8,583.3547404189299,4,4
Baseline,23,1147627710,Morning,7,660.85,0,0,23,3.518054779203112,6.2635746636869145,3,541.781886399213,0,0
Baseline,23,1147627710,Morning,8,662.0,0,0,13,4.247516686946981,8.185191400460075,2,469.44170295957684,1,0
Baseline,23,1147627710,Morning,9,663.6333333333333,0,0,29,3.0838308217767496,6.657106653569235,2,372.40652786604954,0,0
Baseline,23,1147627710,Morning,10,668.0,0,0,319,3.708122447493797,9.363391983039286,16,403.76513992221464,0,0
Baseline,23,1147627710,Evening,6,1188.9,0,0,126,3.3802228877789933,6.6940303075618885,7,962.3244394284937,0,0
Baseline,23,1147627710,Evening,7,1192.4166666666667,0,0,21,3.6452656743433094,6.790067243498925,3,930.8551496503046,0,0
Baseline,23,1147627710,Evening,8,1193.0,0,0,19,5.028241186432117,13.365953601811745,2,902.7756727728918,0,0
Baseline,23,1147627710,Evening,9,1194.1,0,0,24,3.659959119293333,6.020169513543622,2,927.3859690654792,0,0
Baseline,23,1147627710,Evening,10,1197.0,0,0,86,3.9915603499303383,11.82785982002568,8,919.0888430232774,0,0
Baseline,24,2483435858,Morning,6,653.8,2,0,114,3.2707086083945756,7.9076897929500385,9,510.0062754390424,2,2
Baseline,24,2483435858,Morning,7,660.85,0,0,23,3.4068698276521987,9.380103279402112,2,423.47174029959496,1,0
Baseline,24,2483435858,Morning,8,662.0,0,0,13,4.273179661777153,10.480521662588222,2,460.2202415303783,1,0
Baseline,24,2483435858,Morning,9,663.6333333333333,0,0,29,4.58079304538038,10.707435008446206,2,448.2176191293397,0,0
Baseline,24,2483435858,Morning,10,668.0,0,0,319,3.627628097165094,9.075957844073315,15,413.0769325731561,0,0
Baseline,24,2483435858,Evening,6,1188.9,3,0,123,2.8326390352264967,6.137835634158214,8,942.2738733196251,3,3
Baseline,24,2483435858,Evening,7,1192.4166666666667,1,0,20,3.011379053608812,5.468194186090602,2,976.4536119387269,1,1
Baseline,24,2483435858,Evening,8,1193.0,1,0,18,3.5345778970536545,6.372325197806287,2,1014.7388829841108,1,1
Baseline,24,2483435858,Evening,9,1194.1,0,0,24,3.3778531133234537,7.016393801172658,4,1051.4534245701464,0,0
Baseline,24,2483435858,Evening,10,1197.0,0,0,86,3.749532824095037,8.519026972244035,8,921.9306723309172,0,0
Baseline,25,3210783261,Morning,6,653.8,4,0,112,3.053926474892689,7.83820907145257,7,529.2832584069732,4,4
Baseline,25,3210783261,Morning,7,660.85,0,0,23,3.1584240112916317,6.655692591545919,3,470.3531134866302,0,0
Baseline,25,3210783261,Morning,8,662.0,0,0,13,3.505819165903583,8.676403018732557,2,471.7006323724718,0,0
Baseline,25,3210783261,Morning,9,663.6333333333333,0,0,29,3.11757356110388,8.05448218372073,3,454.9817509781998,0,0
Baseline,25,3210783261,Morning,10,668.0,0,0,319,3.683769097162926,9.690866528370156,15,377.836661750398,1,0
Baseline,25,3210783261,Evening,6,1188.9,3,0,123,3.3211816456895655,6.8145505933990265,6,955.2376250219811,3,3
Baseline,25,3210783261,Evening,7,1192.4166666666667,0,0,21,3.8842965720841187,6.723062307836699,3,1064.7323995322774,0,0
Baseline,25,3210783261,Evening,8,1193.0,0,0,19,2.93305340017462,6.421402027480167,2,955.6500068850005,0,0
Baseline,25,3210783261,Evening,9,1194.1,0,0,24,3.4367987021750017,7.640318794274753,3,938.3224689054161,0,0
Baseline,25,3210783261,Evening,10,1197.0,0,0,86,3.8110259497289247,9.894434554445667,8,920.0666538951292,0,0
Baseline,26,1843101495,Morning,6,653.8,2,0,114,3.7312015460896233,8.17766840859233,7,541.459202157958,2,2
Baseline,26,1843101495,Morning,7,660.85,0,0,23,4.162735608797416,8.257261666022451,3,599.2415967953458,1,0
Baseline,26,1843101495,Morning,8,662.0,0,0,13,3.954051519615374,6.455013444910195,2,427.77384961755035,1,0
Baseline,26,1843101495,Morning,9,663.6333333333333,0,0,29,3.560072049558116,9.306904791597171,4,433.164093437931,0,0
Baseline,26,1843101495,Morning,10,668.0,0,0,319,3.6579611563918357,9.466658772804612,17,430.3516882695547,2,0
Baseline,26,1843101495,Evening,6,1188.9,1,0,125,3.161397148357726,7.076275175389582,6,959.8658233432708,1,1
Baseline,26,1843101495,Evening,7,1192.4166666666667,1,0,20,3.0374261341071813,5.399226324171565,2,946.091506426108,1,1
Baseline,26,1843101495,Evening,8,1193.0,0,0,19,3.9308753334660733,10.369662357617747,3,950.7231876431042,0,0
Baseline,26,1843101495,Evening,9,1194.1,0,0,24,3.551736307360206,6.170451872425796,2,943.0770386279585,0,0
Baseline,26,1843101495,Evening,10,1197.0,0,0,86,3.836171980001062,9.581473354019636,12,918.3938680593884,0,0
Baseline,27,1807795135,Morning,6,653.8,1,0,115,3.601796603136197,8.810370252829966,6,438.71651475610446,1,1
Baseline,27,1807795135,Morning,7,660.85,0,0,23,2.5678508132816438,7.470466198980588,3,495.54531653633427,0,0
Baseline,27,1807795135,Morning,8,662.0,0,0,13,2.303704650468992,5.627710401147338,3,424.2936358302737,0,0
Baseline,27,1807795135,Morning,9,663.6333333333333,0,0,29,3.969685467290923,8.900454560375747,4,424.30203871677446,0,0
Baseline,27,1807795135,Morning,10,668.0,0,0,319,3.972363989448194,9.191389788784798,18,430.79216967171163,0,0
Baseline,27,1807795135,Evening,6,1188.9,1,0,125,3.379849249096593,7.2639680367538855,9,905.9058537891827,1,1
Baseline,27,1807795135,Evening,7,1192.4166666666667,0,0,21,3.7994740650523875,8.691511023993144,2,914.4466643723244,0,0
Baseline,27,1807795135,Evening,8,1193.0,0,0,19,4.339941418879317,9.214129969434444,2,907.2276311482966,0,0
Baseline,27,1807795135,Evening,9,1194.1,1,0,23,3.5326169447584523,6.80260431003146,3,1066.168475723289,1,1
Baseline,27,1807795135,Evening,10,1197.0,0,0,86,4.500546172200659,9.569891676604584,8,921.5361515887429,0,0
Baseline,28,650419918,Morning,6,653.8,3,0,113,3.5512625998998346,8.291869647120643,7,579.4628739067108,3,3
Baseline,28,650419918,Morning,7,660.85,0,0,23,3.7771838904010955,6.933018012887042,2,443.33002032367057,0,0
Baseline,28,650419918,Morning,8,662.0,0,0,13,3.130658748957973,8.006858666707437,2,498.56237455798976,0,0
Baseline,28,650419918,Morning,9,663.6333333333333,0,0,29,3.7118728842177706,9.897829220685763,2,374.1571281304924,0,0
Baseline,28,650419918,Morning,10,668.0,0,0,319,3.7908391403484636,9.377911798310455,17,524.5350693185627,2,0
Baseline,28,650419918,Evening,6,1188.9,5,0,121,3.2844915824299816,7.006278475864065,10,921.0103938094335,5,5
Baseline,28,650419918,Evening,7,1192.4166666666667,0,0,21,4.088175470811799,7.113239914925543,2,908.0713506335181,0,0
Baseline,28,650419918,Evening,8,1193.0,1,0,18,4.139305116677185,7.052479544315349,3,955.3902106540136,1,1
Baseline,28,650419918,Evening,9,1194.1,1,0,23,4.288358199101238,9.99743097375495,2,907.2524300759505,1,1
Baseline,28,650419918,Evening,10,1197.0,0,0,86,4.048226053947663,13.429547908880721,9,921.8924757476092,0,0
Baseline,29,982532350,Morning,6,653.8,2,0,114,3.5715589495825153,8.579266806445315,7,642.8800584349875,2,2
Baseline,29,982532350,Morning,7,660.85,0,0,23,3.9750052673008613,9.483438917232068,3,523.6496709506257,0,0
Baseline,29,982532350,Morning,8,662.0,0,0,13,3.040688057496604,7.3092559440608955,2,484.7933108407723,0,0
Baseline,29,982532350,Morning,9,663.6333333333333,0,0,29,3.756461002709751,7.828081594247919,3,463.9456965686691,1,0
Baseline,29,982532350,Morning,10,668.0,0,0,319,3.5743747649510924,8.987668921575942,16,594.7249768889227,0,0
Baseline,29,982532350,Evening,6,1188.9,2,0,124,3.3878230306857535,6.887690260660041,8,1065.1397480019552,2,2
Baseline,29,982532350,Evening,7,1192.4166666666667,1,0,20,3.4443740295943828,7.638682585851871,3,914.0160807418855,1,1
Baseline,29,982532350,Evening,8,1193.0,0,0,19,3.665075678882126,7.0233149202876,2,981.4993090392476,0,0
Baseline,29,982532350,Evening,9,1194.1,0,0,24,4.011671458302165,6.772956527741877,2,973.0887866881948,0,0
Baseline,29,982532350,Evening,10,1197.0,0,0,86,4.870126591342043,15.713424649649596,11,916.3532556292231,0,0
Baseline,30,1193431242,Morning,6,653.8,9,0,107,3.319271738230213,8.521097666922786,9,659.7037235566445,9,9
Baseline,30,1193431242,Morning,7,660.85,0,0,23,3.2528771229399034,8.639676979823385,2,452.91512013824996,0,0
Baseline,30,1193431242,Morning,8,662.0,0,0,13,3.0120231288107764,6.070057390319445,2,518.4808813972122,0,0
Baseline,30,1193431242,Morning,9,663.6333333333333,0,0,29,2.607143003370158,8.123515168908963,3,532.0402307731505,0,0
Baseline,30,1193431242,Morning,10,668.0,0,0,319,3.4490661238646574,9.32323264457668,18,530.7060340457286,1,0
Baseline,30,1193431242,Evening,6,1188.9,2,0,124,3.350269770607638,6.742959039768651,9,907.2790262388079,2,2
Baseline,30,1193431242,Evening,7,1192.4166666666667,0,0,21,3.341801154035969,6.788813388835592,2,1000.4348976553579,0,0
Baseline,30,1193431242,Evening,8,1193.0,1,0,18,3.525499485524967,11.859951131849952,2,904.2846505892046,1,1
Baseline,30,1193431242,Evening,9,1194.1,0,0,24,3.3087553237077665,6.745157470545348,2,945.1772094742238,0,0
Baseline,30,1193431242,Evening,10,1197.0,1,0,85,3.620356861603171,9.432955792947496,10,921.9152708889711,1,1
High-Demand,1,479243620,Morning,6,653.8,6,0,159,3.449150541295737,8.72031968163975,9,510.0984441081015,6,6
High-Demand,1,479243620,Morning,7,660.85,0,0,30,3.6122807447126206,7.38012239294954,4,517.8158432202797,0,0
High-Demand,1,479243620,Morning,8,662.0,0,0,17,4.439792299026726,8.456594453377784,3,580.1942130489543,0,0
High-Demand,1,479243620,Morning,9,663.6333333333333,0,0,40,3.3742558979758557,8.664078292018145,3,444.31453734457864,2,0
High-Demand,1,479243620,Morning,10,668.0,0,0,446,3.615657667012756,8.810354918790054,22,468.85637584684997,2,0
High-Demand,1,479243620,Evening,6,1188.9,1,0,176,3.363641317901491,6.793238235256922,10,949.1917284955431,1,1
High-Demand,1,479243620,Evening,7,1192.4166666666667,1,0,27,3.389563686889725,6.59207058655711,3,947.5691220586099,1,1
High-Demand,1,479243620,Evening,8,1193.0,1,0,26,3.2361414873315346,7.114831489511573,3,1092.7942488244912,1,1
High-Demand,1,479243620,Evening,9,1194.1,0,0,33,3.2767966652671667,6.137103739185248,3,1017.0175578992605,0,0
High-Demand,1,479243620,Evening,10,1197.0,1,0,119,4.116883071394323,9.877633666405663,14,921.9096504855238,1,1
High-Demand,2,454024514,Morning,6,653.8,2,0,163,3.31615379486049,8.227867299217378,9,523.2040591294561,2,2
High-Demand,2,454024514,Morning,7,660.85,0,0,30,3.2300704808500655,7.804193174495529,2,479.1686194811155,2,0
High-Demand,2,454024514,Morning,8,662.0,0,0,17,2.5367819307726203,5.003561792666957,1,369.68395256360196,0,0
High-Demand,2,454024514,Morning,9,663.6333333333333,0,0,40,3.673185805030471,9.42114841830963,3,386.1179623024111,1,0
High-Demand,2,454024514,Morning,10,668.0,0,0,446,3.665427719434471,9.647092118320415,25,468.97862293312244,2,0
High-Demand,2,454024514,Evening,6,1188.9,1,0,176,3.5280580394647627,7.130997088641266,10,941.9506219026234,1,1
High-Demand,2,454024514,Evening,7,1192.4166666666667,0,0,28,3.651991408004384,7.580420200364425,4,911.7227710952142,0,0
High-Demand,2,454024514,Evening,8,1193.0,0,0,27,3.7894531394764708,8.470549379596287,3,914.6942788622974,0,0
High-Demand,2,454024514,Evening,9,1194.1,1,0,32,3.1850761918506336,6.394713589736852,4,944.0542588414941,1,1
High-Demand,2,454024514,Evening,10,1197.0,0,0,120,4.17662862535347,10.427111875383314,14,921.0863561681197,0,0
High-Demand,3,1818751028,Morning,6,653.8,2,0,163,3.2252109245077585,7.94327142995809,7,464.62168502262534,2,2
High-Demand,3,1818751028,Morning,7,660.85,0,0,30,3.6548398940096356,7.655551320633343,3,514.347182159778,0,0
High-Demand,3,1818751028,Morning,8,662.0,0,0,17,3.9564726011030835,7.94225777550689,2,564.8790910438141,0,0
High-Demand,3,1818751028,Morning,9,663.6333333333333,0,0,40,4.481070074980325,9.041432767803366,4,369.2500354147872,0,0
High-Demand,3,1818751028,Morning,10,668.0,0,0,446,3.841659712285911,9.55915010187988,24,468.6139606467393,1,0
High-Demand,3,1818751028,Evening,6,1188.9,3,0,174,3.2732255817223455,6.862328996285248,7,935.3583664791897,3,3
High-Demand,3,1818751028,Evening,7,1192.4166666666667,1,0,27,3.6966616298968296,8.040304693164853,2,912.1476586166135,1,1
High-Demand,3,1818751028,Evening,8,1193.0,2,0,25,3.770661296508615,6.113152342764964,4,913.3976761747017,2,2
High-Demand,3,1818751028,Evening,9,1194.1,0,0,33,4.281874040886536,15.488399621695539,4,904.4866612065165,0,0
High-Demand,3,1818751028,Evening,10,1197.0,1,0,119,3.985790401898027,8.76532684499033,10,919.4344520425628,1,1
High-Demand,4,2288458700,Morning,6,653.8,1,0,164,3.419377027194441,8.674991227905974,9,612.8141304885379,1,1
High-Demand,4,2288458700,Morning,7,660.85,0,0,30,3.2752153562464077,9.029614765939927,3,474.59513943491584,0,0
High-Demand,4,2288458700,Morning,8,662.0,0,0,17,3.866592724603837,8.47458197930971,2,460.934861147923,1,0
High-Demand,4,2288458700,Morning,9,663.6333333333333,0,0,40,3.5689265905731586,9.007214814223726,3,462.2719436041358,1,0
High-Demand,4,2288458700,Morning,10,668.0,0,0,446,3.8457973878508906,9.298925428931753,23,468.4877675758412,4,0
High-Demand,4,2288458700,Evening,6,1188.9,1,0,176,3.474545431709203,7.084717600064437,10,905.6855944449135,1,1
High-Demand,4,2288458700,Evening,7,1192.4166666666667,0,0,28,4.288468294990655,7.875113111289049,3,960.6405176560627,0,0
High-Demand,4,2288458700,Evening,8,1193.0,0,0,27,4.677731515305119,11.807915899653128,3,906.3471421080544,0,0
High-Demand,4,2288458700,Evening,9,1194.1,0,0,33,3.308986415111018,7.168563545593904,2,942.0402229107069,0,0
High-Demand,4,2288458700,Evening,10,1197.0,1,0,119,3.91462293466252,9.656379329754866,14,920.2797790866983,1,1
High-Demand,5,2115331525,Morning,6,653.8,2,0,163,3.4700712169711707,8.59369024692004,8,541.6021347510465,2,2
High-Demand,5,2115331525,Morning,7,660.85,0,0,30,2.959838333299899,6.101406125679621,4,589.3970879107433,1,0
High-Demand,5,2115331525,Morning,8,662.0,0,0,17,3.6311954595727967,9.930255624782612,2,451.58016899894864,0,0
High-Demand,5,2115331525,Morning,9,663.6333333333333,0,0,40,3.9278415395161446,9.814024794321595,4,462.8124559121438,0,0
High-Demand,5,2115331525,Morning,10,668.0,0,0,446,3.780799843345128,9.50329616069152,20,376.30537286799137,3,0
High-Demand,5,2115331525,Evening,6,1188.9,1,0,176,3.2397348848058978,6.926133099195681,10,956.3685668859082,1,1
High-Demand,5,2115331525,Evening,7,1192.4166666666667,1,0,27,2.2579007533508704,4.873586817330795,3,1019.8411249749172,1,1
High-Demand,5,2115331525,Evening,8,1193.0,0,0,27,3.4824457370557833,6.8174062577100125,2,910.3517549654134,0,0
High-Demand,5,2115331525,Evening,9,1194.1,0,0,33,2.55874463670796,6.672837565745519,3,915.8504663575422,0,0
High-Demand,5,2115331525,Evening,10,1197.0,1,0,119,4.172818145740759,11.334616775384125,12,921.7682685636365,1,1
High-Demand,6,2666256175,Morning,6,653.8,3,0,162,3.3408493031299784,8.103009559081796,9,517.4957034443427,3,3
High-Demand,6,2666256175,Morning,7,660.85,0,0,30,3.0687112318315597,5.864128798852601,2,450.0663591387261,0,0
High-Demand,6,2666256175,Morning,8,662.0,0,0,17,4.159002434054347,6.698796109712202,3,433.6091317269326,0,0
High-Demand,6,2666256175,Morning,9,663.6333333333333,0,0,40,3.9842690076147194,9.250135254503489,3,530.1942615540847,0,0
High-Demand,6,2666256175,Morning,10,668.0,0,0,446,3.8658906827906043,11.117481511224355,24,468.85822235729745,1,0
High-Demand,6,2666256175,Evening,6,1188.9,6,0,171,3.380465253465685,6.8332848735879,10,1130.3316368725061,6,6
High-Demand,6,2666256175,Evening,7,1192.4166666666667,0,0,28,3.543330910933272,9.306214245659508,3,914.8198063309546,0,0
High-Demand,6,2666256175,Evening,8,1193.0,1,0,26,3.4850030341342824,6.989692337362271,3,915.1503882493125,1,1
High-Demand,6,2666256175,Evening,9,1194.1,0,0,33,3.2520664631147227,8.581476829574646,3,916.6251868882605,0,0
High-Demand,6,2666256175,Evening,10,1197.0,2,0,118,4.4057048873243945,11.778087025151637,17,918.705788489525,2,2
High-Demand,7,975381835,Morning,6,653.8,3,0,162,3.3888191543351383,8.359641870403559,10,633.4272096277745,3,3
High-Demand,7,975381835,Morning,7,660.85,0,0,30,3.1583322502051847,8.043429994079519,3,471.8299459331669,0,0
High-Demand,7,975381835,Morning,8,662.0,0,0,17,4.399141511037311,8.47810734958516,2,456.85784082824887,0,0
High-Demand,7,975381835,Morning,9,663.6333333333333,0,0,40,3.7725442111403282,7.9767466162277945,4,531.4991851342721,1,0
High-Demand,7,975381835,Morning,10,668.0,0,0,446,3.711901752789146,9.296861415497773,22,377.59668454241626,2,0
High-Demand,7,975381835,Evening,6,1188.9,0,0,177,3.190249532965747,6.860202983761201,7,907.2696425200759,0,0
High-Demand,7,975381835,Evening,7,1192.4166666666667,0,0,28,3.619673543332912,6.8914480788845704,2,917.8980712960375,0,0
High-Demand,7,975381835,Evening,8,1193.0,0,0,27,3.310785197195876,6.5223055221690736,2,954.5845000865119,0,0
High-Demand,7,975381835,Evening,9,1194.1,1,0,32,3.488872330696566,8.543948870483273,4,914.8934295278387,1,1
High-Demand,7,975381835,Evening,10,1197.0,0,0,120,4.691236225206804,16.637328331052952,14,919.2739490802596,0,0
High-Demand,8,2535166222,Morning,6,653.8,1,0,164,3.6942253072147597,7.774957892382637,7,510.96264838866966,1,1
High-Demand,8,2535166222,Morning,7,660.85,0,0,30,3.267193932824148,8.650779706220531,3,486.99452421533977,0,0
High-Demand,8,2535166222,Morning,8,662.0,0,0,17,3.6158050442184315,7.486563625000461,2,542.7713897426398,0,0
High-Demand,8,2535166222,Morning,9,663.6333333333333,0,0,40,3.5506608778451296,8.799967931139065,3,416.4370806307257,1,0
High-Demand,8,2535166222,Morning,10,668.0,0,0,446,3.787271754973186,9.14146176882025,21,530.7956007141677,0,0
High-Demand,8,2535166222,Evening,6,1188.9,2,0,175,3.454556733294085,7.677223249132805,11,1065.55408269949,2,2
High-Demand,8,2535166222,Evening,7,1192.4166666666667,1,0,27,3.270989449162892,6.596598994638201,3,994.3597846164955,1,1
High-Demand,8,2535166222,Evening,8,1193.0,0,0,27,2.8111320266172775,7.693676760706373,2,911.0672663894537,0,0
High-Demand,8,2535166222,Evening,9,1194.1,0,0,33,4.192587832348295,10.44790091234808,3,909.1050284901097,0,0
High-Demand,8,2535166222,Evening,10,1197.0,0,0,120,4.538941190638034,12.158562640051137,17,921.201299935863,0,0
High-Demand,9,1079577930,Morning,6,653.8,4,0,161,3.4132463073783867,7.538919098195606,9,553.5395821396303,4,4
High-Demand,9,1079577930,Morning,7,660.85,0,0,30,3.2071950702854015,6.73395136872337,3,429.9715207964934,1,0
High-Demand,9,1079577930,Morning,8,662.0,0,0,17,3.718675942905901,5.959875213001213,3,439.30372522882857,0,0
High-Demand,9,1079577930,Morning,9,663.6333333333333,0,0,40,3.7738150170073057,7.852427879136882,4,443.401538129169,0,0
High-Demand,9,1079577930,Morning,10,668.0,0,0,446,3.772009304533702,9.549523048058418,27,468.97785213530403,0,0
High-Demand,9,1079577930,Evening,6,1188.9,5,0,172,3.4730898046447845,6.923349199270398,8,955.1601146040545,5,5
High-Demand,9,1079577930,Evening,7,1192.4166666666667,0,0,28,3.9939417087260227,10.381129790949776,4,908.3489476381735,0,0
High-Demand,9,1079577930,Evening,8,1193.0,0,0,27,3.540707213450345,9.989462364130254,2,904.254352938287,0,0
High-Demand,9,1079577930,Evening,9,1194.1,0,0,33,3.788744218955275,7.588346235714445,3,911.2604599884323,0,0
High-Demand,9,1079577930,Evening,10,1197.0,2,0,118,3.7700845762448454,8.082145395303899,12,920.257792489613,2,2
High-Demand,10,3715024065,Morning,6,653.8,3,0,162,3.2174102985005724,8.541284055978105,8,593.4512119867077,3,3
High-Demand,10,3715024065,Morning,7,660.85,0,0,30,3.472409810300032,8.379176621306154,3,422.9741525235252,1,0
High-Demand,10,3715024065,Morning,8,662.0,0,0,17,3.9637937369269025,7.504918515692088,3,495.5592894093103,0,0
High-Demand,10,3715024065,Morning,9,663.6333333333333,0,0,40,3.2088035320881305,9.384260358208934,3,405.6563999440839,0,0
High-Demand,10,3715024065,Morning,10,668.0,0,0,446,3.8092838695449176,9.443358697481884,25,430.7556475338866,1,0
High-Demand,10,3715024065,Evening,6,1188.9,1,0,176,3.3866063116251968,6.905936141486052,8,942.7365853015159,1,1
High-Demand,10,3715024065,Evening,7,1192.4166666666667,0,0,28,3.5940774542516545,6.476203997132579,4,914.5154740822164,0,0
High-Demand,10,3715024065,Evening,8,1193.0,0,0,27,3.236539294905103,6.210976396003741,3,962.6383228295102,0,0
High-Demand,10,3715024065,Evening,9,1194.1,0,0,33,3.000358068417468,6.133041627787588,5,937.8449857074708,0,0
High-Demand,10,3715024065,Evening,10,1197.0,0,0,120,4.262781836483228,10.58560567709857,11,918.9403863029911,0,0
High-Demand,11,2056590929,Morning,6,653.8,4,0,161,3.545524031255343,8.182189749484905,12,653.7013501643426,4,4
High-Demand,11,2056590929,Morning,7,660.85,0,0,30,3.530701113666303,7.518822376712846,3,485.0546762813711,1,0
High-Demand,11,2056590929,Morning,8,662.0,0,0,17,4.090393712815355,7.823023600029704,2,429.50569017084,0,0
High-Demand,11,2056590929,Morning,9,663.6333333333333,0,0,40,3.8431316810196505,9.194682891491627,3,445.46894396758285,0,0
High-Demand,11,2056590929,Morning,10,668.0,0,0,446,3.763678143170378,9.499201444776475,27,377.59129992042483,0,0
High-Demand,11,2056590929,Evening,6,1188.9,2,0,175,3.5155184612320785,7.314608356855069,9,963.4429155936563,2,2
High-Demand,11,2056590929,Evening,7,1192.4166666666667,0,0,28,3.451610677043675,6.363352973073336,2,925.5951199651979,0,0
High-Demand,11,2056590929,Evening,8,1193.0,0,0,27,2.8417056262892992,6.227043444492779,3,935.6866372295542,0,0
High-Demand,11,2056590929,Evening,9,1194.1,1,0,32,2.5644503509455987,5.666545361113918,3,1051.5759441849034,1,1
High-Demand,11,2056590929,Evening,10,1197.0,0,0,120,3.824534687078839,8.956400873014244,16,921.5061420470801,0,0
High-Demand,12,3339987600,Morning,6,653.8,2,0,163,3.6554643022002353,9.18101049232804,9,641.9679788473493,2,2
High-Demand,12,3339987600,Morning,7,660.85,0,0,30,4.144453226999921,7.8157681840979105,2,429.1321291555884,0,0
High-Demand,12,3339987600,Morning,8,662.0,0,0,17,3.9385792086835134,5.924031736717461,2,458.37258955120745,2,0
High-Demand,12,3339987600,Morning,9,663.6333333333333,0,0,40,4.051835743217557,8.586419827082144,4,372.90077287912453,0,0
High-Demand,12,3339987600,Morning,10,668.0,0,0,446,3.695120324847964,9.483445373261986,25,377.9241081941231,0,0
High-Demand,12,3339987600,Evening,6,1188.9,3,0,174,3.1629584832688034,6.490692302644418,9,928.236950056044,3,3
High-Demand,12,3339987600,Evening,7,1192.4166666666667,0,0,28,4.273812895145844,7.6058658116568365,3,962.4305020836149,0,0
High-Demand,12,3339987600,Evening,8,1193.0,1,0,26,4.208191783077198,7.860453398017341,2,950.5072457741076,1,1
High-Demand,12,3339987600,Evening,9,1194.1,1,0,32,2.7579613695481164,7.02384075736636,3,959.3597697829875,1,1
High-Demand,12,3339987600,Evening,10,1197.0,0,0,120,4.28706540628023,14.304420898050859,12,915.3572745698926,0,0
High-Demand,13,1788010607,Morning,6,653.8,2,0,163,3.286487064193554,8.140740938462592,9,517.4685966150407,2,2
High-Demand,13,1788010607,Morning,7,660.85,0,0,30,3.9414558396416925,8.922515779605373,2,440.36209615216967,1,0
High-Demand,13,1788010607,Morning,8,662.0,0,0,17,3.4673339116945185,7.213117555505663,1,397.70380883867745,1,0
High-Demand,13,1788010607,Morning,9,663.6333333333333,0,0,40,4.074834820887037,9.582906279025432,3,425.5755974598317,0,0
High-Demand,13,1788010607,Morning,10,668.0,0,0,446,3.8862487492069246,9.816598164664597,23,377.003417968522,2,0
High-Demand,13,1788010607,Evening,6,1188.9,5,0,172,3.156883784627826,6.520594357112371,10,1082.7301542492903,5,5
High-Demand,13,1788010607,Evening,7,1192.4166666666667,0,0,28,2.6463103990605936,4.836260194362586,2,914.2419960400291,0,0
High-Demand,13,1788010607,Evening,8,1193.0,0,0,27,3.2361503794822335,6.805065669569694,2,914.4733775775019,0,0
High-Demand,13,1788010607,Evening,9,1194.1,0,0,33,2.9330145050367706,4.8207355078826595,3,950.6830532622445,0,0
High-Demand,13,1788010607,Evening,10,1197.0,0,0,120,4.838981050311715,16.607607108200288,16,916.0871804784629,0,0
High-Demand,14,2859898362,Morning,6,653.8,2,0,163,3.3365687795078585,8.728879994762885,9,529.5748230583122,2,2
High-Demand,14,2859898362,Morning,7,660.85,0,0,30,3.546991827410547,7.913945216723423,3,479.918733983283,0,0
High-Demand,14,2859898362,Morning,8,662.0,0,0,17,3.2292346463423938,5.859391248066274,2,426.96448468902696,0,0
High-Demand,14,2859898362,Morning,9,663.6333333333333,0,0,40,3.7320334368376082,6.9034707671837445,3,372.86088071964355,0,0
High-Demand,14,2859898362,Morning,10,668.0,0,0,446,3.839566812097712,9.056389572093792,25,468.7354038106937,1,0
High-Demand,14,2859898362,Evening,6,1188.9,4,0,173,3.2888369130453543,7.526932676703747,10,948.6618371180954,4,4
High-Demand,14,2859898362,Evening,7,1192.4166666666667,0,0,28,3.3106295053325505,7.620591813319282,3,913.6581679559879,0,0
High-Demand,14,2859898362,Evening,8,1193.0,0,0,27,3.264332031602723,5.970275745954848,3,1072.270647794316,0,0
High-Demand,14,2859898362,Evening,9,1194.1,0,0,33,3.62281828460167,7.728873934698231,3,1041.5938855480813,0,0
High-Demand,14,2859898362,Evening,10,1197.0,0,0,120,4.222115927202134,11.379083774530104,16,921.7159117301767,0,0
High-Demand,15,1908601667,Morning,6,653.8,1,0,164,3.3313870930841327,7.711124030151352,10,522.9319950366252,1,1
High-Demand,15,1908601667,Morning,7,660.85,0,0,30,3.6653188571522493,8.47664756608937,3,529.5135295928401,0,0
High-Demand,15,1908601667,Morning,8,662.0,0,0,17,3.414024319919152,9.432691050982749,3,452.85242976050995,0,0
High-Demand,15,1908601667,Morning,9,663.6333333333333,0,0,40,3.416261863223859,7.193091594318658,3,416.45868374096057,0,0
High-Demand,15,1908601667,Morning,10,668.0,0,0,446,3.6184087451839306,9.262025759059654,30,468.9598741698974,0,0
High-Demand,15,1908601667,Evening,6,1188.9,4,0,173,3.316383852435935,6.953075874827391,10,956.7189623020456,4,4
High-Demand,15,1908601667,Evening,7,1192.4166666666667,0,0,28,2.907767092590307,5.830728208046787,4,1024.306848371711,0,0
High-Demand,15,1908601667,Evening,8,1193.0,2,0,25,3.619844830539896,7.219939558003782,2,912.1758212415807,2,2
High-Demand,15,1908601667,Evening,9,1194.1,0,0,33,3.5141284114665723,6.420745701434315,3,1098.1650007084081,0,0
High-Demand,15,1908601667,Evening,10,1197.0,0,0,120,3.932299778406417,9.707772106895177,11,921.6986991047385,0,0
High-Demand,16,726301638,Morning,6,653.8,1,0,164,3.418378779762502,8.90803217544651,9,535.139338491266,1,1
High-Demand,16,726301638,Morning,7,660.85,0,0,30,3.276234255162054,7.3062130386573125,2,423.39311732157825,0,0
High-Demand,16,726301638,Morning,8,662.0,0,0,17,3.5799534371832182,8.615659907306007,2,622.639413791691,0,0
High-Demand,16,726301638,Morning,9,663.6333333333333,0,0,40,3.9871497440110857,9.499264492276899,4,519.246320648133,1,0
High-Demand,16,726301638,Morning,10,668.0,0,0,446,3.7232676134490412,9.415767393109377,21,377.46426905945236,0,0
High-Demand,16,726301638,Evening,6,1188.9,4,0,173,3.6493159872042087,7.5513009237723745,8,1022.2142129280031,4,4
High-Demand,16,726301638,Evening,7,1192.4166666666667,0,0,28,3.4322570766620566,8.404790437702951,3,940.8041901172646,0,0
High-Demand,16,726301638,Evening,8,1193.0,0,0,27,2.2980089662482936,5.864437815353824,4,1020.8994865137983,0,0
High-Demand,16,726301638,Evening,9,1194.1,1,0,32,3.561077256656599,8.036243571145326,4,916.785253868134,1,1
High-Demand,16,726301638,Evening,10,1197.0,0,0,120,4.494919005915884,13.126431029820875,14,918.6626473462792,0,0
High-Demand,17,2584016318,Morning,6,653.8,2,0,163,3.5681340480036985,7.900980928352613,11,603.446493826578,2,2
High-Demand,17,2584016318,Morning,7,660.85,0,0,30,3.587356030898953,8.8865440948046,3,437.32908153015154,0,0
High-Demand,17,2584016318,Morning,8,662.0,0,0,17,3.2298015391128576,8.140911287882295,2,648.795690275536,0,0
High-Demand,17,2584016318,Morning,9,663.6333333333333,0,0,40,3.322553000629507,7.096721602018089,4,581.7017971693042,1,0
High-Demand,17,2584016318,Morning,10,668.0,0,0,446,3.6695707224283396,9.308271188660626,28,377.77889650384265,2,0
High-Demand,17,2584016318,Evening,6,1188.9,1,0,176,3.107633918263966,6.562549069482088,9,949.5122390722659,1,1
High-Demand,17,2584016318,Evening,7,1192.4166666666667,1,0,27,2.537291612042151,6.57323747324059,3,913.0736320862794,1,1
High-Demand,17,2584016318,Evening,8,1193.0,2,0,25,3.584797766222014,10.237625954586782,3,913.8705517166552,2,2
High-Demand,17,2584016318,Evening,9,1194.1,0,0,33,3.396191765602294,6.733046265138523,3,964.2027651665318,0,0
High-Demand,17,2584016318,Evening,10,1197.0,0,0,120,4.932499848132305,14.862851586155777,14,921.3081963473908,0,0
High-Demand,18,4074852312,Morning,6,653.8,2,0,163,3.3865019145978565,8.469590979008712,9,572.343468526992,2,2
High-Demand,18,4074852312,Morning,7,660.85,0,0,30,3.2079187590274048,7.8516818324481905,4,429.0417672350284,0,0
High-Demand,18,4074852312,Morning,8,662.0,0,0,17,3.4613577749559035,5.751514632303452,2,434.1707649731724,0,0
High-Demand,18,4074852312,Morning,9,663.6333333333333,0,0,40,4.128155836586198,8.574366075636469,4,369.64734948550006,0,0
High-Demand,18,4074852312,Morning,10,668.0,0,0,446,3.7757342263313856,9.645524234054847,23,377.86946021163675,1,0
High-Demand,18,4074852312,Evening,6,1188.9,5,0,172,3.0739971406297424,6.5650690653253925,9,948.7569200739279,5,5
High-Demand,18,4074852312,Evening,7,1192.4166666666667,0,0,28,3.66928153401465,6.320987775895281,3,913.3512114703263,0,0
High-Demand,18,4074852312,Evening,8,1193.0,1,0,26,3.2146740918032957,7.898206296448649,3,1004.170137082604,1,1
High-Demand,18,4074852312,Evening,9,1194.1,0,0,33,3.563468906561163,7.534220331577897,3,916.7198520179531,0,0
High-Demand,18,4074852312,Evening,10,1197.0,0,0,120,4.330090572305864,14.278501196579827,18,919.4008801582,0,0
High-Demand,19,3205241267,Morning,6,653.8,2,0,163,3.436340074891862,8.687562069697039,11,535.0690263977347,2,2
High-Demand,19,3205241267,Morning,7,660.85,0,0,30,3.2244190144217706,8.310542520892067,3,588.8582548112986,0,0
High-Demand,19,3205241267,Morning,8,662.0,0,0,17,3.1823367975003105,6.428615016702381,2,479.8173457729125,0,0
High-Demand,19,3205241267,Morning,9,663.6333333333333,0,0,40,3.9342002723461436,13.205202825670735,3,374.02095463814953,1,0
High-Demand,19,3205241267,Morning,10,668.0,0,0,446,3.6176352966140906,9.50089914907548,26,377.0814873028585,0,0
High-Demand,19,3205241267,Evening,6,1188.9,1,0,176,3.391258224137531,7.06382553447844,9,906.3770089180823,1,1
High-Demand,19,3205241267,Evening,7,1192.4166666666667,0,0,28,3.0702981947156616,6.4836302330281,3,933.7880469717843,0,0
High-Demand,19,3205241267,Evening,8,1193.0,0,0,27,2.948603522155517,6.06395435545736,4,964.7216120188288,0,0
High-Demand,19,3205241267,Evening,9,1194.1,0,0,33,4.579554610433441,15.53294906289568,4,903.6340507662335,0,0
High-Demand,19,3205241267,Evening,10,1197.0,1,0,119,4.098356169792202,13.23809244172162,13,921.3115886682207,1,1
High-Demand,20,1304481603,Morning,6,653.8,1,0,164,3.576978118929171,8.649768181410314,9,633.0559986940395,1,1
High-Demand,20,1304481603,Morning,7,660.85,0,0,30,3.629665318038699,9.047039054909128,2,465.9336831111461,0,0
High-Demand,20,1304481603,Morning,8,662.0,0,0,17,4.147063497132234,7.823923186025262,3,560.9718017939737,0,0
High-Demand,20,1304481603,Morning,9,663.6333333333333,0,0,40,4.203427734047149,11.301718411016598,4,370.7018749418745,0,0
High-Demand,20,1304481603,Morning,10,668.0,0,0,446,3.690160848119358,9.410596437261674,21,524.931639172157,2,0
High-Demand,20,1304481603,Evening,6,1188.9,6,0,171,3.3941258578323175,7.290156213330533,10,942.4215976665354,6,6
High-Demand,20,1304481603,Evening,7,1192.4166666666667,1,0,27,3.3072306145843835,7.423837477113488,4,926.8676545699084,1,1
High-Demand,20,1304481603,Evening,8,1193.0,0,0,27,4.711451918602936,12.322007642330263,3,906.2035939348328,0,0
High-Demand,20,1304481603,Evening,9,1194.1,0,0,33,4.706175237346787,13.671561361087647,6,912.1422889233033,0,0
High-Demand,20,1304481603,Evening,10,1197.0,0,0,120,4.2998502493023585,15.252885597630533,15,921.2454765197515,0,0
High-Demand,21,2726751603,Morning,6,653.8,2,0,163,3.4542265960522616,8.476127733787417,10,511.5281401590584,2,2
High-Demand,21,2726751603,Morning,7,660.85,0,0,30,3.37672729802707,7.341670937981648,4,535.7205962683679,1,0
High-Demand,21,2726751603,Morning,8,662.0,0,0,17,3.9199824605149427,9.263898745441542,1,400.1132380767508,0,0
High-Demand,21,2726751603,Morning,9,663.6333333333333,0,0,40,3.7864028450748024,8.898898580152185,4,454.3613938452091,1,0
High-Demand,21,2726751603,Morning,10,668.0,0,0,446,3.785297806924092,9.238041324655939,26,468.5692721005735,0,0
High-Demand,21,2726751603,Evening,6,1188.9,4,0,173,3.1745790461001553,7.066279013514352,11,963.7934863731672,4,4
High-Demand,21,2726751603,Evening,7,1192.4166666666667,1,0,27,3.0416821826867935,6.321580714788672,4,1070.7724646112065,1,1
High-Demand,21,2726751603,Evening,8,1193.0,0,0,27,3.5759935346465292,7.247095372903709,2,919.2059957277015,0,0
High-Demand,21,2726751603,Evening,9,1194.1,0,0,33,3.7676028798377645,7.412160105382963,2,931.1907323826977,0,0
High-Demand,21,2726751603,Evening,10,1197.0,0,0,120,4.256937152529488,14.749194023368794,16,921.8643214543299,0,0
High-Demand,22,2114242019,Morning,6,653.8,1,0,164,3.6443002769012787,8.894943964587625,10,511.3002472228969,1,1
High-Demand,22,2114242019,Morning,7,660.85,0,0,30,3.931394712638096,8.879668747008742,2,421.7385858623615,0,0
High-Demand,22,2114242019,Morning,8,662.0,0,0,17,3.520715091793985,9.3669311023266,2,452.96251599388535,0,0
High-Demand,22,2114242019,Morning,9,663.6333333333333,0,0,40,3.5125362213439075,7.818444814487669,3,455.079932542351,0,0
High-Demand,22,2114242019,Morning,10,668.0,0,0,446,3.870495033304204,9.893419256133512,19,413.8270387318293,1,0
High-Demand,22,2114242019,Evening,6,1188.9,1,0,176,3.411686222481778,7.061175209926546,11,906.6400823056327,1,1
High-Demand,22,2114242019,Evening,7,1192.4166666666667,0,0,28,2.61417575286736,6.3313967015550965,2,934.9277791231066,0,0
High-Demand,22,2114242019,Evening,8,1193.0,0,0,27,3.985759250390271,7.263933776741077,3,1127.5741635474112,0,0
High-Demand,22,2114242019,Evening,9,1194.1,0,0,33,3.470910158164801,7.463296282868416,3,915.2287841806242,0,0
High-Demand,22,2114242019,Evening,10,1197.0,1,0,119,3.6699232583492964,8.826392532701195,13,921.9342662042144,1,1
High-Demand,23,1147627710,Morning,6,653.8,6,0,159,3.451435395963106,7.981189278996964,11,528.1170616144299,6,6
High-Demand,23,1147627710,Morning,7,660.85,0,0,30,3.433648722558439,6.024968204865085,3,541.781886399213,0,0
High-Demand,23,1147627710,Morning,8,662.0,0,0,17,4.168654525797589,8.482544989892608,2,469.44170295957684,1,0
High-Demand,23,1147627710,Morning,9,663.6333333333333,0,0,40,3.508495046366174,6.742388811191411,3,432.6856397811511,0,0
High-Demand,23,1147627710,Morning,10,668.0,0,0,446,3.726575600851676,9.109081215154987,23,437.77112611164944,0,0
High-Demand,23,1147627710,Evening,6,1188.9,0,0,177,3.4184030136996593,6.831724976547093,8,962.3244394284937,0,0
High-Demand,23,1147627710,Evening,7,1192.4166666666667,0,0,28,3.502201283688765,6.352634711050153,3,930.8551496503046,0,0
High-Demand,23,1147627710,Evening,8,1193.0,0,0,27,4.269970385299602,11.56578398594988,3,1100.7670370993935,0,0
High-Demand,23,1147627710,Evening,9,1194.1,0,0,33,3.466611551582005,6.047106116131658,3,927.781521334256,0,0
High-Demand,23,1147627710,Evening,10,1197.0,0,0,120,4.172937561166579,11.066340435743621,12,919.0888430232774,0,0
High-Demand,24,2483435858,Morning,6,653.8,3,0,162,3.388684430184855,8.404092059515975,11,510.0062754390424,3,3
High-Demand,24,2483435858,Morning,7,660.85,0,0,30,2.9939466360428755,8.01222447190528,2,423.47174029959496,1,0
High-Demand,24,2483435858,Morning,8,662.0,0,0,17,3.877907025208779,9.71738685462012,2,460.2202415303783,1,0
High-Demand,24,2483435858,Morning,9,663.6333333333333,0,0,40,4.284032170325,9.233133265780983,3,450.6164883092484,0,0
High-Demand,24,2483435858,Morning,10,668.0,0,0,446,3.767384106771401,9.1325797376782,20,413.69384614292323,0,0
High-Demand,24,2483435858,Evening,6,1188.9,4,0,173,2.9482818594788474,6.0125491203664305,10,942.2738733196251,4,4
High-Demand,24,2483435858,Evening,7,1192.4166666666667,1,0,27,3.158592620349943,5.541327208684675,2,919.1930417608589,1,1
High-Demand,24,2483435858,Evening,8,1193.0,1,0,26,3.733746032462027,6.676391442273655,2,911.3186726470783,1,1
High-Demand,24,2483435858,Evening,9,1194.1,1,0,32,3.706318793627222,8.212420384235616,4,1051.4534245701464,1,1
High-Demand,24,2483435858,Evening,10,1197.0,1,0,119,4.002721359450127,10.46915664844436,13,921.9306723309172,1,1
High-Demand,25,3210783261,Morning,6,653.8,5,0,160,3.070181508364613,7.831480652554841,8,529.2832584069732,5,5
High-Demand,25,3210783261,Morning,7,660.85,0,0,30,3.110258743709075,6.92900357525053,3,470.3531134866302,0,0
High-Demand,25,3210783261,Morning,8,662.0,0,0,17,3.4400811934187745,8.279715723980324,2,471.7006323724718,0,0
High-Demand,25,3210783261,Morning,9,663.6333333333333,0,0,40,3.4970742653545828,9.65535012481755,3,454.9817509781998,0,0
High-Demand,25,3210783261,Morning,10,668.0,0,0,446,3.8154079405976566,9.722825017997792,21,377.836661750398,1,0
High-Demand,25,3210783261,Evening,6,1188.9,4,0,173,3.3504184644084876,6.8623505334543555,9,1091.4584942783301,4,4
High-Demand,25,3210783261,Evening,7,1192.4166666666667,0,0,28,3.579252195171169,7.270190560814602,3,913.4386913176425,0,0
High-Demand,25,3210783261,Evening,8,1193.0,0,0,27,3.0408541822061066,5.865656390195783,3,1062.9213536002342,0,0
High-Demand,25,3210783261,Evening,9,1194.1,0,0,33,3.9552952006776003,7.67050609455373,3,938.3224689054161,0,0
High-Demand,25,3210783261,Evening,10,1197.0,0,0,120,4.096402090954501,10.025251551769836,14,920.0666538951292,0,0
High-Demand,26,1843101495,Morning,6,653.8,4,0,161,3.614414798202451,8.293023082956438,9,510.84323608802634,4,4
High-Demand,26,1843101495,Morning,7,660.85,0,0,30,4.276869261550276,8.26710022144611,3,599.2415967953458,1,0
High-Demand,26,1843101495,Morning,8,662.0,0,0,17,3.83631101836331,7.260490666577696,2,427.77384961755035,1,0
High-Demand,26,1843101495,Morning,9,663.6333333333333,0,0,40,3.5288489461006947,8.81959661501121,4,433.164093437931,0,0
High-Demand,26,1843101495,Morning,10,668.0,0,0,446,3.722708680674774,9.477526247924871,22,430.3516882695547,4,0
High-Demand,26,1843101495,Evening,6,1188.9,2,0,175,3.0791540944165408,6.745865459137164,8,963.2687611602566,2,2
High-Demand,26,1843101495,Evening,7,1192.4166666666667,1,0,27,3.3083495780051213,5.532410827852596,3,946.091506426108,1,1
High-Demand,26,1843101495,Evening,8,1193.0,0,0,27,3.692472846841105,9.182017155540732,3,950.7231876431042,0,0
High-Demand,26,1843101495,Evening,9,1194.1,0,0,33,3.824240723851927,7.476845792143054,2,943.0770386279585,0,0
High-Demand,26,1843101495,Evening,10,1197.0,0,0,120,3.8125124451337626,9.328232869025019,13,918.3938680593884,0,0
High-Demand,27,1807795135,Morning,6,653.8,2,0,163,3.4887381510231723,8.631712670028373,9,535.4607974278423,2,2
High-Demand,27,1807795135,Morning,7,660.85,0,0,30,2.7107511957352375,7.561066961897125,4,495.54531653633427,0,0
High-Demand,27,1807795135,Morning,8,662.0,0,0,17,2.994052860801329,6.3036523613644935,3,424.2936358302737,1,0
High-Demand,27,1807795135,Morning,9,663.6333333333333,0,0,40,3.7291154517712757,9.243792307966503,5,424.30203871677446,0,0
High-Demand,27,1807795135,Morning,10,668.0,0,0,446,3.863504320129441,9.16525534127581,20,430.89665222451214,1,0
High-Demand,27,1807795135,Evening,6,1188.9,2,0,175,3.3498353011854567,7.174999685713509,11,906.9744866639675,2,2
High-Demand,27,1807795135,Evening,7,1192.4166666666667,0,0,28,4.073277646475158,8.283822127051495,2,914.4466643723244,0,0
High-Demand,27,1807795135,Evening,8,1193.0,0,0,27,4.296899281731107,8.685296791656299,2,907.2276311482966,0,0
High-Demand,27,1807795135,Evening,9,1194.1,1,0,32,4.0820749848946285,9.997135429124466,3,1066.168475723289,1,1
High-Demand,27,1807795135,Evening,10,1197.0,0,0,120,4.36171181585087,9.949504528006447,11,921.5361515887429,0,0
High-Demand,28,650419918,Morning,6,653.8,4,0,161,3.535379948326532,8.32283706131011,9,581.2803584783876,4,4
High-Demand,28,650419918,Morning,7,660.85,0,0,30,3.57801593365092,6.562705982177979,3,523.5983041817789,0,0
High-Demand,28,650419918,Morning,8,662.0,0,0,17,2.8831165773366165,7.041892095185059,2,498.56237455798976,1,0
High-Demand,28,650419918,Morning,9,663.6333333333333,0,0,40,3.4461235791724887,9.302563792655615,2,374.1571281304924,0,0
High-Demand,28,650419918,Morning,10,668.0,0,0,446,3.9379385748509472,9.474536801132459,21,403.8025952231075,2,0
High-Demand,28,650419918,Evening,6,1188.9,5,0,172,3.186306927355157,6.997293837197117,12,921.0103938094335,5,5
High-Demand,28,650419918,Evening,7,1192.4166666666667,0,0,28,3.4429572301356393,6.996133222970263,3,967.9003841256346,0,0
High-Demand,28,650419918,Evening,8,1193.0,1,0,26,4.111553428001553,7.252983297547473,4,1054.4224198889287,1,1
High-Demand,28,650419918,Evening,9,1194.1,1,0,32,3.815724475025892,8.27180569742973,3,912.8960255813292,1,1
High-Demand,28,650419918,Evening,10,1197.0,0,0,120,4.02675767209231,8.776275261757633,13,921.8924757476092,0,0
High-Demand,29,982532350,Morning,6,653.8,3,0,162,3.491850385641282,8.397360752081479,8,449.8271422823697,3,3
High-Demand,29,982532350,Morning,7,660.85,0,0,30,3.854977770572934,8.822486061689181,3,491.3407026563468,0,0
High-Demand,29,982532350,Morning,8,662.0,0,0,17,3.3058287025671054,7.6039432687781074,2,484.7933108407723,0,0
High-Demand,29,982532350,Morning,9,663.6333333333333,0,0,40,3.8217348424091426,8.045099861233384,4,463.9456965686691,1,0
High-Demand,29,982532350,Morning,10,668.0,0,0,446,3.6417570379253767,9.094934505707585,22,403.53532101679434,0,0
High-Demand,29,982532350,Evening,6,1188.9,3,0,174,3.370667769387149,6.956772060189381,11,1065.1397480019552,3,3
High-Demand,29,982532350,Evening,7,1192.4166666666667,1,0,27,3.466522752215749,7.470073286378636,3,914.0160807418855,1,1
High-Demand,29,982532350,Evening,8,1193.0,0,0,27,3.3057804262224746,6.327511759107005,3,1088.8255679157494,0,0
High-Demand,29,982532350,Evening,9,1194.1,0,0,33,4.435775069198788,11.811083593642197,4,1066.3792123791736,0,0
High-Demand,29,982532350,Evening,10,1197.0,0,0,120,4.750208094570766,13.210888357226157,17,918.2505741249493,0,0
High-Demand,30,1193431242,Morning,6,653.8,10,0,155,3.4557417054780064,8.743240707933595,10,511.418545828513,10,10
High-Demand,30,1193431242,Morning,7,660.85,0,0,30,2.988409891983317,7.582224693955268,3,528.2383518813573,0,0
High-Demand,30,1193431242,Morning,8,662.0,0,0,17,3.5576760561578187,7.642578041635862,2,518.4808813972122,0,0
High-Demand,30,1193431242,Morning,9,663.6333333333333,0,0,40,2.7512722632059465,7.188414064600333,4,532.0402307731505,0,0
High-Demand,30,1193431242,Morning,10,668.0,0,0,446,3.553636217125656,9.392708855289783,25,437.6490988932328,2,0
High-Demand,30,1193431242,Evening,6,1188.9,3,0,174,3.2759403487347893,6.570245554405471,11,934.19593645905,3,3
High-Demand,30,1193431242,Evening,7,1192.4166666666667,0,0,28,3.2730059515432237,7.11351065380108,3,941.7734661145715,0,0
High-Demand,30,1193431242,Evening,8,1193.0,1,0,26,3.7786987081083967,12.438358016068179,3,904.2846505892046,1,1
High-Demand,30,1193431242,Evening,9,1194.1,1,0,32,3.5190906311083836,6.9195683176160285,4,1073.8531692895774,1,1
High-Demand,30,1193431242,Evening,10,1197.0,1,0,119,3.8651402237826185,10.311948239454498,15,921.9152708889711,1,1
Reduced-Service,1,479243620,Morning,6,653.8,3,0,113,4.7683706804902455,15.751254048706432,8,523.315558309307,3,3
Reduced-Service,1,479243620,Morning,7,660.85,0,0,23,5.549576153616506,12.352917433469086,3,513.2970593004515,0,0
Reduced-Service,1,479243620,Morning,8,662.0,0,0,13,6.661445381184517,13.393720718248701,3,582.6331595632741,0,0
Reduced-Service,1,479243620,Morning,9,663.6333333333333,0,0,29,5.4241830572679,14.64983726759731,3,410.0030346065896,1,0
Reduced-Service,1,479243620,Morning,10,668.0,0,0,319,5.035342500110152,15.660713307452061,27,413.6068791946852,1,0
Reduced-Service,1,479243620,Evening,6,1188.9,1,0,125,4.191723138532383,8.948291648410986,10,1051.9328470381724,1,1
Reduced-Service,1,479243620,Evening,7,1192.4166666666667,1,0,20,3.3077243548930655,8.24910379365112,3,947.5691220586099,1,1
Reduced-Service,1,479243620,Evening,8,1193.0,0,0,19,3.4925219104457925,7.475358037905447,2,947.664480554938,0,0
Reduced-Service,1,479243620,Evening,9,1194.1,0,0,24,4.005848867082666,8.769626788370257,3,1017.0175578992605,0,0
Reduced-Service,1,479243620,Evening,10,1197.0,1,0,85,4.616876235214771,15.453994205225671,10,921.9096504855238,1,1
Reduced-Service,2,454024514,Morning,6,653.8,0,0,116,4.499259621918944,13.119648446833452,8,581.9153191089111,0,0
Reduced-Service,2,454024514,Morning,7,660.85,0,0,23,4.532194527497085,16.517765511391815,2,479.1686194811155,1,0
Reduced-Service,2,454024514,Morning,8,662.0,0,0,13,4.009972048278637,13.38984885876149,2,523.97521254973,0,0
Reduced-Service,2,454024514,Morning,9,663.6333333333333,0,0,29,5.01630912413329,13.259049970730615,3,494.5349970396723,1,0
Reduced-Service,2,454024514,Morning,10,668.0,0,0,319,4.711506734063134,13.406938216161496,26,530.3653428406591,1,0
Reduced-Service,2,454024514,Evening,6,1188.9,1,0,125,4.246443066670145,11.015646378294283,9,935.4295665198407,1,1
Reduced-Service,2,454024514,Evening,7,1192.4166666666667,0,0,21,3.654066593125262,6.96627990642537,2,911.7227710952142,0,0
Reduced-Service,2,454024514,Evening,8,1193.0,0,0,19,4.470079349110996,11.911134828808349,3,914.6942788622974,0,0
Reduced-Service,2,454024514,Evening,9,1194.1,1,0,23,4.177403862675469,10.482165685877721,3,944.0542588414941,1,1
Reduced-Service,2,454024514,Evening,10,1197.0,0,0,86,4.693371384219341,14.200825486997559,10,919.8495907309562,0,0
Reduced-Service,3,1818751028,Morning,6,653.8,1,0,115,4.390811346397345,12.452387009893682,9,642.2363974145715,1,1
Reduced-Service,3,1818751028,Morning,7,660.85,0,0,23,5.030446335873745,12.527296421815766,3,519.3780915491124,0,0
Reduced-Service,3,1818751028,Morning,8,662.0,0,0,13,5.809406551935786,11.221861664273954,2,456.9287570700136,0,0
Reduced-Service,3,1818751028,Morning,9,663.6333333333333,0,0,29,5.086058555561026,10.810109734612269,3,369.2500354147872,0,0
Reduced-Service,3,1818751028,Morning,10,668.0,0,0,319,4.787163433300609,14.92792044769589,21,468.6139606467393,1,0
Reduced-Service,3,1818751028,Evening,6,1188.9,2,0,124,3.514996767811953,9.148676222501818,6,949.4560472414815,2,2
Reduced-Service,3,1818751028,Evening,7,1192.4166666666667,1,0,20,3.9844983638549367,10.848252575207454,2,912.1476586166135,1,1
Reduced-Service,3,1818751028,Evening,8,1193.0,1,0,18,3.6838548918030622,6.516000621367146,3,913.3976761747017,1,1
Reduced-Service,3,1818751028,Evening,9,1194.1,0,0,24,4.965509740313256,14.658247650273776,3,1122.8117814062305,0,0
Reduced-Service,3,1818751028,Evening,10,1197.0,1,0,85,4.213436225404473,12.053866295596862,6,919.4344520425628,1,1
Reduced-Service,4,2288458700,Morning,6,653.8,0,0,116,4.13555862240708,9.986958036105193,7,454.70389465705966,0,0
Reduced-Service,4,2288458700,Morning,7,660.85,0,0,23,4.483631512900788,15.304443182031722,2,474.4814476572171,0,0
Reduced-Service,4,2288458700,Morning,8,662.0,0,0,13,5.4019442984015535,12.480939418403894,2,528.7207195796732,1,0
Reduced-Service,4,2288458700,Morning,9,663.6333333333333,0,0,29,5.043877656496394,11.321481867429497,4,462.2719436041358,0,0
Reduced-Service,4,2288458700,Morning,10,668.0,0,0,319,5.043965734160142,13.780505412897496,22,530.9050792997577,2,0
Reduced-Service,4,2288458700,Evening,6,1188.9,1,0,125,4.189656504113898,9.764910467413165,9,932.9659405647783,1,1
Reduced-Service,4,2288458700,Evening,7,1192.4166666666667,0,0,21,5.729588654034755,13.83450758547042,2,907.561662350726,0,0
Reduced-Service,4,2288458700,Evening,8,1193.0,0,0,19,5.337611688985793,12.880071221873388,2,903.2684878113294,0,0
Reduced-Service,4,2288458700,Evening,9,1194.1,0,0,24,4.156282072875371,10.66806304102599,2,942.0402229107069,0,0
Reduced-Service,4,2288458700,Evening,10,1197.0,0,0,86,4.33347962885465,11.486225687241529,9,920.2797790866983,0,0
Reduced-Service,5,2115331525,Morning,6,653.8,2,0,114,4.9059405768430535,16.143959334477113,12,517.2002357047672,2,2
Reduced-Service,5,2115331525,Morning,7,660.85,0,0,23,5.031946270077135,13.241185535829567,5,589.3970879107433,1,0
Reduced-Service,5,2115331525,Morning,8,662.0,0,0,13,4.991975786892467,16.020551344699285,2,457.6272159572837,0,0
Reduced-Service,5,2115331525,Morning,9,663.6333333333333,0,0,29,4.473199984564203,11.258248356346547,4,409.89892923299806,0,0
Reduced-Service,5,2115331525,Morning,10,668.0,0,0,319,4.976244804119551,13.817853400331574,22,468.3299180641315,3,0
Reduced-Service,5,2115331525,Evening,6,1188.9,0,0,126,3.7198547214528896,10.373797790284016,10,935.0564942099043,0,0
Reduced-Service,5,2115331525,Evening,7,1192.4166666666667,1,0,20,2.1603427155890698,4.969645092631799,2,913.3967075749579,1,1
Reduced-Service,5,2115331525,Evening,8,1193.0,0,0,19,3.1472466958367646,7.155878543281548,2,950.1275744292047,0,0
Reduced-Service,5,2115331525,Evening,9,1194.1,0,0,24,3.384889642187138,11.14408161987882,2,913.7024827994604,0,0
Reduced-Service,5,2115331525,Evening,10,1197.0,0,0,86,4.7367845954736065,12.816940735049485,8,921.7682685636365,0,0
Reduced-Service,6,2666256175,Morning,6,653.8,3,0,113,4.474732536792641,14.436462015869546,10,517.4957034443427,3,3
Reduced-Service,6,2666256175,Morning,7,660.85,0,0,23,5.268870582339224,14.95547130353661,2,498.9999833925261,0,0
Reduced-Service,6,2666256175,Morning,8,662.0,0,0,13,8.891129319179392,16.896536673381114,2,433.43768776687875,0,0
Reduced-Service,6,2666256175,Morning,9,663.6333333333333,0,0,29,5.025572417744323,13.350668156926902,3,530.1942615540847,0,0
Reduced-Service,6,2666256175,Morning,10,668.0,0,0,319,5.135530449085366,15.251388429954478,27,468.85822235729745,1,0
Reduced-Service,6,2666256175,Evening,6,1188.9,4,0,122,3.8783970923228046,7.864980428480168,7,932.3001876092845,4,4
Reduced-Service,6,2666256175,Evening,7,1192.4166666666667,0,0,21,4.130417323283679,10.54666062690103,3,914.8198063309546,0,0
Reduced-Service,6,2666256175,Evening,8,1193.0,1,0,18,3.867777015602832,8.855306893098263,2,915.1503882493125,1,1
Reduced-Service,6,2666256175,Evening,9,1194.1,0,0,24,3.7057390695434926,9.815476650105762,3,916.6251868882605,0,0
Reduced-Service,6,2666256175,Evening,10,1197.0,2,0,84,5.501148772312478,13.11761988547389,11,916.7271298463982,2,2
Reduced-Service,7,975381835,Morning,6,653.8,3,0,113,5.007034953653813,15.41174142121649,11,582.9895795510872,3,3
Reduced-Service,7,975381835,Morning,7,660.85,0,0,23,5.209570217532523,12.546241756722518,3,598.6538414837563,0,0
Reduced-Service,7,975381835,Morning,8,662.0,0,0,13,6.432086524138133,13.205102991258359,2,456.85784082824887,0,0
Reduced-Service,7,975381835,Morning,9,663.6333333333333,0,0,29,4.817884598313456,13.771927189168565,3,531.4991851342721,0,0
Reduced-Service,7,975381835,Morning,10,668.0,0,0,319,4.858228209993602,14.550983438354791,23,530.8841234786493,2,0
Reduced-Service,7,975381835,Evening,6,1188.9,0,0,126,3.7813261522669337,9.528550388294036,9,1114.4640837657303,0,0
Reduced-Service,7,975381835,Evening,7,1192.4166666666667,0,0,21,4.750666496534055,9.787291304147857,2,917.8980712960375,0,0
Reduced-Service,7,975381835,Evening,8,1193.0,0,0,19,3.944732118966451,9.877607910750646,2,1011.4039573739077,0,0
Reduced-Service,7,975381835,Evening,9,1194.1,1,0,23,5.0632774865071095,12.958456236912498,3,914.8934295278387,1,1
Reduced-Service,7,975381835,Evening,10,1197.0,0,0,86,5.405165291538018,16.299674056485827,9,919.0413642652172,0,0
Reduced-Service,8,2535166222,Morning,6,653.8,1,0,115,4.5901006634860835,10.832884860872205,10,516.3594819919564,1,1
Reduced-Service,8,2535166222,Morning,7,660.85,0,0,23,4.549740441026314,10.209821058613596,2,428.2231555299565,0,0
Reduced-Service,8,2535166222,Morning,8,662.0,0,0,13,4.676013817790048,11.863496045063012,2,523.7027288404864,0,0
Reduced-Service,8,2535166222,Morning,9,663.6333333333333,0,0,29,4.330364792568879,11.193654298807871,3,416.4370806307257,0,0
Reduced-Service,8,2535166222,Morning,10,668.0,0,0,319,5.20265376410569,15.568300558701273,24,530.7956007141677,0,0
Reduced-Service,8,2535166222,Evening,6,1188.9,2,0,124,4.296863161072992,9.889341435782933,8,1111.1417674446739,2,2
Reduced-Service,8,2535166222,Evening,7,1192.4166666666667,1,0,20,4.797929201903633,9.452610885247363,4,995.8623481238578,1,1
Reduced-Service,8,2535166222,Evening,8,1193.0,0,0,19,2.726274233831215,8.632822167697142,2,920.4625828895194,0,0
Reduced-Service,8,2535166222,Evening,9,1194.1,0,0,24,4.401731193967795,8.638574561230026,2,939.7060928016567,0,0
Reduced-Service,8,2535166222,Evening,10,1197.0,0,0,86,5.010967732082963,12.351352183208633,11,921.201299935863,0,0
Reduced-Service,9,1079577930,Morning,6,653.8,3,0,113,4.360886636356253,11.159801663763226,8,514.978230133024,3,3
Reduced-Service,9,1079577930,Morning,7,660.85,0,0,23,4.363807447646018,13.410340820177126,2,422.0368511602512,0,0
Reduced-Service,9,1079577930,Morning,8,662.0,0,0,13,5.377618640398077,12.015419624088324,3,524.6775675985804,0,0
Reduced-Service,9,1079577930,Morning,9,663.6333333333333,0,0,29,4.659663901523014,10.801673622913745,3,443.401538129169,0,0
Reduced-Service,9,1079577930,Morning,10,668.0,0,0,319,4.957653710760374,15.267124944116944,28,466.9405141823009,0,0
Reduced-Service,9,1079577930,Evening,6,1188.9,4,0,122,4.193406664255032,10.57651129746245,7,934.21871655861,4,4
Reduced-Service,9,1079577930,Evening,7,1192.4166666666667,0,0,21,5.540157833217997,13.627991011529048,4,908.3489476381735,0,0
Reduced-Service,9,1079577930,Evening,8,1193.0,0,0,19,4.952385202268243,12.241005909798965,2,957.3638799489074,0,0
Reduced-Service,9,1079577930,Evening,9,1194.1,0,0,24,4.9190069786492545,11.928072088001286,3,911.2604599884323,0,0
Reduced-Service,9,1079577930,Evening,10,1197.0,2,0,84,4.4340248073422615,10.926470229347625,10,920.257792489613,2,2
Reduced-Service,10,3715024065,Morning,6,653.8,3,0,113,3.9682851143530478,11.589585215160707,9,643.5391937749075,3,3
Reduced-Service,10,3715024065,Morning,7,660.85,0,0,23,5.38425074522268,13.637712449182372,2,434.0181132475887,0,0
Reduced-Service,10,3715024065,Morning,8,662.0,0,0,13,4.949709663529889,10.404477961881266,2,495.5592894093103,0,0
Reduced-Service,10,3715024065,Morning,9,663.6333333333333,0,0,29,4.913902058615494,14.013045996682608,4,405.6563999440839,0,0
Reduced-Service,10,3715024065,Morning,10,668.0,0,0,319,4.76528665484672,15.16005074902391,23,413.9618036623876,1,0
Reduced-Service,10,3715024065,Evening,6,1188.9,1,0,125,3.8668027649516987,7.9466552632596175,7,1090.18347340986,1,1
Reduced-Service,10,3715024065,Evening,7,1192.4166666666667,0,0,21,4.307827642322807,9.555567899038806,4,914.5154740822164,0,0
Reduced-Service,10,3715024065,Evening,8,1193.0,0,0,19,4.0130322492620065,7.055639920758881,3,962.6383228295102,0,0
Reduced-Service,10,3715024065,Evening,9,1194.1,0,0,24,4.388544376237827,11.492547623870387,5,945.2722581132218,0,0
Reduced-Service,10,3715024065,Evening,10,1197.0,0,0,86,4.942015740451776,13.249396620862598,8,948.920830852863,0,0
Reduced-Service,11,2056590929,Morning,6,653.8,3,0,113,4.338416598091036,11.91818907456169,8,582.446220859291,3,3
Reduced-Service,11,2056590929,Morning,7,660.85,0,0,23,4.647439274717869,11.05028581804236,2,372.5817629382936,1,0
Reduced-Service,11,2056590929,Morning,8,662.0,0,0,13,6.154650974695839,15.51563432996816,1,395.81757623718016,0,0
Reduced-Service,11,2056590929,Morning,9,663.6333333333333,0,0,29,5.284234052255162,14.959902375929225,2,368.24305681578545,0,0
Reduced-Service,11,2056590929,Morning,10,668.0,0,0,319,4.778910408534932,13.476069052332377,26,530.6708052919192,0,0
Reduced-Service,11,2056590929,Evening,6,1188.9,1,0,125,4.513126870431037,10.604894489993603,11,934.3301333323172,1,1
Reduced-Service,11,2056590929,Evening,7,1192.4166666666667,0,0,21,4.042877275145369,6.481139098583981,2,925.5951199651979,0,0
Reduced-Service,11,2056590929,Evening,8,1193.0,0,0,19,3.4105026215994845,8.476632989832634,2,935.6866372295542,0,0
Reduced-Service,11,2056590929,Evening,9,1194.1,1,0,23,3.257579301572684,6.459985649028394,3,1051.5759441849034,1,1
Reduced-Service,11,2056590929,Evening,10,1197.0,0,0,86,4.543856955667871,11.050768557832527,12,921.5061420470801,0,0
Reduced-Service,12,3339987600,Morning,6,653.8,2,0,114,4.869948700180807,12.384442867663443,9,641.9679788473493,2,2
Reduced-Service,12,3339987600,Morning,7,660.85,0,0,23,5.175881323175929,10.285859694733158,3,455.7121881600178,0,0
Reduced-Service,12,3339987600,Morning,8,662.0,0,0,13,5.168859831103152,12.732631785492272,2,458.37258955120745,1,0
Reduced-Service,12,3339987600,Morning,9,663.6333333333333,0,0,29,5.594518121031724,14.373132148812296,3,372.90077287912453,0,0
Reduced-Service,12,3339987600,Morning,10,668.0,0,0,319,4.950736784798163,15.181721026461505,22,430.87861674399585,0,0
Reduced-Service,12,3339987600,Evening,6,1188.9,2,0,124,4.242285564763565,11.829609951851955,11,935.6111938422664,2,2
Reduced-Service,12,3339987600,Evening,7,1192.4166666666667,0,0,21,4.207176311455106,8.000981544150363,3,1067.3242844668173,0,0
Reduced-Service,12,3339987600,Evening,8,1193.0,1,0,18,4.3005153822934155,8.343566038905308,2,950.5072457741076,1,1
Reduced-Service,12,3339987600,Evening,9,1194.1,1,0,23,3.013893371655884,7.838364438737584,2,959.3597697829875,1,1
Reduced-Service,12,3339987600,Evening,10,1197.0,0,0,86,5.397905743976771,15.793918193270088,9,915.3572745698926,0,0
Reduced-Service,13,1788010607,Morning,6,653.8,2,0,114,4.425278083517326,13.168724348820891,11,517.4685966150407,2,2
Reduced-Service,13,1788010607,Morning,7,660.85,0,0,23,5.885635196686772,14.662799538445151,2,440.36209615216967,0,0
Reduced-Service,13,1788010607,Morning,8,662.0,0,0,13,5.270253294773572,9.619507009183208,2,520.6587219815242,1,0
Reduced-Service,13,1788010607,Morning,9,663.6333333333333,0,0,29,4.622652129232806,12.287523673192593,2,378.15253197522816,0,0
Reduced-Service,13,1788010607,Morning,10,668.0,0,0,319,5.0330587963981275,15.799805537556797,28,529.9848858446994,1,0
Reduced-Service,13,1788010607,Evening,6,1188.9,4,0,122,3.6577871446630312,8.35869055335198,9,933.5386735237073,4,4
Reduced-Service,13,1788010607,Evening,7,1192.4166666666667,0,0,21,2.8194252204142676,4.8485289365848985,2,955.3241351909718,0,0
Reduced-Service,13,1788010607,Evening,8,1193.0,0,0,19,4.173070292295751,13.107213728469146,2,922.2783335142996,0,0
Reduced-Service,13,1788010607,Evening,9,1194.1,0,0,24,3.828721504636704,7.830743642044125,2,948.1998751854351,0,0
Reduced-Service,13,1788010607,Evening,10,1197.0,0,0,86,5.988710676480345,16.88109477020413,10,916.0871804784629,0,0
Reduced-Service,14,2859898362,Morning,6,653.8,2,0,114,4.556528207015766,14.193168135048065,7,517.5992139407147,2,2
Reduced-Service,14,2859898362,Morning,7,660.85,0,0,23,4.72852440555692,10.341690531914292,3,584.3557247709548,0,0
Reduced-Service,14,2859898362,Morning,8,662.0,0,0,13,5.382629072074258,14.8603297905834,2,426.96448468902696,0,0
Reduced-Service,14,2859898362,Morning,9,663.6333333333333,0,0,29,4.572061463880798,14.281923665796214,2,372.86088071964355,0,0
Reduced-Service,14,2859898362,Morning,10,668.0,0,0,319,5.380507373188026,14.91163925131263,33,468.7354038106937,1,0
Reduced-Service,14,2859898362,Evening,6,1188.9,4,0,122,3.9992152404779713,10.463543478335955,7,921.3959722610895,4,4
Reduced-Service,14,2859898362,Evening,7,1192.4166666666667,0,0,21,4.382020689914286,10.299791363070426,3,1029.4201977242894,0,0
Reduced-Service,14,2859898362,Evening,8,1193.0,0,0,19,4.351827466299603,9.581551923108243,3,1059.2655816611693,0,0
Reduced-Service,14,2859898362,Evening,9,1194.1,0,0,24,5.029465889663787,13.609702601953284,2,951.7437333533011,0,0
Reduced-Service,14,2859898362,Evening,10,1197.0,0,0,86,4.921559276283323,14.119850043977095,12,921.7159117301767,0,0
Reduced-Service,15,1908601667,Morning,6,653.8,1,0,115,4.256576945831187,12.11580687346287,9,641.8643788776019,1,1
Reduced-Service,15,1908601667,Morning,7,660.85,0,0,23,5.615680297336739,17.635094223926504,2,408.20169237383686,0,0
Reduced-Service,15,1908601667,Morning,8,662.0,0,0,13,6.8972819641667975,16.36589888390852,3,554.3343427385336,0,0
Reduced-Service,15,1908601667,Morning,9,663.6333333333333,0,0,29,5.452969348073545,15.496558771542542,3,421.90181744723066,0,0
Reduced-Service,15,1908601667,Morning,10,668.0,0,0,319,4.8585879700579175,13.829592967734227,28,468.429264132264,0,0
Reduced-Service,15,1908601667,Evening,6,1188.9,1,0,125,4.124611049060074,10.247736075931607,11,931.9041032914974,1,1
Reduced-Service,15,1908601667,Evening,7,1192.4166666666667,0,0,21,3.705127317627947,5.915226834163036,3,1023.7253529760038,0,0
Reduced-Service,15,1908601667,Evening,8,1193.0,2,0,17,4.954835266791934,11.046076611417375,2,912.1758212415807,2,2
Reduced-Service,15,1908601667,Evening,9,1194.1,0,0,24,3.984380588690153,8.694336984788132,2,957.2069577948167,0,0
Reduced-Service,15,1908601667,Evening,10,1197.0,0,0,86,5.239310171872804,13.582643401140842,7,918.7944722811849,0,0
Reduced-Service,16,726301638,Morning,6,653.8,1,0,115,4.331343206339211,13.982541236187796,8,535.139338491266,1,1
Reduced-Service,16,726301638,Morning,7,660.85,0,0,23,5.0603897611042905,17.025047461798664,2,407.8231029708374,0,0
Reduced-Service,16,726301638,Morning,8,662.0,0,0,13,4.394777575272787,10.270500292186805,2,622.639413791691,0,0
Reduced-Service,16,726301638,Morning,9,663.6333333333333,0,0,29,5.627519943770923,13.511602528001275,4,463.7781978780273,1,0
Reduced-Service,16,726301638,Morning,10,668.0,0,0,319,4.964227370840256,14.329240348489817,22,411.88453723887636,0,0
Reduced-Service,16,726301638,Evening,6,1188.9,4,0,122,4.232268488743609,9.907104136858026,8,1139.2355705194325,4,4
Reduced-Service,16,726301638,Evening,7,1192.4166666666667,0,0,21,4.140020855331197,9.569485272727206,4,999.757538714284,0,0
Reduced-Service,16,726301638,Evening,8,1193.0,0,0,19,3.831760458887085,8.981417111510257,2,927.081852594133,0,0
Reduced-Service,16,726301638,Evening,9,1194.1,1,0,23,3.430153827437241,12.33687346245324,2,916.785253868134,1,1
Reduced-Service,16,726301638,Evening,10,1197.0,0,0,86,5.540258563274806,15.319474001520433,10,917.1237184637697,0,0
Reduced-Service,17,2584016318,Morning,6,653.8,2,0,114,4.808360875253047,13.967278839777263,10,603.3306130712986,2,2
Reduced-Service,17,2584016318,Morning,7,660.85,0,0,23,4.2063582136160065,12.002851982948728,3,437.32908153015154,0,0
Reduced-Service,17,2584016318,Morning,8,662.0,0,0,13,5.084528403472553,12.701946130400176,2,454.76622052123923,0,0
Reduced-Service,17,2584016318,Morning,9,663.6333333333333,0,0,29,6.104405478048597,15.702995608848163,4,460.56674875332976,0,0
Reduced-Service,17,2584016318,Morning,10,668.0,0,0,319,4.778490487067466,13.973675047106267,24,468.2591237975947,2,0
Reduced-Service,17,2584016318,Evening,6,1188.9,0,0,126,4.08323255769425,12.301284812567815,7,1112.8374947884374,0,0
Reduced-Service,17,2584016318,Evening,7,1192.4166666666667,1,0,20,3.2792422805151373,8.128961769444357,3,913.0736320862794,1,1
Reduced-Service,17,2584016318,Evening,8,1193.0,1,0,18,4.8391296807075275,11.494287536725853,3,913.8705517166552,1,1
Reduced-Service,17,2584016318,Evening,9,1194.1,0,0,24,4.255247915128133,11.863436987544393,3,977.9691292863578,0,0
Reduced-Service,17,2584016318,Evening,10,1197.0,0,0,86,5.784182714883165,17.243454543828733,13,921.3081963473908,0,0
Reduced-Service,18,4074852312,Morning,6,653.8,2,0,114,5.093240539966185,13.856757643258115,12,579.1475544059483,2,2
Reduced-Service,18,4074852312,Morning,7,660.85,0,0,23,4.531553305400025,13.915167036275188,3,553.5823453973992,0,0
Reduced-Service,18,4074852312,Morning,8,662.0,0,0,13,7.129830283790026,15.081661326555535,2,528.351456452219,0,0
Reduced-Service,18,4074852312,Morning,9,663.6333333333333,0,0,29,5.308549243665397,13.973295366021047,3,423.7084704442811,0,0
Reduced-Service,18,4074852312,Morning,10,668.0,0,0,319,4.824351131954366,14.511427703959075,27,468.7910714408288,1,0
Reduced-Service,18,4074852312,Evening,6,1188.9,3,0,123,3.665421837351979,8.707802686457454,9,948.7569200739279,3,3
Reduced-Service,18,4074852312,Evening,7,1192.4166666666667,0,0,21,4.179195780449098,10.72483950134938,2,913.3512114703263,0,0
Reduced-Service,18,4074852312,Evening,8,1193.0,1,0,18,3.210077497052061,7.5403889135621105,2,941.4781791262249,1,1
Reduced-Service,18,4074852312,Evening,9,1194.1,0,0,24,3.8271408997056917,10.53807151329195,3,1012.0220310717594,0,0
Reduced-Service,18,4074852312,Evening,10,1197.0,0,0,86,5.1396585774201675,14.325953867982207,12,919.4008801582,0,0
Reduced-Service,19,3205241267,Morning,6,653.8,1,0,115,4.190519457855599,10.867962214507807,9,517.1869323747279,1,1
Reduced-Service,19,3205241267,Morning,7,660.85,0,0,23,4.713137414467991,15.709081260167704,2,478.49921573561056,0,0
Reduced-Service,19,3205241267,Morning,8,662.0,0,0,13,3.7618712773863368,10.947826429890318,1,403.2489663571672,0,0
Reduced-Service,19,3205241267,Morning,9,663.6333333333333,0,0,29,5.216731645741675,17.036348448205878,3,374.02095463814953,1,0
Reduced-Service,19,3205241267,Morning,10,668.0,0,0,319,4.660112013085493,16.243221043656327,18,429.25889329561966,0,0
Reduced-Service,19,3205241267,Evening,6,1188.9,1,0,125,4.26505159250445,11.30560011309603,6,905.7140133467141,1,1
Reduced-Service,19,3205241267,Evening,7,1192.4166666666667,0,0,21,4.911097738804469,10.959963111759066,4,940.9839642092343,0,0
Reduced-Service,19,3205241267,Evening,8,1193.0,0,0,19,3.595798067051712,7.28956054438678,2,949.1163814998727,0,0
Reduced-Service,19,3205241267,Evening,9,1194.1,0,0,24,4.389302594411707,13.173645019959423,2,903.6340507662335,0,0
Reduced-Service,19,3205241267,Evening,10,1197.0,0,0,86,5.187875500768404,14.264065903759615,9,921.3115886682207,0,0
Reduced-Service,20,1304481603,Morning,6,653.8,1,0,115,5.153098644528451,15.531254521365183,12,517.2168367471021,1,1
Reduced-Service,20,1304481603,Morning,7,660.85,0,0,23,4.386210892924841,10.392248140417141,2,534.807399217227,0,0
Reduced-Service,20,1304481603,Morning,8,662.0,0,0,13,4.327164285633649,7.847285840101913,2,560.9718017939737,0,0
Reduced-Service,20,1304481603,Morning,9,663.6333333333333,0,0,29,4.830324995506432,12.292613087602193,3,370.7018749418745,0,0
Reduced-Service,20,1304481603,Morning,10,668.0,0,0,319,5.150979237461345,14.642270819682336,26,413.6305507954128,1,0
Reduced-Service,20,1304481603,Evening,6,1188.9,5,0,121,4.061981243832265,10.54079898360078,9,931.8618952060012,5,5
Reduced-Service,20,1304481603,Evening,7,1192.4166666666667,1,0,20,3.866946849733438,8.031185591587295,3,926.8676545699084,1,1
Reduced-Service,20,1304481603,Evening,8,1193.0,0,0,19,5.183922225407604,10.157206290476168,2,906.2035939348328,0,0
Reduced-Service,20,1304481603,Evening,9,1194.1,0,0,24,5.395606856799262,12.330830178740698,5,912.1422889233033,0,0
Reduced-Service,20,1304481603,Evening,10,1197.0,0,0,86,5.388402434031149,16.418844784461044,10,920.5984206811787,0,0
Reduced-Service,21,2726751603,Morning,6,653.8,1,0,115,4.870417999417295,13.270213479711252,9,642.3430227439311,1,1
Reduced-Service,21,2726751603,Morning,7,660.85,0,0,23,3.9654219158852806,8.215666837665367,3,535.7205962683679,1,0
Reduced-Service,21,2726751603,Morning,8,662.0,0,0,13,5.778062397105281,12.297534669619013,2,522.515627015356,0,0
Reduced-Service,21,2726751603,Morning,9,663.6333333333333,0,0,29,5.587183062526898,13.834340862887233,3,407.76201674410356,1,0
Reduced-Service,21,2726751603,Morning,10,668.0,0,0,319,4.985316638569909,16.056011377237894,28,468.5692721005735,0,0
Reduced-Service,21,2726751603,Evening,6,1188.9,3,0,123,3.938891882829325,9.281645001836392,8,933.6320342305453,3,3
Reduced-Service,21,2726751603,Evening,7,1192.4166666666667,1,0,20,3.5827523859143753,6.871429811448446,3,1070.7724646112065,1,1
Reduced-Service,21,2726751603,Evening,8,1193.0,0,0,19,4.149506664097305,7.724905128600311,2,919.2059957277015,0,0
Reduced-Service,21,2726751603,Evening,9,1194.1,0,0,24,5.376506452993122,14.642836717732434,3,1116.4595582248048,0,0
Reduced-Service,21,2726751603,Evening,10,1197.0,0,0,86,4.54147675845121,15.953389370654833,10,921.8643214543299,0,0
Reduced-Service,22,2114242019,Morning,6,653.8,1,0,115,4.741915891403911,12.878585474413736,11,514.5838037295623,1,1
Reduced-Service,22,2114242019,Morning,7,660.85,0,0,23,4.495815784338252,9.195929606978602,2,421.7385858623615,0,0
Reduced-Service,22,2114242019,Morning,8,662.0,0,0,13,6.0086775581095475,15.164879887204858,2,452.96251599388535,0,0
Reduced-Service,22,2114242019,Morning,9,663.6333333333333,0,0,29,4.719248075698864,13.055008010693141,3,455.079932542351,0,0
Reduced-Service,22,2114242019,Morning,10,668.0,0,0,319,4.8899274999718205,12.592150563020345,23,467.22056116308886,1,0
Reduced-Service,22,2114242019,Evening,6,1188.9,1,0,125,3.8267692760249563,7.543730905806569,9,906.6400823056327,1,1
Reduced-Service,22,2114242019,Evening,7,1192.4166666666667,0,0,21,3.9933319815177617,11.157276635327662,2,940.3637026534891,0,0
Reduced-Service,22,2114242019,Evening,8,1193.0,0,0,19,4.152669997332216,13.039787354007759,2,981.6478404764135,0,0
Reduced-Service,22,2114242019,Evening,9,1194.1,0,0,24,4.173237444535711,8.388015125576006,3,997.9210426812485,0,0
Reduced-Service,22,2114242019,Evening,10,1197.0,1,0,85,4.500492003605576,13.057866891912544,11,921.6743903891552,1,1
Reduced-Service,23,1147627710,Morning,6,653.8,4,0,112,4.295862869247426,11.819980089016507,13,583.3547404189299,4,4
Reduced-Service,23,1147627710,Morning,7,660.85,0,0,23,5.194141735724849,14.037741423169448,3,541.781886399213,0,0
Reduced-Service,23,1147627710,Morning,8,662.0,0,0,13,4.709055148485443,9.290087351769918,2,469.44170295957684,1,0
Reduced-Service,23,1147627710,Morning,9,663.6333333333333,0,0,29,4.428658407983646,14.178726462337067,2,372.40652786604954,0,0
Reduced-Service,23,1147627710,Morning,10,668.0,0,0,319,5.194015864421697,16.322080102763362,26,528.8318937005629,0,0
Reduced-Service,23,1147627710,Evening,6,1188.9,0,0,126,4.206281088837197,10.813286622171972,10,934.0104107927448,0,0
Reduced-Service,23,1147627710,Evening,7,1192.4166666666667,0,0,21,5.656376785454421,12.117467933184912,4,940.2847186352117,0,0
Reduced-Service,23,1147627710,Evening,8,1193.0,0,0,19,6.080872765379485,13.365953601811745,2,902.7756727728918,0,0
Reduced-Service,23,1147627710,Evening,9,1194.1,0,0,24,4.82662578596,12.866066719770396,3,1119.8143723915964,0,0
Reduced-Service,23,1147627710,Evening,10,1197.0,0,0,86,4.898537094116385,15.46464905786462,12,949.7707853071217,0,0
Reduced-Service,24,2483435858,Morning,6,653.8,2,0,114,4.909889894944285,15.45740507437245,15,516.385738479883,2,2
Reduced-Service,24,2483435858,Morning,7,660.85,0,0,23,4.03947852330437,10.182836785067707,2,423.47174029959496,1,0
Reduced-Service,24,2483435858,Morning,8,662.0,0,0,13,5.042410431007922,11.768453534479747,2,460.2202415303783,1,0
Reduced-Service,24,2483435858,Morning,9,663.6333333333333,0,0,29,6.339413735035552,15.99132501271517,3,520.7125530330002,0,0
Reduced-Service,24,2483435858,Morning,10,668.0,0,0,319,4.655841263309295,14.646375244246741,23,468.9795832624755,0,0
Reduced-Service,24,2483435858,Evening,6,1188.9,3,0,123,3.688465593492081,9.414109997338016,10,935.44624504661,3,3
Reduced-Service,24,2483435858,Evening,7,1192.4166666666667,1,0,20,3.761379053608812,11.095979796005674,2,937.4016992651441,1,1
Reduced-Service,24,2483435858,Evening,8,1193.0,1,0,18,3.5345778970536545,6.372325197806287,2,1014.7388829841108,1,1
Reduced-Service,24,2483435858,Evening,9,1194.1,0,0,24,4.586186446656787,12.274353057735087,4,1051.4534245701464,0,0
Reduced-Service,24,2483435858,Evening,10,1197.0,0,0,86,4.5518584054903855,13.09279670436274,8,921.9306723309172,0,0
Reduced-Service,25,3210783261,Morning,6,653.8,4,0,112,4.260622903464118,12.360242253688805,9,642.7561109628737,4,4
Reduced-Service,25,3210783261,Morning,7,660.85,0,0,23,3.419293576509023,7.053110034267609,3,470.3531134866302,0,0
Reduced-Service,25,3210783261,Morning,8,662.0,0,0,13,5.044280704365121,13.805193028620007,2,471.7006323724718,0,0
Reduced-Service,25,3210783261,Morning,9,663.6333333333333,0,0,29,4.0486080438625,9.875853166635078,5,457.9311657155264,0,0
Reduced-Service,25,3210783261,Morning,10,668.0,0,0,319,4.759004206880794,15.519177125427662,21,596.9892826768717,1,0
Reduced-Service,25,3210783261,Evening,6,1188.9,3,0,123,3.9183361172342823,8.865296020799152,7,934.5799831888513,3,3
Reduced-Service,25,3210783261,Evening,7,1192.4166666666667,0,0,21,5.228741016528564,11.517729549613932,3,1064.7323995322774,0,0
Reduced-Service,25,3210783261,Evening,8,1193.0,0,0,19,3.5646323475430406,8.186444218517147,2,955.6500068850005,0,0
Reduced-Service,25,3210783261,Evening,9,1194.1,0,0,24,5.311798702175001,10.82086009730412,4,1121.7573774374246,0,0
Reduced-Service,25,3210783261,Evening,10,1197.0,0,0,86,4.427305019496367,10.808618889413651,8,920.0666538951292,0,0
Reduced-Service,26,1843101495,Morning,6,653.8,2,0,114,5.147283417434653,14.529544131577175,8,517.0681682361029,2,2
Reduced-Service,26,1843101495,Morning,7,660.85,0,0,23,4.795344304449587,8.943847232056168,3,599.2415967953458,1,0
Reduced-Service,26,1843101495,Morning,8,662.0,0,0,13,6.184820750384604,12.942869422610208,2,427.77384961755035,1,0
Reduced-Service,26,1843101495,Morning,9,663.6333333333333,0,0,29,5.14627894610984,17.312661649663912,4,406.82186012906607,0,0
Reduced-Service,26,1843101495,Morning,10,668.0,0,0,319,4.667365545106569,13.86479184838512,22,468.57555836173253,2,0
Reduced-Service,26,1843101495,Evening,6,1188.9,1,0,125,3.778063815024395,8.806305205587659,8,934.4181395316956,1,1
Reduced-Service,26,1843101495,Evening,7,1192.4166666666667,1,0,20,3.2432594674405153,5.399226324171565,2,946.091506426108,1,1
Reduced-Service,26,1843101495,Evening,8,1193.0,0,0,19,5.194033228202915,13.877815075918614,3,950.7231876431042,0,0
Reduced-Service,26,1843101495,Evening,9,1194.1,0,0,24,4.38506964069354,10.62929322331939,3,943.0770386279585,0,0
Reduced-Service,26,1843101495,Evening,10,1197.0,0,0,86,4.394311514884783,12.353533123104228,12,918.3938680593884,0,0
Reduced-Service,27,1807795135,Morning,6,653.8,1,0,115,4.727303849513009,16.133589402115444,8,582.0103374567416,1,1
Reduced-Service,27,1807795135,Morning,7,660.85,0,0,23,3.3743725524120767,9.883922103305723,3,495.54531653633427,0,0
Reduced-Service,27,1807795135,Morning,8,662.0,0,0,13,3.0729354196997614,9.627710401147324,3,424.2936358302737,0,0
Reduced-Service,27,1807795135,Morning,9,663.6333333333333,0,0,29,4.659340639704716,15.182621888900183,4,424.30203871677446,0,0
Reduced-Service,27,1807795135,Morning,10,668.0,0,0,319,5.147912578789887,14.918800355763617,23,530.6437271878208,0,0
Reduced-Service,27,1807795135,Evening,6,1188.9,1,0,125,4.281582582429929,10.332591253914641,10,935.540664878295,1,1
Reduced-Service,27,1807795135,Evening,7,1192.4166666666667,0,0,21,4.989950255528578,13.595658760004653,2,914.4466643723244,0,0
Reduced-Service,27,1807795135,Evening,8,1193.0,0,0,19,4.918888787300369,13.419194891267246,2,907.2276311482966,0,0
Reduced-Service,27,1807795135,Evening,9,1194.1,1,0,23,4.489138683888887,12.425414608919377,3,1066.168475723289,1,1
Reduced-Service,27,1807795135,Evening,10,1197.0,0,0,86,4.988918265223915,14.749493465509715,8,921.5361515887429,0,0
Reduced-Service,28,650419918,Morning,6,653.8,3,0,113,4.785185903734644,14.44204794602726,10,579.4628739067108,3,3
Reduced-Service,28,650419918,Morning,7,660.85,0,0,23,4.907618673009791,15.243596627580649,3,523.5983041817789,0,0
Reduced-Service,28,650419918,Morning,8,662.0,0,0,13,4.592197210496435,15.145902732252612,2,498.56237455798976,0,0
Reduced-Service,28,650419918,Morning,9,663.6333333333333,0,0,29,5.263597022148805,15.340284452639109,3,461.88708124751327,0,0
Reduced-Service,28,650419918,Morning,10,668.0,0,0,319,5.079240394266959,15.228400720929708,25,530.0414906521704,2,0
Reduced-Service,28,650419918,Evening,6,1188.9,5,0,121,4.022232629261939,11.53178605625692,10,921.0103938094335,5,5
Reduced-Service,28,650419918,Evening,7,1192.4166666666667,0,0,21,5.336588169224499,12.68229934268959,2,908.0713506335181,0,0
Reduced-Service,28,650419918,Evening,8,1193.0,1,0,18,4.972638450010518,7.712524918952837,4,1058.2614728144572,1,1
Reduced-Service,28,650419918,Evening,9,1194.1,1,0,23,4.810097329536021,10.263246127185186,2,907.2524300759505,1,1
Reduced-Service,28,650419918,Evening,10,1197.0,0,0,86,5.315667914412779,15.138966662673283,9,921.8924757476092,0,0
Reduced-Service,29,982532350,Morning,6,653.8,2,0,114,4.734570645488949,11.822442419350208,12,581.7050535072399,2,2
Reduced-Service,29,982532350,Morning,7,660.85,0,0,23,6.08587483251825,15.052679806206992,3,523.6496709506257,0,0
Reduced-Service,29,982532350,Morning,8,662.0,0,0,13,3.8099188267273734,11.397216265478901,2,484.7933108407723,0,0
Reduced-Service,29,982532350,Morning,9,663.6333333333333,0,0,29,4.308185140640785,9.145571604309016,3,463.9456965686691,1,0
Reduced-Service,29,982532350,Morning,10,668.0,0,0,319,4.6213967085247605,14.343745510235658,22,594.7249768889227,0,0
Reduced-Service,29,982532350,Evening,6,1188.9,2,0,124,4.298306901653498,11.586593819204722,10,932.9115992863103,2,2
Reduced-Service,29,982532350,Evening,7,1192.4166666666667,1,0,20,4.455207362927718,13.448757159709375,3,914.0160807418855,1,1
Reduced-Service,29,982532350,Evening,8,1193.0,0,0,19,4.244023047303179,12.173003091210216,2,937.9606111905234,0,0
Reduced-Service,29,982532350,Evening,9,1194.1,0,0,24,4.761671458302165,11.7877958332546,2,973.0887866881948,0,0
Reduced-Service,29,982532350,Evening,10,1197.0,0,0,86,5.1840800797141355,16.60004540524301,11,916.3532556292231,0,0
Reduced-Service,30,1193431242,Morning,6,653.8,9,0,107,4.641078591812768,13.582417696232302,9,659.7037235566445,9,9
Reduced-Service,30,1193431242,Morning,7,660.85,0,0,23,4.6920075577225075,10.972413335347424,3,458.34182631975546,0,0
Reduced-Service,30,1193431242,Morning,8,662.0,0,0,13,3.9351000518876993,8.616322153426626,2,518.4808813972122,0,0
Reduced-Service,30,1193431242,Morning,9,663.6333333333333,0,0,29,3.6416257619908476,9.583351543028355,4,460.46188065040303,0,0
Reduced-Service,30,1193431242,Morning,10,668.0,0,0,319,4.489818474961836,13.338890325098475,25,530.7060340457286,1,0
Reduced-Service,30,1193431242,Evening,6,1188.9,2,0,124,3.7424740716829077,7.890889435539767,10,934.19593645905,2,2
Reduced-Service,30,1193431242,Evening,7,1192.4166666666667,0,0,21,4.637832900067717,11.845036258335767,2,937.1012105434579,0,0
Reduced-Service,30,1193431242,Evening,8,1193.0,1,0,18,4.3588328188583,12.916854858460434,2,904.2846505892046,1,1
Reduced-Service,30,1193431242,Evening,9,1194.1,0,0,24,3.9337553237077665,12.855392660318515,2,945.1772094742238,0,0
Reduced-Service,30,1193431242,Evening,10,1197.0,1,0,85,4.667415685132583,14.653587760724323,10,921.9152708889711,1,1
Combined,1,479243620,Morning,6,653.8,6,0,159,4.795062490981271,16.21964428138244,13,516.4728782499084,6,6
Combined,1,479243620,Morning,7,660.85,0,0,30,5.41228074471262,13.191251119587198,5,521.6725452680404,0,0
Combined,1,479243620,Morning,8,662.0,0,0,17,6.733909946085549,16.52332387081726,4,582.6331595632741,0,0
Combined,1,479243620,Morning,9,663.6333333333333,0,0,40,4.599255897975856,14.63892390457695,3,410.0030346065896,2,0
Combined,1,479243620,Morning,10,668.0,0,0,446,5.10220475221455,15.861043287617406,39,468.85637584684997,2,0
Combined,1,479243620,Evening,6,1188.9,1,0,176,3.962220863356039,8.866066399309148,13,1052.4938760712814,1,1
Combined,1,479243620,Evening,7,1192.4166666666667,1,0,27,3.879687143679849,8.820060961916862,5,999.3554686378237,1,1
Combined,1,479243620,Evening,8,1193.0,1,0,26,3.6976799488699963,7.849106588792949,3,1092.7942488244912,1,1
Combined,1,479243620,Evening,9,1194.1,0,0,33,4.216190604661106,11.235089362412145,3,1017.0175578992605,0,0
Combined,1,479243620,Evening,10,1197.0,1,0,119,4.612681390722054,15.51456760979215,14,921.9096504855238,1,1
Combined,2,454024514,Morning,6,653.8,2,0,163,4.6834339584596725,13.396390288057308,12,581.9153191089111,2,2
Combined,2,454024514,Morning,7,660.85,0,0,30,4.581737147516731,15.156475224817667,3,518.9790498825719,2,0
Combined,2,454024514,Morning,8,662.0,0,0,17,4.007370166066738,13.29343206862195,2,455.24638078225735,0,0
Combined,2,454024514,Morning,9,663.6333333333333,0,0,40,4.973185805030471,14.091133646881262,3,386.1179623024111,1,0
Combined,2,454024514,Morning,10,668.0,0,0,446,4.472602607326848,12.441563331461126,31,530.3653428406591,2,0
Combined,2,454024514,Evening,6,1188.9,1,0,176,4.373512584919312,10.569027784683726,11,935.4295665198407,1,1
Combined,2,454024514,Evening,7,1192.4166666666667,0,0,28,4.05675331276629,8.234877773151368,4,911.7227710952142,0,0
Combined,2,454024514,Evening,8,1193.0,0,0,27,4.345008695032027,12.113204257205165,3,914.6942788622974,0,0
Combined,2,454024514,Evening,9,1194.1,1,0,32,3.9975761918506336,8.968687616419581,4,944.0542588414941,1,1
Combined,2,454024514,Evening,10,1197.0,0,0,120,4.668295292020137,13.233209694733025,14,921.0863561681197,0,0
Combined,3,1818751028,Morning,6,653.8,2,0,163,4.236662867248046,12.092817317495339,11,642.2363974145715,2,2
Combined,3,1818751028,Morning,7,660.85,0,0,30,4.921506560676303,11.497684549895775,4,519.3780915491124,0,0
Combined,3,1818751028,Morning,8,662.0,0,0,17,5.074119659926613,10.945414310910996,2,456.9287570700136,0,0
Combined,3,1818751028,Morning,9,663.6333333333333,0,0,40,5.181070074980324,11.72024323278814,4,369.2500354147872,0,0
Combined,3,1818751028,Morning,10,668.0,0,0,446,4.772152985828512,14.958158490769733,27,411.78060975851054,1,0
Combined,3,1818751028,Evening,6,1188.9,3,0,174,3.7611566162051058,9.385290398160668,10,1113.2653202694185,3,3
Combined,3,1818751028,Evening,7,1192.4166666666667,1,0,27,4.43740237063757,10.712439994047633,2,912.1476586166135,1,1
Combined,3,1818751028,Evening,8,1193.0,2,0,25,3.770661296508615,6.113152342764964,4,913.3976761747017,2,2
Combined,3,1818751028,Evening,9,1194.1,0,0,33,5.58490434391684,15.881259753820265,4,904.4866612065165,0,0
Combined,3,1818751028,Evening,10,1197.0,1,0,119,4.456378637192145,12.805477707125098,10,919.4344520425628,1,1
Combined,4,2288458700,Morning,6,653.8,1,0,164,4.266124994674116,10.116596183898356,10,514.0409203204553,1,1
Combined,4,2288458700,Morning,7,660.85,0,0,30,4.341882022913074,13.538580688567075,3,474.59513943491584,0,0
Combined,4,2288458700,Morning,8,662.0,0,0,17,5.043063312839131,11.989771798071432,2,460.934861147923,1,0
Combined,4,2288458700,Morning,9,663.6333333333333,0,0,40,5.193926590573159,11.490932815899043,4,462.2719436041358,1,0
Combined,4,2288458700,Morning,10,668.0,0,0,446,4.9511785537701725,14.917396438356036,31,413.174111382775,4,0
Combined,4,2288458700,Evening,6,1188.9,1,0,176,4.198124977163752,9.68720352277748,11,932.9659405647783,1,1
Combined,4,2288458700,Evening,7,1192.4166666666667,0,0,28,5.2289444854668465,13.439169415451339,3,960.6405176560627,0,0
Combined,4,2288458700,Evening,8,1193.0,0,0,27,5.122175959749564,11.807915899653128,3,906.3471421080544,0,0
Combined,4,2288458700,Evening,9,1194.1,0,0,33,4.278683384807988,12.653304513192591,3,1060.4965228073893,0,0
Combined,4,2288458700,Evening,10,1197.0,1,0,119,4.502858228780167,11.607703414560326,14,920.2797790866983,1,1
Combined,5,2115331525,Morning,6,653.8,2,0,163,4.691850358075466,14.30684328103082,14,517.2002357047672,2,2
Combined,5,2115331525,Morning,7,660.85,0,0,30,4.444838333299898,13.231413354236938,6,589.3970879107433,1,0
Combined,5,2115331525,Morning,8,662.0,0,0,17,5.631195459572797,13.88230757214956,3,457.6272159572837,0,0
Combined,5,2115331525,Morning,9,663.6333333333333,0,0,40,4.927841539516145,13.681924848250754,5,409.89892923299806,0,0
Combined,5,2115331525,Morning,10,668.0,0,0,446,4.944476973389971,14.710677492400464,30,530.5152503804585,3,0
Combined,5,2115331525,Evening,6,1188.9,1,0,176,3.862083369654385,9.758549478443513,14,935.0564942099043,1,1
Combined,5,2115331525,Evening,7,1192.4166666666667,1,0,27,2.2579007533508704,4.873586817330795,3,1019.8411249749172,1,1
Combined,5,2115331525,Evening,8,1193.0,0,0,27,3.7787420333520796,8.097064543409896,2,910.3517549654134,0,0
Combined,5,2115331525,Evening,9,1194.1,0,0,33,3.164805242768566,9.469992924891262,3,915.8504663575422,0,0
Combined,5,2115331525,Evening,10,1197.0,1,0,119,4.8198769692701715,12.916885282566142,12,921.7682685636365,1,1
Combined,6,2666256175,Morning,6,653.8,3,0,162,4.471404858685535,14.743866666496864,15,517.4957034443427,3,3
Combined,6,2666256175,Morning,7,660.85,0,0,30,5.1720445651648905,13.900926623488497,3,648.6830718815597,0,0
Combined,6,2666256175,Morning,8,662.0,0,0,17,8.041355375230818,16.6987961097122,3,433.6091317269326,0,0
Combined,6,2666256175,Morning,9,663.6333333333333,0,0,40,4.859269007614719,12.540429725463182,3,524.9523062802728,0,0
Combined,6,2666256175,Morning,10,668.0,0,0,446,5.213424315077599,16.25348156060113,37,468.85822235729745,1,0
Combined,6,2666256175,Evening,6,1188.9,6,0,171,3.7062937135046736,7.405306923121714,11,932.5809066861954,6,6
Combined,6,2666256175,Evening,7,1192.4166666666667,0,0,28,4.154640434742796,10.338645232182943,3,914.8198063309546,0,0
Combined,6,2666256175,Evening,8,1193.0,1,0,26,3.79269534182659,7.762360977869207,3,915.1503882493125,1,1
Combined,6,2666256175,Evening,9,1194.1,0,0,33,3.494490705538965,9.774134846159928,3,916.6251868882605,0,0
Combined,6,2666256175,Evening,10,1197.0,2,0,118,5.3040099720701575,13.601110630358784,17,918.705788489525,2,2
Combined,7,975381835,Morning,6,653.8,3,0,162,4.792728619355715,15.251220449491154,15,582.9895795510872,3,3
Combined,7,975381835,Morning,7,660.85,0,0,30,4.358332250205184,11.862281367334578,3,471.8299459331669,0,0
Combined,7,975381835,Morning,8,662.0,0,0,17,5.869729746331429,12.170575181190607,3,456.85784082824887,0,0
Combined,7,975381835,Morning,9,663.6333333333333,0,0,40,5.022544211140328,14.788377886233114,4,531.4991851342721,1,0
Combined,7,975381835,Morning,10,668.0,0,0,446,4.7679555644483385,14.34468602450923,32,530.8841234786493,2,0
Combined,7,975381835,Evening,6,1188.9,0,0,177,3.7556920941710215,9.490423536119533,11,1114.4640837657303,0,0
Combined,7,975381835,Evening,7,1192.4166666666667,0,0,28,4.378006876666246,8.872952643601044,2,917.8980712960375,0,0
Combined,7,975381835,Evening,8,1193.0,0,0,27,3.6070814934921724,8.410575638381724,3,1122.5746012044153,0,0
Combined,7,975381835,Evening,9,1194.1,1,0,32,4.832622330696566,11.959788053987426,4,914.8934295278387,1,1
Combined,7,975381835,Evening,10,1197.0,0,0,120,5.549569558540138,16.637328331052952,14,919.2739490802596,0,0
Combined,8,2535166222,Morning,6,653.8,1,0,164,4.446867583637524,10.584595677470757,13,516.3594819919564,1,1
Combined,8,2535166222,Morning,7,660.85,0,0,30,3.88552726615748,10.04031426040789,3,486.99452421533977,0,0
Combined,8,2535166222,Morning,8,662.0,0,0,17,4.556981514806667,11.445115797231095,2,523.7027288404864,0,0
Combined,8,2535166222,Morning,9,663.6333333333333,0,0,40,4.525660877845129,11.273968501363441,3,416.4370806307257,1,0
Combined,8,2535166222,Morning,10,668.0,0,0,446,5.051845746004575,15.285487242816984,29,413.86917221740117,0,0
Combined,8,2535166222,Evening,6,1188.9,2,0,175,4.208747209484565,9.862039081138004,12,1114.9182842154103,2,2
Combined,8,2535166222,Evening,7,1192.4166666666667,1,0,27,4.7283968565703,11.703359769284564,4,995.8623481238578,1,1
Combined,8,2535166222,Evening,8,1193.0,0,0,27,2.9963172118024626,7.693676760706373,2,911.0672663894537,0,0
Combined,8,2535166222,Evening,9,1194.1,0,0,33,4.950163589924053,13.312391006933762,3,909.1050284901097,0,0
Combined,8,2535166222,Evening,10,1197.0,0,0,120,5.338941190638034,14.212715628961982,17,921.201299935863,0,0
Combined,9,1079577930,Morning,6,653.8,4,0,161,4.437262870525386,12.186225415977674,12,517.3266785752334,4,4
Combined,9,1079577930,Morning,7,660.85,0,0,30,4.6921950702854,14.017465586910177,3,429.9715207964934,1,0
Combined,9,1079577930,Morning,8,662.0,0,0,17,5.0127935899647245,11.612718243630091,3,439.30372522882857,0,0
Combined,9,1079577930,Morning,9,663.6333333333333,0,0,40,4.973815017007306,10.712655952852858,4,443.401538129169,0,0
Combined,9,1079577930,Morning,10,668.0,0,0,446,4.870664013053881,14.168254703611012,37,468.97785213530403,0,0
Combined,9,1079577930,Evening,6,1188.9,5,0,172,4.12047352557502,9.767722153133361,10,934.21871655861,5,5
Combined,9,1079577930,Evening,7,1192.4166666666667,0,0,28,5.2201321849165,13.531054355755304,4,908.3489476381735,0,0
Combined,9,1079577930,Evening,8,1193.0,0,0,27,4.540707213450345,12.828586779685075,2,904.254352938287,0,0
Combined,9,1079577930,Evening,9,1194.1,0,0,33,4.970562400773457,10.755083601596352,3,911.2604599884323,0,0
Combined,9,1079577930,Evening,10,1197.0,2,0,118,4.4649998304821334,11.409513795830946,12,920.257792489613,2,2
Combined,10,3715024065,Morning,6,653.8,3,0,162,4.198068734714565,11.565412580787319,11,515.4100659869415,3,3
Combined,10,3715024065,Morning,7,660.85,0,0,30,4.672409810300032,13.202172010811534,3,422.9741525235252,1,0
Combined,10,3715024065,Morning,8,662.0,0,0,17,5.140264325162197,15.020090210932446,3,495.5592894093103,0,0
Combined,10,3715024065,Morning,9,663.6333333333333,0,0,40,4.5838035320881305,15.372291082169863,4,405.6563999440839,0,0
Combined,10,3715024065,Morning,10,668.0,0,0,446,4.784620192414873,14.979143246654502,30,413.9618036623876,1,0
Combined,10,3715024065,Evening,6,1188.9,1,0,176,4.052799493443383,9.847676364524716,10,934.4578352322268,1,1
Combined,10,3715024065,Evening,7,1192.4166666666667,0,0,28,4.058363168537369,9.395893787609577,4,914.5154740822164,0,0
Combined,10,3715024065,Evening,8,1193.0,0,0,27,3.6809837393495477,6.434525118333579,3,962.6383228295102,0,0
Combined,10,3715024065,Evening,9,1194.1,0,0,33,4.576115644175044,12.369053156458834,6,945.2722581132218,0,0
Combined,10,3715024065,Evening,10,1197.0,0,0,120,4.971115169816561,15.218702685510696,11,918.9403863029911,0,0
Combined,11,2056590929,Morning,6,653.8,4,0,161,4.631652395644577,11.764225238956442,14,516.4058753633717,4,4
Combined,11,2056590929,Morning,7,660.85,0,0,30,4.434034446999633,10.200781241329278,3,485.0546762813711,1,0
Combined,11,2056590929,Morning,8,662.0,0,0,17,5.855099595168296,14.349029046393998,2,429.50569017084,0,0
Combined,11,2056590929,Morning,9,663.6333333333333,0,0,40,5.693131681019651,12.975937288726488,4,408.4439840110961,0,0
Combined,11,2056590929,Morning,10,668.0,0,0,446,4.721077246309391,13.229512834866327,37,530.8206144888826,0,0
Combined,11,2056590929,Evening,6,1188.9,2,0,175,4.345518461232083,9.912901619166552,13,935.3498618578409,2,2
Combined,11,2056590929,Evening,7,1192.4166666666667,0,0,28,4.102801153234152,6.772353492639029,2,925.5951199651979,0,0
Combined,11,2056590929,Evening,8,1193.0,0,0,27,3.878742663326336,9.456254306153708,3,935.6866372295542,0,0
Combined,11,2056590929,Evening,9,1194.1,1,0,32,3.1582003509455987,8.619506767325781,3,1051.5759441849034,1,1
Combined,11,2056590929,Evening,10,1197.0,0,0,120,4.332868020412173,11.165986182156331,16,921.5061420470801,0,0
Combined,12,3339987600,Morning,6,653.8,2,0,163,4.586241398314755,12.457434908352832,14,641.9679788473493,2,2
Combined,12,3339987600,Morning,7,660.85,0,0,30,5.381119893666584,13.059615287888567,4,455.7121881600178,0,0
Combined,12,3339987600,Morning,8,662.0,0,0,17,4.8797556792717485,12.127829529432482,2,458.37258955120745,2,0
Combined,12,3339987600,Morning,9,663.6333333333333,0,0,40,5.151835743217558,14.862942589936793,4,372.90077287912453,0,0
Combined,12,3339987600,Morning,10,668.0,0,0,446,4.950725706013883,15.377955730195993,29,468.91301860692715,0,0
Combined,12,3339987600,Evening,6,1188.9,3,0,174,4.113724766793712,11.79416357389963,16,935.6111938422664,3,3
Combined,12,3339987600,Evening,7,1192.4166666666667,0,0,28,4.670836704669654,9.323225712723925,3,962.4305020836149,0,0
Combined,12,3339987600,Evening,8,1193.0,1,0,26,4.362037936923352,7.860453398017341,2,950.5072457741076,1,1
Combined,12,3339987600,Evening,9,1194.1,1,0,32,3.2892113695481164,8.799673283690497,3,959.3597697829875,1,1
Combined,12,3339987600,Evening,10,1197.0,0,0,120,5.295398739613563,15.02355819570523,12,915.3572745698926,0,0
Combined,13,1788010607,Morning,6,653.8,2,0,163,4.57309238116697,14.000194356504167,16,581.0201096419756,2,2
Combined,13,1788010607,Morning,7,660.85,0,0,30,5.141455839641693,14.263919149134201,3,521.7871855482557,1,0
Combined,13,1788010607,Morning,8,662.0,0,0,17,4.408510382282754,9.06061229180343,2,520.6587219815242,1,0
Combined,13,1788010607,Morning,9,663.6333333333333,0,0,40,5.3748348208870365,13.402726045414843,3,407.57408575076596,0,0
Combined,13,1788010607,Morning,10,668.0,0,0,446,5.256203906157597,15.90731856088749,35,529.9848858446994,2,0
Combined,13,1788010607,Evening,6,1188.9,5,0,172,3.7387636295890676,8.201342159321586,10,933.5386735237073,5,5
Combined,13,1788010607,Evening,7,1192.4166666666667,0,0,28,3.0433342085844037,5.164093039138384,2,914.2419960400291,0,0
Combined,13,1788010607,Evening,8,1193.0,0,0,27,3.976891120222974,13.510737062606585,2,914.4733775775019,0,0
Combined,13,1788010607,Evening,9,1194.1,0,0,33,3.478469050491316,7.6039671501573585,3,950.6830532622445,0,0
Combined,13,1788010607,Evening,10,1197.0,0,0,120,5.888981050311715,16.607607108200288,16,916.0871804784629,0,0
Combined,14,2859898362,Morning,6,653.8,2,0,163,4.312949147606019,12.125229717845759,9,529.5748230583122,2,2
Combined,14,2859898362,Morning,7,660.85,0,0,30,4.2136584940772135,10.306309941690339,3,479.918733983283,0,0
Combined,14,2859898362,Morning,8,662.0,0,0,17,5.111587587518864,13.569157073628634,2,426.96448468902696,0,0
Combined,14,2859898362,Morning,9,663.6333333333333,0,0,40,4.382033436837608,13.543182151341659,3,372.86088071964355,0,0
Combined,14,2859898362,Morning,10,668.0,0,0,446,5.090687888330896,14.241641923873829,43,468.7354038106937,1,0
Combined,14,2859898362,Evening,6,1188.9,4,0,173,3.970821498787169,10.05723426958571,10,948.6618371180954,4,4
Combined,14,2859898362,Evening,7,1192.4166666666667,0,0,28,4.318962838665884,10.711224474445151,3,913.6581679559879,0,0
Combined,14,2859898362,Evening,8,1193.0,0,0,27,3.7087764760471678,8.851854000533205,3,1059.2655816611693,0,0
Combined,14,2859898362,Evening,9,1194.1,0,0,33,4.562212223995609,13.500713319899704,3,1041.5938855480813,0,0
Combined,14,2859898362,Evening,10,1197.0,0,0,120,4.5637825938688,12.987262246994636,16,921.7159117301767,0,0
Combined,15,1908601667,Morning,6,653.8,1,0,164,4.453338312596328,13.299930876957118,13,581.5941777580585,1,1
Combined,15,1908601667,Morning,7,660.85,0,0,30,5.150318857152247,17.52704731352591,3,529.5135295928401,0,0
Combined,15,1908601667,Morning,8,662.0,0,0,17,6.76696549638974,15.295498034469798,3,452.85242976050995,0,0
Combined,15,1908601667,Morning,9,663.6333333333333,0,0,40,5.166261863223859,13.62501238558411,4,460.71011354666297,0,0
Combined,15,1908601667,Morning,10,668.0,0,0,446,4.8672876689507465,13.746362003974056,43,468.9598741698974,0,0
Combined,15,1908601667,Evening,6,1188.9,4,0,173,4.018406973823219,9.79997176397956,13,934.7835087531396,4,4
Combined,15,1908601667,Evening,7,1192.4166666666667,0,0,28,3.773243283066498,11.008226973229473,4,1024.306848371711,0,0
Combined,15,1908601667,Evening,8,1193.0,2,0,25,4.1398448305398965,9.357898791233668,2,912.1758212415807,2,2
Combined,15,1908601667,Evening,9,1194.1,0,0,33,4.059582956921118,9.28677463047504,3,1098.1650007084081,0,0
Combined,15,1908601667,Evening,10,1197.0,0,0,120,4.8322997784064174,13.026726253139882,11,921.6986991047385,0,0
Combined,16,726301638,Morning,6,653.8,1,0,164,4.427118617160876,13.158195221837827,12,643.6059620086376,1,1
Combined,16,726301638,Morning,7,660.85,0,0,30,4.609567588495387,15.970719450555496,2,407.8231029708374,0,0
Combined,16,726301638,Morning,8,662.0,0,0,17,5.050541672477336,11.368786971400219,2,622.639413791691,0,0
Combined,16,726301638,Morning,9,663.6333333333333,0,0,40,6.512149744011086,14.395013125619172,5,463.7781978780273,1,0
Combined,16,726301638,Morning,10,668.0,0,0,446,5.014747434076844,14.845493011187187,30,411.88453723887636,0,0
Combined,16,726301638,Evening,6,1188.9,4,0,173,4.135346815720588,9.865859640014014,8,1022.2142129280031,4,4
Combined,16,726301638,Evening,7,1192.4166666666667,0,0,28,4.230471362376343,9.684569955501672,4,999.757538714284,0,0
Combined,16,726301638,Evening,8,1193.0,0,0,27,3.186897855137183,7.991892999983428,4,1020.8994865137983,0,0
Combined,16,726301638,Evening,9,1194.1,1,0,32,4.186077256656599,14.167120199356416,4,916.785253868134,1,1
Combined,16,726301638,Evening,10,1197.0,0,0,120,5.419919005915884,15.400009928035285,14,918.6626473462792,0,0
Combined,17,2584016318,Morning,6,653.8,2,0,163,4.632142227962799,13.673033705952433,12,583.5768795379092,2,2
Combined,17,2584016318,Morning,7,660.85,0,0,30,4.2540226975656195,13.56226176496509,3,437.32908153015154,0,0
Combined,17,2584016318,Morning,8,662.0,0,0,17,4.347448597936387,10.896696760479351,2,454.76622052123923,0,0
Combined,17,2584016318,Morning,9,663.6333333333333,0,0,40,5.447553000629507,15.234959293000893,5,587.0073575580113,1,0
Combined,17,2584016318,Morning,10,668.0,0,0,446,4.833247852473183,14.429282602188437,32,468.2591237975947,2,0
Combined,17,2584016318,Evening,6,1188.9,1,0,176,4.035190736445789,12.03810120522337,10,1112.8374947884374,1,1
Combined,17,2584016318,Evening,7,1192.4166666666667,1,0,27,2.804575562659436,7.687903542850813,3,913.0736320862794,1,1
Combined,17,2584016318,Evening,8,1193.0,2,0,25,4.664797766222014,11.677526325376741,3,913.8705517166552,2,2
Combined,17,2584016318,Evening,9,1194.1,0,0,33,4.0628584322689605,11.581114390981632,3,964.2027651665318,0,0
Combined,17,2584016318,Evening,10,1197.0,0,0,120,5.432499848132305,15.53300015804844,14,921.3081963473908,0,0
Combined,18,4074852312,Morning,6,653.8,2,0,163,4.590796393125465,13.077480837556246,15,579.1475544059483,2,2
Combined,18,4074852312,Morning,7,660.85,0,0,30,4.074585425694071,12.592024035566045,4,429.0417672350284,0,0
Combined,18,4074852312,Morning,8,662.0,0,0,17,6.520181304367668,14.86082354209318,2,434.1707649731724,0,0
Combined,18,4074852312,Morning,9,663.6333333333333,0,0,40,5.328155836586198,11.35472766166046,5,523.920555708558,0,0
Combined,18,4074852312,Morning,10,668.0,0,0,446,4.753312701667708,14.037820962214298,34,468.80684120818006,1,0
Combined,18,4074852312,Evening,6,1188.9,5,0,172,3.642117295668504,9.17628886918592,9,948.7569200739279,5,5
Combined,18,4074852312,Evening,7,1192.4166666666667,0,0,28,3.9270196292527464,9.212730380269141,3,913.3512114703263,0,0
Combined,18,4074852312,Evening,8,1193.0,1,0,26,3.2146740918032957,7.898206296448649,3,1004.170137082604,1,1
Combined,18,4074852312,Evening,9,1194.1,0,0,33,4.0180143611066175,10.246174897315903,3,916.7198520179531,0,0
Combined,18,4074852312,Evening,10,1197.0,0,0,120,5.213423905639198,14.278501196579827,18,919.4008801582,0,0
Combined,19,3205241267,Morning,6,653.8,2,0,163,4.314560933787568,11.427462370993918,15,517.3205669581201,2,2
Combined,19,3205241267,Morning,7,660.85,0,0,30,4.291085681088437,14.112101939124393,3,588.8582548112986,0,0
Combined,19,3205241267,Morning,8,662.0,0,0,17,3.7117485622061928,10.043383471035527,2,479.8173457729125,0,0
Combined,19,3205241267,Morning,9,663.6333333333333,0,0,40,5.384200272346144,19.230255313043433,3,374.02095463814953,1,0
Combined,19,3205241267,Morning,10,668.0,0,0,446,4.523464893026646,15.02134718536611,26,377.0814873028585,0,0
Combined,19,3205241267,Evening,6,1188.9,1,0,176,4.0388907998951105,9.90425424263725,9,906.3770089180823,1,1
Combined,19,3205241267,Evening,7,1192.4166666666667,0,0,28,4.431607718525186,10.387157454362436,5,940.9839642092343,0,0
Combined,19,3205241267,Evening,8,1193.0,0,0,27,3.3930479665999616,8.065584517143154,4,964.7216120188288,0,0
Combined,19,3205241267,Evening,9,1194.1,0,0,33,4.7916758225546525,15.53294906289568,4,903.6340507662335,0,0
Combined,19,3205241267,Evening,10,1197.0,1,0,119,4.812641884077917,13.477101749991196,13,921.3115886682207,1,1
Combined,20,1304481603,Morning,6,653.8,1,0,164,5.068339907547058,14.514841053826219,14,517.2168367471021,1,1
Combined,20,1304481603,Morning,7,660.85,0,0,30,5.314665318038697,12.825604143062495,3,585.8537837700951,0,0
Combined,20,1304481603,Morning,8,662.0,0,0,17,4.147063497132234,7.823923186025262,3,560.9718017939737,0,0
Combined,20,1304481603,Morning,9,663.6333333333333,0,0,40,5.453427734047149,17.22247371916281,4,370.7018749418745,0,0
Combined,20,1304481603,Morning,10,668.0,0,0,446,4.992851431078999,13.9163409546058,34,413.6305507954128,2,0
Combined,20,1304481603,Evening,6,1188.9,6,0,171,4.117127807150057,10.395556882610265,12,935.7267344285216,6,6
Combined,20,1304481603,Evening,7,1192.4166666666667,1,0,27,3.7516750590288277,7.698624262166436,4,926.8676545699084,1,1
Combined,20,1304481603,Evening,8,1193.0,0,0,27,5.563303770454787,13.500922903934201,3,906.2035939348328,0,0
Combined,20,1304481603,Evening,9,1194.1,0,0,33,5.433447964619514,13.671561361087647,6,912.1422889233033,0,0
Combined,20,1304481603,Evening,10,1197.0,0,0,120,4.974850249302359,16.055720595083738,15,921.2454765197515,0,0
Combined,21,2726751603,Morning,6,653.8,2,0,163,4.944206146154512,13.644225599770394,13,516.4245497484126,2,2
Combined,21,2726751603,Morning,7,660.85,0,0,30,3.7100606313604034,7.997984052733214,4,535.7205962683679,1,0
Combined,21,2726751603,Morning,8,662.0,0,0,17,5.3905706958090605,11.728157241351298,2,458.02175940123266,0,0
Combined,21,2726751603,Morning,9,663.6333333333333,0,0,40,5.686402845074802,14.220018565591252,4,454.3613938452091,1,0
Combined,21,2726751603,Morning,10,668.0,0,0,446,4.942248479569832,14.869218706244098,38,468.5692721005735,0,0
Combined,21,2726751603,Evening,6,1188.9,4,0,173,3.8556002407051655,9.079261171087959,11,963.7934863731672,4,4
Combined,21,2726751603,Evening,7,1192.4166666666667,1,0,27,3.5972377382423493,11.118008588589971,4,942.7822106389284,1,1
Combined,21,2726751603,Evening,8,1193.0,0,0,27,3.9093268679798627,7.6134862182480445,2,919.2059957277015,0,0
Combined,21,2726751603,Evening,9,1194.1,0,0,33,4.919118031352916,13.658671127570821,3,942.9961063671535,0,0
Combined,21,2726751603,Evening,10,1197.0,0,0,120,4.531937152529489,15.4373451457478,16,921.8643214543299,0,0
Combined,22,2114242019,Morning,6,653.8,1,0,164,4.898670195600466,15.35021753780237,13,514.5838037295623,1,1
Combined,22,2114242019,Morning,7,660.85,0,0,30,4.264728045971429,8.879668747008742,2,421.7385858623615,0,0
Combined,22,2114242019,Morning,8,662.0,0,0,17,6.1089503859116325,13.341562717641642,3,461.10210636178755,0,0
Combined,22,2114242019,Morning,9,663.6333333333333,0,0,40,4.687536221343907,13.497984316195328,3,455.079932542351,0,0
Combined,22,2114242019,Morning,10,668.0,0,0,446,4.848073508640527,13.108452986501035,29,413.8270387318293,1,0
Combined,22,2114242019,Evening,6,1188.9,1,0,176,3.9054362224817796,8.90184585850875,11,906.6400823056327,1,1
Combined,22,2114242019,Evening,7,1192.4166666666667,0,0,28,3.9516757528673616,10.760998511754405,4,998.7744412942667,0,0
Combined,22,2114242019,Evening,8,1193.0,0,0,27,4.615388880019901,11.86563983376943,3,1056.779850166437,0,0
Combined,22,2114242019,Evening,9,1194.1,0,0,33,4.2890919763466195,9.218538886299505,4,1001.3835730568284,0,0
Combined,22,2114242019,Evening,10,1197.0,1,0,119,4.3589988886013975,11.117332569451936,13,921.9342662042144,1,1
Combined,23,1147627710,Morning,6,653.8,6,0,159,4.254684871854091,12.103642994564938,17,583.3547404189299,6,6
Combined,23,1147627710,Morning,7,660.85,0,0,30,4.918648722558438,13.439746153677442,3,459.0965280705525,0,0
Combined,23,1147627710,Morning,8,662.0,0,0,17,4.521595702268177,8.897524231671309,2,469.44170295957684,1,0
Combined,23,1147627710,Morning,9,663.6333333333333,0,0,40,4.883495046366174,14.38653763865173,3,408.31812302370594,0,0
Combined,23,1147627710,Morning,10,668.0,0,0,446,5.1032572152014515,15.07132740813671,33,468.652783676016,0,0
Combined,23,1147627710,Evening,6,1188.9,0,0,177,4.206726930837139,11.047860646185015,14,934.1344839192707,0,0
Combined,23,1147627710,Evening,7,1192.4166666666667,0,0,28,5.010534617022098,12.074551778963587,4,940.2847186352117,0,0
Combined,23,1147627710,Evening,8,1193.0,0,0,27,5.010711126040342,12.833922686405161,3,1100.7670370993935,0,0
Combined,23,1147627710,Evening,9,1194.1,0,0,33,4.527217612188066,11.738540652562957,4,1121.300427693572,0,0
Combined,23,1147627710,Evening,10,1197.0,0,0,120,5.064604227833246,15.433637838842776,15,949.7707853071217,0,0
Combined,24,2483435858,Morning,6,653.8,3,0,162,4.863170026892675,15.287807799210471,19,516.7296005293803,3,3
Combined,24,2483435858,Morning,7,660.85,0,0,30,3.812279969376207,10.186011431335967,2,423.47174029959496,1,0
Combined,24,2483435858,Morning,8,662.0,0,0,17,5.054377613444073,11.434629350475483,3,583.6023782776258,1,0
Combined,24,2483435858,Morning,9,663.6333333333333,0,0,40,5.559032170325,14.697005884038395,3,450.6164883092484,0,0
Combined,24,2483435858,Morning,10,668.0,0,0,446,4.765141954305033,14.536873061507706,32,413.69384614292323,0,0
Combined,24,2483435858,Evening,6,1188.9,4,0,173,3.725931185105054,9.40469969741639,13,1053.0712073089128,4,4
Combined,24,2483435858,Evening,7,1192.4166666666667,1,0,27,3.7141481759054984,9.497307658434565,2,919.1930417608589,1,1
Combined,24,2483435858,Evening,8,1193.0,1,0,26,3.926053724769719,6.863258960674102,2,911.3186726470783,1,1
Combined,24,2483435858,Evening,9,1194.1,1,0,32,4.612568793627222,10.962136634521656,4,1051.4534245701464,1,1
Combined,24,2483435858,Evening,10,1197.0,1,0,119,4.700200351046765,15.279858634636588,13,921.9306723309172,1,1
Combined,25,3210783261,Morning,6,653.8,5,0,160,4.348827341697946,13.421776003116156,12,642.7561109628737,5,5
Combined,25,3210783261,Morning,7,660.85,0,0,30,3.6435920770424084,8.349371975074625,3,470.3531134866302,0,0
Combined,25,3210783261,Morning,8,662.0,0,0,17,4.616551781654069,13.247113431249884,2,471.7006323724718,0,0
Combined,25,3210783261,Morning,9,663.6333333333333,0,0,40,4.672074265354583,13.181349804535772,5,457.9311657155264,0,0
Combined,25,3210783261,Morning,10,668.0,0,0,446,4.887156819521424,15.44098581268777,29,596.9892826768717,1,0
Combined,25,3210783261,Evening,6,1188.9,4,0,173,3.9404955356994336,8.680476727913494,10,934.7138451101123,4,4
Combined,25,3210783261,Evening,7,1192.4166666666667,0,0,28,4.587585528504503,11.465168298905029,3,913.4386913176425,0,0
Combined,25,3210783261,Evening,8,1193.0,0,0,27,4.151965293317217,10.636299165353122,3,1062.9213536002342,0,0
Combined,25,3210783261,Evening,9,1194.1,0,0,33,5.318931564313964,10.109456201961436,4,941.2922093378801,0,0
Combined,25,3210783261,Evening,10,1197.0,0,0,120,4.663068757621168,12.566885603960255,14,920.0666538951292,0,0
Combined,26,1843101495,Morning,6,653.8,4,0,161,4.925905481432265,14.28873453022618,13,517.0681682361029,4,4
Combined,26,1843101495,Morning,7,660.85,0,0,30,5.095202594883608,11.391287193661157,3,453.81137660381495,1,0
Combined,26,1843101495,Morning,8,662.0,0,0,17,5.542193371304486,11.854356098772652,3,581.9972247514761,1,0
Combined,26,1843101495,Morning,9,663.6333333333333,0,0,40,5.153848946100695,14.083269152919732,5,410.3429635311956,0,0
Combined,26,1843101495,Morning,10,668.0,0,0,446,4.73616159547298,14.449095348965471,34,468.99708929758793,4,0
Combined,26,1843101495,Evening,6,1188.9,2,0,175,3.7746779039403524,9.410160359727993,12,934.9234633092009,2,2
Combined,26,1843101495,Evening,7,1192.4166666666667,1,0,27,3.460818713807591,5.532410827852596,3,946.091506426108,1,1
Combined,26,1843101495,Evening,8,1193.0,0,0,27,4.5813617357299945,12.701804897816313,3,950.7231876431042,0,0
Combined,26,1843101495,Evening,9,1194.1,0,0,33,4.430301329912533,9.856638038062554,3,943.0770386279585,0,0
Combined,26,1843101495,Evening,10,1197.0,0,0,120,4.329179111800429,11.843587064903918,13,918.3938680593884,0,0
Combined,27,1807795135,Morning,6,653.8,2,0,163,4.600087844274706,15.678260206472311,12,582.0103374567416,2,2
Combined,27,1807795135,Morning,7,660.85,0,0,30,3.3290845290685693,9.46823308016002,4,495.54531653633427,0,0
Combined,27,1807795135,Morning,8,662.0,0,0,17,3.582288154918976,8.377107960109326,3,424.2936358302737,1,0
Combined,27,1807795135,Morning,9,663.6333333333333,0,0,40,4.379115451771275,13.733481591119515,5,424.30203871677446,0,0
Combined,27,1807795135,Morning,10,668.0,0,0,446,4.941979656452311,14.329451576113911,28,413.52064309819946,1,0
Combined,27,1807795135,Evening,6,1188.9,2,0,175,4.2204067297568875,10.313754775086336,14,935.540664878295,2,2
Combined,27,1807795135,Evening,7,1192.4166666666667,0,0,28,4.966134789332301,12.595693264952054,2,914.4466643723244,0,0
Combined,27,1807795135,Evening,8,1193.0,0,0,27,4.889491874323699,12.012208635773877,2,907.2276311482966,0,0
Combined,27,1807795135,Evening,9,1194.1,1,0,32,5.1133249848946285,14.237274021518342,3,941.319280860816,1,1
Combined,27,1807795135,Evening,10,1197.0,0,0,120,4.88671181585087,15.649372740606173,11,921.5361515887429,0,0
Combined,28,650419918,Morning,6,653.8,4,0,161,4.511466904848271,13.062033262808598,12,581.2803584783876,4,4
Combined,28,650419918,Morning,7,660.85,0,0,30,4.77801593365092,14.27694448491729,4,523.5983041817789,0,0
Combined,28,650419918,Morning,8,662.0,0,0,17,4.588998930277793,15.784881798093894,2,498.56237455798976,1,0
Combined,28,650419918,Morning,9,663.6333333333333,0,0,40,4.796123579172489,13.481193704806238,4,461.88708124751327,0,0
Combined,28,650419918,Morning,10,668.0,0,0,446,5.218207633146911,15.595281942063451,35,530.0414906521704,2,0
Combined,28,650419918,Evening,6,1188.9,5,0,172,3.8728379351070967,10.462317172591575,14,935.0663084585715,5,5
Combined,28,650419918,Evening,7,1192.4166666666667,0,0,28,4.66498103965945,12.251331286156004,3,967.9003841256346,0,0
Combined,28,650419918,Evening,8,1193.0,1,0,26,5.188476504924631,9.81531950439637,5,1058.2614728144572,1,1
Combined,28,650419918,Evening,9,1194.1,1,0,32,4.721974475025892,9.733789041296,3,912.8960255813292,1,1
Combined,28,650419918,Evening,10,1197.0,0,0,120,5.135091005425642,13.87970157541008,13,921.8924757476092,0,0
Combined,29,982532350,Morning,6,653.8,3,0,162,4.798846270414946,14.915615212559503,14,581.7050535072399,3,3
Combined,29,982532350,Morning,7,660.85,0,0,30,5.758311103906264,14.811483285130201,3,491.3407026563468,0,0
Combined,29,982532350,Morning,8,662.0,0,0,17,3.8940639966847526,9.608402028749554,2,484.7933108407723,0,0
Combined,29,982532350,Morning,9,663.6333333333333,0,0,40,4.471734842409143,10.467652167271076,4,463.9456965686691,1,0
Combined,29,982532350,Morning,10,668.0,0,0,446,4.778528338373808,14.986059057414394,32,413.594079603292,0,0
Combined,29,982532350,Evening,6,1188.9,3,0,174,4.2070662368201015,11.5406062749895,13,934.1937869486998,3,3
Combined,29,982532350,Evening,7,1192.4166666666667,1,0,27,4.215288184314516,11.580736934799024,3,914.0160807418855,1,1
Combined,29,982532350,Evening,8,1193.0,0,0,27,3.972447092889141,11.436512663533174,3,939.5636971562167,0,0
Combined,29,982532350,Evening,9,1194.1,0,0,33,4.9812296146533335,13.734895980276264,4,1066.3792123791736,0,0
Combined,29,982532350,Evening,10,1197.0,0,0,120,5.041874761237433,16.580047228481135,17,918.2505741249493,0,0
Combined,30,1193431242,Morning,6,653.8,10,0,155,4.792193318381233,13.204858772841972,13,515.6434371610004,10,10
Combined,30,1193431242,Morning,7,660.85,0,0,30,4.091743225316647,10.604344678545058,3,458.34182631975546,0,0
Combined,30,1193431242,Morning,8,662.0,0,0,17,4.263558409098995,8.943909216014138,2,518.4808813972122,0,0
Combined,30,1193431242,Morning,9,663.6333333333333,0,0,40,3.7262722632059466,9.96349568300078,5,460.46188065040303,0,0
Combined,30,1193431242,Morning,10,668.0,0,0,446,4.52000393013014,13.179484681257065,31,530.7060340457286,2,0
Combined,30,1193431242,Evening,6,1188.9,3,0,174,3.824982494328662,8.694453075109495,14,934.19593645905,3,3
Combined,30,1193431242,Evening,7,1192.4166666666667,0,0,28,4.245029761067035,11.442409343165165,4,941.7734661145715,0,0
Combined,30,1193431242,Evening,8,1193.0,1,0,26,4.355621785031474,13.866830754332426,3,904.2846505892046,1,1
Combined,30,1193431242,Evening,9,1194.1,1,0,32,3.9878406311083836,12.398740064857526,4,1073.8531692895774,1,1
Combined,30,1193431242,Evening,10,1197.0,1,0,119,4.772703248992702,13.490074094148442,15,921.9152708889711,1,1
